timestamp,gyro_angle_around_y,gyro_angle_around_x,accel_angle_around_y,accel_angle_around_x,dt,gyro_dps_x,gyro_dps_y,gyro_dps_z,accel_ms2_x,accel_ms2_y,accel_ms2_z,gyro_raw_x,gyro_raw_y,gyro_raw_z,accel_raw_x,accel_raw_y,accel_raw_z
2026-02-06T06:55:22.019152,-7.526019147334207e-05,-3.7630095736671036e-05,0.19840160947298896,7.565865050479671,0.002464771270751953,-0.015267175572519083,0.030534351145038167,-0.015267175572519083,0.0335302734375,1.28612548828125,9.68306396484375,-1,2,-1,56,2148,16172
2026-02-06T06:55:22.119284,-0.007720397628900659,0.08100082674099289,0.1804306944012348,7.238635249583523,0.10015130043029785,0.8091603053435115,0.07633587786259542,0.10687022900763359,0.0305364990234375,1.2316387939453126,9.696835327148438,53,5,7,51,2057,16195
2026-02-06T06:55:22.219246,-0.006194249364255949,0.17409587088432021,0.19466615688835043,7.596729903302376,0.09996271133422852,0.9312977099236641,-0.015267175572519083,0.1984732824427481,0.032931518554687504,1.2927117919921876,9.69264404296875,61,-1,13,55,2159,16188
2026-02-06T06:55:22.319246,-0.007720819866384259,0.24584468448435076,0.2155161908443073,7.3054030267136465,0.0999903678894043,0.7175572519083969,0.015267175572519083,0.183206106870229,0.036524047851562505,1.2448114013671876,9.710007934570314,47,1,12,61,2079,16217
2026-02-06T06:55:22.419740,-0.015390108559877817,0.23357382257476106,0.1984875234944694,7.910157070784358,0.10046768188476562,-0.12213740458015267,0.07633587786259542,0.061068702290076333,0.0335302734375,1.3448034667968751,9.678872680664062,-8,5,4,56,2246,16165
2026-02-06T06:55:22.519276,-0.0184291846879566,0.21837844193436715,0.23713833133556508,7.530646490528748,0.09952974319458008,-0.15267175572519084,0.030534351145038167,0.10687022900763359,0.0401165771484375,1.28133544921875,9.69264404296875,-10,2,7,67,2140,16188
2026-02-06T06:55:22.619292,-0.0184291846879566,0.265712508718476,0.21269139267828768,7.93546607173377,0.10001230239868164,0.4732824427480916,0.0,0.0916030534351145,0.03592529296875,1.3489947509765625,9.677675170898437,31,0,6,60,2253,16163
2026-02-06T06:55:22.719275,-0.0169025668661103,0.22296720970677963,0.2442924568847624,7.578177131930057,0.09999346733093262,-0.42748091603053434,-0.015267175572519083,0.0916030534351145,0.0413140869140625,1.2891192626953125,9.689650268554688,-28,-1,6,69,2153,16183
2026-02-06T06:55:22.819284,-0.013848981784500239,0.190904566349874,0.16640264881302072,7.60948509218615,0.10000491142272949,-0.32061068702290074,-0.030534351145038167,-0.24427480916030533,0.028141479492187503,1.294508056640625,9.689650268554688,-21,-2,-16,47,2162,16183
2026-02-06T06:55:22.919277,-0.01995578794988967,0.19243126789122134,0.16980670317134383,7.589545384534592,0.09999895095825195,0.015267175572519083,0.061068702290076333,0.0,0.028740234375,1.292113037109375,9.69743408203125,1,4,0,48,2158,16196
2026-02-06T06:55:23.019287,-0.01842907548860739,0.19090455542993906,0.1453035148115906,7.641298323914375,0.09999966621398926,-0.015267175572519083,-0.015267175572519083,0.15267175572519084,0.024548950195312502,1.2986993408203125,9.680070190429689,-1,-1,10,41,2169,16167
2026-02-06T06:55:23.119268,-0.015375883524654474,0.23517583890725635,0.22342261782157863,7.510535269299838,0.09999203681945801,0.44274809160305345,-0.030534351145038167,0.12213740458015267,0.037721557617187505,1.275347900390625,9.673483886718751,29,-2,8,63,2130,16156
2026-02-06T06:55:23.219284,-0.01842961420539681,0.26571314571467974,0.20893973709648644,7.67396148503056,0.10000967979431152,0.3053435114503817,0.030534351145038167,0.04580152671755725,0.035326538085937505,1.30528564453125,9.687255249023439,20,2,3,59,2180,16179
2026-02-06T06:55:23.319266,-0.016903007303485432,0.24128743528409768,0.2302303179934795,7.668409938973576,0.09999275207519531,-0.24427480916030533,-0.015267175572519083,0.183206106870229,0.0389190673828125,1.304088134765625,9.685458984375,-16,-1,12,65,2178,16176
2026-02-06T06:55:23.419278,-0.016903007303485432,0.2580816727558165,0.23684571580221123,7.344191107889673,0.10000205039978027,0.16793893129770993,0.0,0.061068702290076333,0.0401165771484375,1.2507989501953125,9.704619140625,11,0,4,67,2089,16208
2026-02-06T06:55:23.519271,-0.026063282071179104,0.48403511702559376,0.09202427640126704,7.780959899447536,0.09999966621398926,2.2595419847328246,0.0916030534351145,0.2748091603053435,0.015567626953125,1.32444580078125,9.69264404296875,148,6,18,26,2212,16188
2026-02-06T06:55:23.619285,-0.038276428484734684,0.35579707968326013,0.17723211077050563,7.98017872338789,0.09999513626098633,-1.282442748091603,0.12213740458015267,0.0916030534351145,0.029937744140625,1.3567785644531252,9.67827392578125,-84,8,6,50,2266,16164
2026-02-06T06:55:23.719307,-0.038276428484734684,0.21990185293532508,0.18064262321485416,7.581418374567463,0.10001277923583984,-1.3587786259541985,0.0,0.13740458015267176,0.0305364990234375,1.2891192626953125,9.685458984375,-89,0,9,51,2153,16176
2026-02-06T06:55:23.819279,-0.038276428484734684,0.15578619760411383,0.2232844139646869,7.443226094843395,0.0999898910522461,-0.6412213740458015,0.0,-0.22900763358778625,0.037721557617187505,1.2645703125,9.679471435546876,-42,0,-15,63,2112,16166
2026-02-06T06:55:23.919266,-0.03522306908177965,0.11303916596274335,0.15924300162368493,7.5188329583882085,0.09999752044677734,-0.42748091603053434,-0.030534351145038167,-0.732824427480916,0.026943969726562503,1.2795391845703126,9.694440307617189,-28,-2,-48,45,2137,16191
2026-02-06T06:55:24.019290,-0.03216939664069022,0.02753633761223942,0.1840708195072176,7.479374731933471,0.10000777244567871,-0.8549618320610687,-0.030534351145038167,0.10687022900763359,0.03113525390625,1.2723541259765625,9.691446533203125,-56,-2,7,52,2125,16186
2026-02-06T06:55:24.119267,-0.03064273149912593,0.042802989027882314,0.21241541156773044,7.229566600343904,0.09999656677246094,0.15267175572519084,-0.015267175572519083,0.10687022900763359,0.03592529296875,1.2292437744140625,9.6902490234375,10,-1,7,60,2053,16184
2026-02-06T06:55:24.219285,-0.026062561355474332,0.03516937212179631,0.1768055225838951,7.109783318891479,0.10000038146972656,-0.07633587786259542,-0.04580152671755725,0.33587786259541985,0.029937744140625,1.2100836181640626,9.701625366210939,-5,-3,22,50,2021,16203
2026-02-06T06:55:24.319266,-0.03369605086231959,-0.10376013690278736,0.205271542012822,7.359678571508072,0.09999871253967285,-1.3893129770992367,0.07633587786259542,0.04580152671755725,0.034727783203125,1.2519964599609377,9.693242797851562,-91,5,3,58,2091,16189
2026-02-06T06:55:24.419388,-0.021474983855968206,-0.23666424059685864,0.09537513057899803,6.869237202026548,0.10005998611450195,-1.3282442748091603,-0.12213740458015267,0.5954198473282443,0.0161663818359375,1.169967041015625,9.71180419921875,-87,-8,39,27,1954,16220
2026-02-06T06:55:24.519280,-0.010793678633129316,-0.24734554581969753,0.16605377674387575,6.6091658440640515,0.09994649887084961,-0.10687022900763359,-0.10687022900763359,0.916030534351145,0.028141479492187503,1.1250604248046876,9.710007934570314,-7,-7,60,47,1879,16217
2026-02-06T06:55:24.619281,-0.013846957956561597,-0.056515588105179926,0.20850157708421213,6.666569337330934,0.09999489784240723,1.9083969465648856,0.030534351145038167,-0.5038167938931297,0.035326538085937505,1.1346405029296875,9.707612915039062,125,2,-33,59,1895,16213
2026-02-06T06:55:24.719364,-0.018430513280038606,0.10849240353999243,0.19488285223860277,7.218323346775371,0.10007429122924805,1.6488549618320612,0.04580152671755725,-0.2900763358778626,0.032931518554687504,1.22625,9.681866455078126,108,3,-19,55,2048,16170
2026-02-06T06:55:24.819282,-0.024532849552067172,0.1115435716760067,0.1522313841858555,7.030880306374219,0.09992575645446777,0.030534351145038167,0.061068702290076333,0.030534351145038167,0.025746459960937502,1.1951147460937501,9.6902490234375,2,4,2,43,1996,16184
2026-02-06T06:55:24.919263,-0.023006195330437802,0.36649482668811123,0.1484618023281847,6.957459856470228,0.09999585151672363,2.549618320610687,-0.015267175572519083,-0.7175572519083969,0.025147705078125002,1.184337158203125,9.705217895507813,167,-1,-47,42,1978,16209
2026-02-06T06:55:25.019287,-0.0260596420928722,0.4840525270418356,0.1205031319517122,7.554709207197529,0.10000038146972656,1.1755725190839694,0.030534351145038167,-0.3969465648854962,0.020357666015625,1.28373046875,9.679471435546876,77,2,-26,34,2144,16166
2026-02-06T06:55:25.119257,-0.01689943284478805,0.4626787054629726,0.12387109510006927,7.425809680715899,0.09999895095825195,-0.21374045801526717,-0.0916030534351145,0.3511450381679389,0.0209564208984375,1.2633728027343751,9.693242797851562,-14,-6,23,35,2110,16189
2026-02-06T06:55:25.219286,-0.01995305432618118,0.5084830276838695,0.14860849399675702,7.441391289923021,0.100006103515625,0.4580152671755725,0.030534351145038167,0.16793893129770993,0.025147705078125002,1.2663665771484376,9.695637817382813,30,2,11,42,2115,16193
2026-02-06T06:55:25.319267,-0.01995305432618118,0.4916889904109576,0.15928235225845677,7.545021186861665,0.10000085830688477,-0.16793893129770993,0.0,0.4122137404580153,0.026943969726562503,1.28373046875,9.692045288085938,-11,0,27,45,2144,16187
2026-02-06T06:55:25.419284,-0.023006508368572192,0.5405442550892138,0.17713348473758203,7.328547478985458,0.10000061988830566,0.48854961832061067,0.030534351145038167,0.15267175572519084,0.029937744140625,1.24541015625,9.683662719726563,32,2,10,50,2080,16173
2026-02-06T06:55:25.522014,-0.026128648801614297,0.6248420467813506,0.21255988371857298,7.488801102983132,0.1022500991821289,0.8244274809160306,0.030534351145038167,-0.061068702290076333,0.03592529296875,1.272952880859375,9.683662719726563,54,2,-4,60,2126,16173
2026-02-06T06:55:25.622181,-0.018487715539131443,0.5652427673339844,0.12755207810196603,7.56632749637383,0.10009622573852539,-0.5954198473282443,-0.07633587786259542,-0.07633587786259542,0.02155517578125,1.28612548828125,9.682465209960938,-39,-5,-5,36,2148,16171
2026-02-06T06:55:25.721976,-0.016959703605593603,0.5621867434669087,0.1841163193348043,7.289681472358652,0.10008478164672852,-0.030534351145038167,-0.015267175572519083,0.13740458015267176,0.03113525390625,1.239422607421875,9.689051513671876,-2,-1,9,52,2070,16182
2026-02-06T06:55:25.821098,-0.013933542120547681,0.6317884576229649,0.19122129828681209,7.2870887023575195,0.0991067886352539,0.7022900763358778,-0.030534351145038167,0.10687022900763359,0.032332763671875,1.2388238525390625,9.687854003906251,46,-2,7,54,2069,16180
2026-02-06T06:55:25.922584,-0.01856780962179634,0.6858549118041992,0.11342876448644723,7.62528927590661,0.1011815071105957,0.5343511450381679,0.04580152671755725,-0.48854961832061067,0.01916015625,1.29570556640625,9.67827392578125,35,3,-32,32,2164,16164
2026-02-06T06:55:26.021396,-0.01856780962179634,0.6404972149215582,0.17368749049229779,7.478985497451207,0.09903097152709961,-0.4580152671755725,0.0,-0.12213740458015267,0.0293389892578125,1.270557861328125,9.67827392578125,-30,0,-8,49,2122,16164
2026-02-06T06:55:26.122588,-0.01856780962179634,0.621997403734513,0.12735519050989538,7.443506663796933,0.10097813606262207,-0.183206106870229,0.0,0.1984732824427481,0.02155517578125,1.2669653320312502,9.69743408203125,-12,0,13,36,2116,16196
2026-02-06T06:55:26.221424,-0.015544072362302812,0.7127095215193189,0.14521369414497476,7.549631447059682,0.09902739524841309,0.916030534351145,-0.030534351145038167,0.4580152671755725,0.024548950195312502,1.28373046875,9.686057739257812,60,-2,30,41,2144,16177
2026-02-06T06:55:26.322594,-0.017085392056530656,0.7204161199904581,0.19103239250222728,7.3634917202124575,0.10095643997192383,0.07633587786259542,0.015267175572519083,0.15267175572519084,0.032332763671875,1.2531939697265626,9.69743408203125,5,1,10,54,2093,16196
2026-02-06T06:55:26.421401,-0.023133507211699728,0.753680753343888,0.1417420066287807,7.595107589582681,0.09903788566589355,0.33587786259541985,0.061068702290076333,-0.32061068702290074,0.023950195312500002,1.29091552734375,9.681267700195313,22,4,-21,40,2156,16169
2026-02-06T06:55:26.522503,-0.02467344735414926,0.7429011723467412,0.17000614116570836,7.483488697944994,0.10086607933044434,-0.10687022900763359,0.015267175572519083,0.0916030534351145,0.028740234375,1.2723541259765625,9.686057739257812,-7,1,6,48,2125,16177
2026-02-06T06:55:26.621382,-0.02164647779391921,0.7444146571268563,0.13831823337112154,7.577219270551073,0.09913325309753418,0.015267175572519083,-0.030534351145038167,0.015267175572519083,0.023351440429687502,1.2867242431640626,9.672885131835939,1,-2,1,39,2149,16155
2026-02-06T06:55:26.721828,-0.02164647779391921,0.7903881291396746,0.0992195078681929,7.455796565418089,0.10037541389465332,0.4580152671755725,0.0,-0.44274809160305345,0.01676513671875,1.2669653320312502,9.681267700195313,30,0,-29,28,2116,16169
2026-02-06T06:55:26.821376,-0.033813760480807926,0.883163659627201,0.20912069164969455,7.220532487454663,0.09961962699890137,0.9312977099236641,0.12213740458015267,-0.030534351145038167,0.035326538085937505,1.22625,9.678872680664062,61,8,-2,59,2048,16165
2026-02-06T06:55:26.922435,-0.056909750436098513,1.0817891732427,0.1346965856529078,7.781932350930561,0.10085248947143555,1.9694656488549618,0.22900763358778625,-0.16793893129770993,0.022752685546875002,1.3226495361328126,9.67827392578125,129,15,-11,38,2209,16164
2026-02-06T06:55:27.020985,-0.04182163995640878,1.256811254807101,0.1703853112939421,8.231456188020285,0.09882712364196777,1.7709923664122138,-0.15267175572519084,-1.1297709923664123,0.028740234375,1.3980926513671876,9.664502563476564,116,-10,-74,48,2335,16141
2026-02-06T06:55:27.122530,-0.027911073378934198,1.1609829072733873,0.1632050733404739,7.8238968036613725,0.10123801231384277,-0.9465648854961832,-0.13740458015267176,0.030534351145038167,0.027542724609375003,1.3286370849609375,9.669292602539063,-62,-9,2,46,2219,16149
2026-02-06T06:55:27.221378,-0.023372803025573256,1.1791359886868311,0.13453012978255974,7.480288557883474,0.09908556938171387,0.183206106870229,-0.04580152671755725,0.5343511450381679,0.022752685546875002,1.2723541259765625,9.6902490234375,12,-3,35,38,2125,16184
2026-02-06T06:55:27.322941,-0.0187394855586627,1.1636915971304627,0.07089742036801618,7.796326947271247,0.10116076469421387,-0.15267175572519084,-0.04580152671755725,0.015267175572519083,0.011975097656250001,1.3250445556640627,9.677675170898437,-10,-3,1,20,2213,16163
2026-02-06T06:55:27.419376,-0.0217057621206036,1.197803777592783,0.13467159101763143,7.60300022658912,0.09714555740356445,0.3511450381679389,0.030534351145038167,0.07633587786259542,0.022752685546875002,1.292113037109375,9.680070190429689,23,2,5,38,2158,16167
2026-02-06T06:55:27.519280,-0.02628328964000439,1.284776800461398,0.11683606891126884,7.557302628078439,0.09994268417358398,0.8702290076335878,0.04580152671755725,0.2900763358778626,0.0197589111328125,1.2855267333984375,9.689650268554688,57,3,19,33,2147,16183
2026-02-06T06:55:27.619281,-0.011016419825663086,1.2939369223500028,0.1849851100499695,8.649367199824864,0.09999799728393555,0.0916030534351145,-0.15267175572519084,-0.732824427480916,0.03113525390625,1.466949462890625,9.643546142578126,6,-10,-48,52,2450,16106
2026-02-06T06:55:27.719264,0.20423977247631275,0.9367032415084258,-0.4860792410080533,6.907989550099804,0.09999489784240723,-3.572519083969466,-2.1526717557251906,-0.6870229007633588,-0.08322692871093751,1.1885284423828126,9.81,-234,-141,-45,-139,1985,16384
2026-02-06T06:55:27.819286,1.6149893535002497,1.6252833941510616,-0.031454310346117925,7.31677980032609,0.10000443458557129,6.885496183206107,-14.106870229007633,-0.5038167938931297,-0.0053887939453125,1.2603790283203125,9.815987548828126,451,-924,-33,-9,2105,16394
2026-02-06T06:55:27.919258,2.9873696902326046,1.742828762258282,1.9263497887324803,8.949211763167533,0.0999898910522461,1.1755725190839694,-13.725190839694656,2.732824427480916,0.3239263916015625,1.5166461181640625,9.630972290039063,77,-899,179,541,2533,16085
2026-02-06T06:55:28.019292,4.925012617620803,1.4802010368754845,4.788909560345287,7.8256791087402116,0.10001230239868164,-2.6259541984732824,-19.374045801526716,4.793893129770993,0.8095166015625,1.328038330078125,9.662706298828125,-172,-1269,314,1352,2218,16138
2026-02-06T06:55:28.119262,6.877459045584875,1.4786744954931828,6.582079639333315,7.775798624003936,0.09998846054077148,-0.015267175572519083,-19.52671755725191,-0.16793893129770993,1.1130853271484376,1.3172607421875,9.646539916992188,-1,-1279,-11,1859,2200,16111
2026-02-06T06:55:28.219281,8.892954928274374,1.2832324705051104,8.534285363451467,7.716015573862734,0.10001134872436523,-1.9541984732824427,-20.15267175572519,-3.3435114503816794,1.4304254150390625,1.2915142822265626,9.532177734375,-128,-1320,-219,2389,2157,15920
2026-02-06T06:55:28.319271,10.953977439239736,1.19926488672504,10.318822365877045,8.181136123440364,0.09999775886535645,-0.8396946564885496,-20.610687022900763,0.5648854961832062,1.730401611328125,1.3663586425781251,9.504036254882813,-55,-1350,37,2890,2282,15873
2026-02-06T06:55:28.419289,12.921942645356857,1.2053718384895618,12.444264280411826,7.440600998898198,0.10000133514404297,0.061068702290076333,-19.6793893129771,-0.6412213740458015,2.0770806884765625,1.2292437744140625,9.4124267578125,4,-1289,-42,3469,2053,15720
2026-02-06T06:55:28.519270,14.129543410002732,0.858816372529241,13.458654706729908,8.0871166737649,0.09999728202819824,-3.4656488549618323,-12.076335877862595,-0.21374045801526717,2.2195843505859374,1.3178594970703126,9.274713134765625,-227,-791,-14,3707,2201,15490
2026-02-06T06:55:28.619289,14.812037573515916,0.7091867796337332,14.034529795537301,7.262120558938728,0.10000753402709961,-1.4961832061068703,-6.824427480916031,1.0687022900763359,2.3549029541015627,1.2005035400390625,9.420809326171875,-98,-447,70,3933,2005,15734
2026-02-06T06:55:28.719305,16.129643829724262,0.4908580488831033,15.600463346135614,6.751628651606222,0.10000371932983398,-2.183206106870229,-13.17557251908397,0.9923664122137404,2.6195526123046875,1.1106903076171875,9.381890258789063,-143,-863,65,4375,1855,15669
2026-02-06T06:55:28.819281,17.723413835045037,0.20538391957756225,17.43257982879965,7.073270240599581,0.09999227523803711,-2.854961832061069,-15.938931297709924,0.16793893129770993,2.89557861328125,1.1442205810546875,9.221423950195312,-187,-1044,11,4836,1911,15401
2026-02-06T06:55:28.919272,18.981385911694012,-0.10910909958468129,18.545055095575538,6.592612538483809,0.09999656677246094,-3.145038167938931,-12.580152671755725,-0.3816793893129771,3.071013793945313,1.0579998779296875,9.154363403320312,-206,-824,-25,5129,1767,15289
2026-02-06T06:55:29.019295,20.502103911101365,-0.3854644789950537,20.364588890153193,5.7320944383599315,0.1000070571899414,-2.763358778625954,-15.206106870229007,0.4732824427480916,3.400927734375,0.9196875,9.162147216796875,-181,-996,31,5680,1536,15302
2026-02-06T06:55:29.119272,22.274486072190847,0.03282381742055196,21.95317554303607,7.002856726850449,0.09999227523803711,4.183206106870229,-17.72519083969466,-7.587786259541985,3.60929443359375,1.0999127197265626,8.954379272460939,274,-1161,-497,6028,1837,14955
2026-02-06T06:55:29.219289,24.062283414010786,0.046564360611311514,23.231277588878818,7.313081428096246,0.10000061988830566,0.13740458015267176,-17.87786259541985,-0.9770992366412213,3.8050872802734377,1.13763427734375,8.864566040039064,9,-1171,-64,6355,1900,14805
2026-02-06T06:55:29.319264,25.309598573291577,-0.17633406442540278,24.886079458519593,7.595157688745766,0.09999895095825195,-2.2290076335877864,-12.473282442748092,1.3740458015267176,4.053570556640625,1.1651770019531251,8.738228759765626,-146,-817,90,6770,1946,14594
2026-02-06T06:55:29.419289,26.190547367998665,-1.008426080223258,24.892332029446465,7.16167113520897,0.10000371932983398,-8.320610687022901,-8.80916030534351,7.00763358778626,4.0619531250000005,1.0999127197265626,8.75379638671875,-545,-577,459,6784,1837,14620
2026-02-06T06:55:29.519270,26.83329024933677,-1.4404836465384214,26.375592139263038,4.937090850758904,0.09999918937683105,-4.320610687022901,-6.427480916030534,6.152671755725191,4.317022705078125,0.7520361328125,8.70589599609375,-283,-421,403,7210,1256,14540
2026-02-06T06:55:29.619285,27.61649560928345,-1.5122393032976689,27.18840718737888,4.5524772264644895,0.09999990463256836,-0.7175572519083969,-7.8320610687022905,10.687022900763358,4.4421624755859375,0.688568115234375,8.647816772460938,-47,-513,700,7419,1150,14443
2026-02-06T06:55:29.719418,29.086110431729384,-1.5015456403484782,29.190792613908812,3.9284278940361985,0.10006213188171387,0.10687022900763359,-14.687022900763358,7.862595419847328,4.74932373046875,0.5837860107421875,8.501121826171875,7,-962,515,7932,975,14198
2026-02-06T06:55:29.819282,30.563034367015344,-1.443567221401302,30.601612785319706,4.201636566688699,0.09993648529052734,0.5801526717557252,-14.778625954198473,-1.83206106870229,4.94571533203125,0.6143225097656251,8.362210693359376,38,-968,-120,8260,1026,13966
2026-02-06T06:55:29.919272,31.564471779888823,-1.6969797374637983,31.80546879082372,4.590965940871182,0.0999910831451416,-2.5343511450381677,-10.01526717557252,-1.4045801526717556,5.1097741699218755,0.6616241455078126,8.239465942382813,-166,-656,-92,8534,1105,13761
2026-02-06T06:55:30.019275,32.62102229358586,-2.104637233355573,31.527018390753458,3.9130122435674104,0.1000058650970459,-4.076335877862595,-10.564885496183207,-0.9770992366412213,5.096002807617188,0.5682183837890625,8.307125244140625,-267,-692,-64,8511,949,13874
2026-02-06T06:55:30.119258,33.56448560452643,-1.7321371558968346,33.376443401307206,3.9671148196525254,0.09999489784240723,3.7251908396946565,-9.435114503816793,1.5572519083969465,5.340893554687501,0.5622308349609375,8.10714111328125,244,-618,102,8920,939,13540
2026-02-06T06:55:30.219278,34.54315262350417,-1.8496993407038331,34.59008120619828,4.362585606519793,0.10000419616699219,-1.1755725190839694,-9.786259541984732,0.7022900763358778,5.509742431640626,0.609532470703125,7.98978515625,-77,-641,46,9202,1018,13344
2026-02-06T06:55:30.319256,35.529359493546814,-1.8481727046820953,35.55039077598988,4.12505694162842,0.09999465942382812,0.015267175572519083,-9.86259541984733,1.7709923664122138,5.654042358398438,0.5706134033203125,7.911947021484376,1,-646,116,9443,953,13214
2026-02-06T06:55:30.419552,36.66817854014972,-2.0316066450745094,36.96373716338702,4.1122862626834,0.10012435913085938,-1.83206106870229,-11.374045801526718,2.519083969465649,5.847440185546875,0.5586383056640625,7.770042114257813,-120,-745,165,9766,933,12977
2026-02-06T06:55:30.519294,38.574444279415914,-1.8714803229761487,38.98016675670277,3.5049144095403113,0.09988832473754883,1.6030534351145038,-19.083969465648856,1.633587786259542,6.122867431640626,0.46343627929687503,7.566465454101563,105,-1250,107,10226,774,12637
2026-02-06T06:55:30.619289,39.608023687173386,-2.007357084114133,39.54760380738408,3.8927298061291267,0.09999918937683105,-1.3587786259541985,-10.335877862595419,-1.7251908396946565,6.190526733398438,0.51013916015625,7.497009887695313,-89,-677,-113,10339,852,12521
2026-02-06T06:55:30.719264,39.951504507137614,-2.102005132282053,39.47262049957463,3.83962696039347,0.0999910831451416,-0.9465648854961832,-3.435114503816794,0.8702290076335878,6.164181518554688,0.5023553466796875,7.485034790039063,-62,-225,57,10295,839,12501
2026-02-06T06:55:30.819284,40.68895057867501,-2.1096391495857527,40.654084524329626,3.1857518715094004,0.1000056266784668,-0.07633587786259542,-7.374045801526718,0.0916030534351145,6.3372216796875005,0.41074584960937505,7.3796539306640625,-5,-483,6,10584,686,12325
2026-02-06T06:55:30.919260,41.41714380715639,-1.6211237761810533,41.821832169200896,4.040484498876273,0.09999299049377441,4.885496183206107,-7.282442748091603,0.549618320610687,6.477330322265625,0.511336669921875,7.2389465332031255,320,-477,36,10818,854,12090
2026-02-06T06:55:31.019283,41.98360004497848,-1.5310404391689152,42.65846589188826,4.583086690355798,0.10000777244567871,0.9007633587786259,-5.66412213740458,2.213740458015267,6.579717407226563,0.57240966796875,7.140750732421876,59,-371,145,10989,956,11926
2026-02-06T06:55:31.119263,42.50112965634761,-1.4150161015168399,42.69522186182605,3.966122004327194,0.09999465942382812,1.1603053435114503,-5.175572519083969,1.4198473282442747,6.589297485351563,0.49517028808593755,7.1419482421875005,76,-339,93,11005,827,11928
2026-02-06T06:55:31.219285,43.0431397161411,-1.3798999567978252,43.25341428490881,4.168228057289732,0.10000467300415039,0.3511450381679389,-5.419847328244275,1.465648854961832,6.6629443359375005,0.5161267089843751,7.0820727539062505,23,-355,96,11128,862,11828
2026-02-06T06:55:31.319259,43.714869175248474,-1.2440274071147421,43.660459724363015,4.096378441233062,0.09999608993530273,1.3587786259541985,-6.717557251908397,1.786259541984733,6.701863403320313,0.5029541015625,7.022796020507813,89,-440,117,11193,840,11729
2026-02-06T06:55:31.419281,44.40040229477045,-1.0882938253970544,45.094877010260475,4.238789930410832,0.1000053882598877,1.5572519083969465,-6.854961832061068,0.33587786259541985,6.881489868164063,0.5083428955078125,6.858737182617188,102,-449,22,11493,849,11455
2026-02-06T06:55:31.519268,44.70114528859845,-1.0913470537607903,45.52613786239095,4.30054020916322,0.09999322891235352,-0.030534351145038167,-3.0076335877862594,-0.8549618320610687,6.941964111328125,0.5125341796875,6.815626831054688,-2,-197,-56,11594,856,11383
2026-02-06T06:55:31.619289,44.95307206379548,-1.0211129224937379,45.11471110446221,4.433862231045333,0.10000729560852051,0.7022900763358778,-2.519083969465649,-0.2595419847328244,6.892267456054688,0.5322930908203125,6.864724731445313,46,-165,-17,11511,889,11465
2026-02-06T06:55:31.719267,45.22175487853188,-0.9432559704962575,45.95359332600242,4.741789754519061,0.09999275207519531,0.7786259541984732,-2.687022900763359,0.7786259541984732,6.985074462890625,0.5604345703125,6.7563500976562505,51,-176,51,11666,936,11284
2026-02-06T06:55:31.819289,45.36375132407851,-0.8424842994631699,46.14446379315682,4.484109045502912,0.10000824928283691,1.0076335877862594,-1.4198473282442747,-0.5954198473282443,7.00064208984375,0.5275030517578125,6.7264123535156255,66,-93,-39,11692,881,11234
2026-02-06T06:55:31.919265,45.30879439288423,-0.9035475563456992,46.31459077635687,4.60680285483259,0.0999910831451416,-0.6106870229007634,0.549618320610687,-0.3053435114503817,7.032974853515626,0.5412744140625,6.7174310302734375,-40,36,-20,11746,904,11219
2026-02-06T06:55:32.019273,45.250781117504786,-0.9966741299811208,45.615791855460664,4.326618743753047,0.09999656677246094,-0.9312977099236641,0.5801526717557252,0.0916030534351145,6.953939208984376,0.51492919921875,6.806046752929688,-61,38,6,11614,860,11367
2026-02-06T06:55:32.119266,45.22177171343155,-0.9905668870183345,45.818170423658295,4.626221909181306,0.100006103515625,0.061068702290076333,0.2900763358778626,-0.6564885496183206,6.974296875,0.5484594726562501,6.777905273437501,4,19,-43,11648,916,11320
2026-02-06T06:55:32.219282,45.130164379381945,-0.9737722091092406,45.77115157974832,4.574323459734579,0.10000467300415039,0.16793893129770993,0.916030534351145,-0.22900763358778625,6.965315551757813,0.542471923828125,6.78030029296875,11,60,-15,11633,906,11324
2026-02-06T06:55:32.319279,44.968317810815705,-1.0180509873018917,45.50168404989679,4.518071389620738,0.10000896453857422,-0.44274809160305345,1.618320610687023,-0.4732824427480916,6.9323840332031255,0.5382806396484375,6.812034301757813,-29,106,-31,11578,899,11377
2026-02-06T06:55:32.422484,44.92132747446307,-1.010219264576453,45.47882534883442,4.547531220014531,0.10259556770324707,0.07633587786259542,0.4580152671755725,-0.8091603053435115,6.935377807617188,0.542471923828125,6.820416870117188,5,30,-53,11583,906,11391
2026-02-06T06:55:32.521838,44.745061903509466,-1.0011020798719563,45.70750453609988,4.7833336968620275,0.09952926635742188,0.0916030534351145,1.7709923664122138,-0.7022900763358778,6.945556640625,0.5670208740234375,6.776109008789063,6,116,-46,11600,947,11317
2026-02-06T06:55:32.620971,44.31762278170985,-1.0374798774719236,45.1300696505958,5.0908837929144575,0.09928107261657715,-0.366412213740458,4.305343511450381,-0.16793893129770993,6.873107299804688,0.609532470703125,6.841972045898438,-24,282,-11,11479,1018,11427
2026-02-06T06:55:32.722618,44.008435016369994,-1.0328420609918256,44.38345700779112,4.289153328819019,0.10125899314880371,0.04580152671755725,3.053435114503817,-0.21374045801526717,6.797664184570313,0.520916748046875,6.945556640625,3,200,-14,11353,870,11600
2026-02-06T06:55:32.820693,43.91221309254187,-0.9215854615655561,44.30749408344987,4.516185015439901,0.09847712516784668,1.1297709923664123,0.9770992366412213,-0.12213740458015267,6.777905273437501,0.5484594726562501,6.943760375976563,74,64,-8,11320,916,11597
2026-02-06T06:55:32.921363,43.85231924785002,-0.8770490129485382,44.5880228049596,4.862105573481347,0.10059094429016113,0.44274809160305345,0.5954198473282443,0.12213740458015267,6.820416870117188,0.5885760498046876,6.91921142578125,29,39,8,11391,983,11556
2026-02-06T06:55:33.021373,43.86147939157849,-1.0175045501184825,44.18575435207712,4.5516021965282825,0.09999823570251465,-1.4045801526717556,-0.0916030534351145,-0.5801526717557252,6.769522705078125,0.5544470214843751,6.964716796875001,-92,-6,-38,11306,926,11632
2026-02-06T06:55:33.122507,43.92618500731373,-0.9620425937739945,44.46220341302051,4.973590503503685,0.10090994834899902,0.549618320610687,-0.6412213740458015,-0.4732824427480916,6.792874145507813,0.602347412109375,6.9216064453125,36,-42,-31,11345,1006,11560
2026-02-06T06:55:33.221373,43.94434075319129,-0.9060623773181709,44.66082811029824,4.645848113747558,0.09910011291503906,0.5648854961832062,-0.183206106870229,-0.2900763358778626,6.8371820068359375,0.5622308349609375,6.918612670898438,37,-12,-19,11419,939,11555
2026-02-06T06:55:33.322517,43.8796744273819,-0.9014433540460715,44.52327417347974,5.208712901770506,0.10084867477416992,0.04580152671755725,0.6412213740458015,-0.2900763358778626,6.815028076171876,0.6316864013671876,6.929390258789063,3,42,-19,11382,1055,11573
2026-02-06T06:55:33.421687,43.87057989062243,-0.8408131089829304,44.23077420174029,4.882734973971301,0.09928202629089355,0.6106870229007634,0.0916030534351145,-0.9923664122137404,6.77551025390625,0.5945635986328125,6.9599267578125,40,6,-65,11316,993,11624
2026-02-06T06:55:33.521452,43.92092368438953,-0.9216682929119078,44.34088292919531,4.978474840773303,0.09992480278015137,-0.8091603053435115,-0.5038167938931297,0.7175572519083969,6.791077880859375,0.6053411865234375,6.949149169921875,-53,-33,47,11342,1011,11606
2026-02-06T06:55:33.619311,43.959903586001786,-0.8332139007917794,44.59298082540462,5.049976676756552,0.09819936752319336,0.9007633587786259,-0.3969465648854962,-0.15267175572519084,6.820416870117188,0.6113287353515625,6.918013916015625,59,-26,-10,11391,1021,11554
2026-02-06T06:55:33.719328,43.89119235249875,-0.9233019624957598,44.655059678638985,5.223102780797153,0.10001301765441895,-0.9007633587786259,0.6870229007633588,-0.32061068702290074,6.821015625,0.631087646484375,6.903643798828125,-59,45,-21,11392,1054,11530
2026-02-06T06:55:33.819302,43.865242634110764,-0.889719973993665,44.0846823284124,4.785990314628902,0.09998273849487305,0.33587786259541985,0.2595419847328244,-0.07633587786259542,6.767127685546876,0.5849835205078125,6.9868707275390625,22,17,-5,11302,977,11669
2026-02-06T06:55:33.919270,43.95225694525332,-0.7187444854328646,44.39386324978005,4.904973280993907,0.0999901294708252,1.7099236641221374,-0.8702290076335878,-0.48854961832061067,6.803651733398437,0.59635986328125,6.949149169921875,112,-57,-32,11363,996,11606
2026-02-06T06:55:34.019302,43.96752541665811,-0.6042309498968921,44.633092378195165,5.144781910956967,0.10000848770141602,1.1450381679389312,-0.15267175572519084,-0.6717557251908397,6.82820068359375,0.622705078125,6.916217651367188,75,-10,-44,11404,1040,11551
2026-02-06T06:55:34.119266,43.791964785743296,-0.5645389811683242,44.60034981047917,5.39654851214692,0.09999322891235352,0.3969465648854962,1.7557251908396947,-0.5038167938931297,6.819219360351563,0.6532415771484376,6.915020141601563,26,115,-33,11389,1091,11549
2026-02-06T06:55:34.219277,43.70188681769916,-0.5095761532091908,44.067121961189585,5.271643304314054,0.10000181198120117,0.549618320610687,0.9007633587786259,-0.24427480916030533,6.746171264648438,0.643062744140625,6.9695068359375005,36,59,-16,11267,1074,11640
2026-02-06T06:55:34.319258,43.711047092466856,-0.576751501505611,44.28959275581966,5.870057467427127,0.09999966621398926,-0.6717557251908397,-0.0916030534351145,0.21374045801526717,6.771917724609375,0.7137158203125,6.941964111328125,-44,-6,14,11310,1192,11594
2026-02-06T06:55:34.419278,43.63623568483891,-0.7981321975475044,44.22847010931799,4.48996631059657,0.10000300407409668,-2.213740458015267,0.7480916030534351,0.5801526717557252,6.798861694335938,0.5484594726562501,6.984475708007813,-145,49,38,11355,916,11665
2026-02-06T06:55:34.519275,43.59959528464397,-0.6317237133288196,44.09133267073413,5.171383314581775,0.09999775886535645,1.6641221374045803,0.366412213740458,-0.3511450381679389,6.761738891601563,0.6316864013671876,6.979685668945313,109,24,-23,11293,1055,11657
2026-02-06T06:55:34.619276,43.60417538926801,-0.6134032948326513,44.06220268930221,5.221939541199947,0.09999895095825195,0.183206106870229,-0.04580152671755725,0.04580152671755725,6.746171264648438,0.6370751953125,6.970704345703125,12,-3,3,11267,1064,11642
2026-02-06T06:55:34.719464,43.54304515678463,-0.5247644577317561,44.00630027828295,5.417860918676784,0.10010075569152832,0.8854961832061069,0.6106870229007634,-0.12213740458015267,6.750362548828125,0.6628216552734375,6.9886669921875,58,40,-8,11274,1107,11672
2026-02-06T06:55:34.819286,43.61930925427501,-0.47443015338810296,43.78378074099895,5.2050139180701915,0.09990596771240234,0.5038167938931297,-0.7633587786259542,0.04580152671755725,6.721622314453126,0.6388714599609375,7.013215942382812,33,-50,3,11226,1067,11713
2026-02-06T06:55:34.919343,43.8498917535971,-0.4652679348719934,44.38775541096906,5.443132479670794,0.1000208854675293,0.0916030534351145,-2.3053435114503817,-0.04580152671755725,6.790479125976563,0.661025390625,6.937174072265625,6,-151,-3,11341,1104,11586
2026-02-06T06:55:35.019269,43.9445233272232,-0.3492679413948345,44.43555242956023,5.483747288249013,0.09997367858886719,1.1603053435114503,-0.9465648854961832,0.2595419847328244,6.800059204101563,0.6658154296875001,6.935377807617188,76,-62,17,11357,1112,11583
2026-02-06T06:55:35.119276,44.0819287591308,-0.2454505039535401,44.532972691846616,5.394500655042821,0.10000061988830566,1.0381679389312977,-1.3740458015267176,-0.8396946564885496,6.812034301757813,0.65384033203125,6.924001464843751,68,-90,-55,11377,1092,11564
2026-02-06T06:55:35.219275,44.15673481599064,-0.17522440975858916,44.860181397782426,5.823021777455436,0.09999585151672363,0.7022900763358778,-0.7480916030534351,-0.21374045801526717,6.853348388671876,0.7023394775390626,6.886878662109376,46,-49,-14,11446,1173,11502
2026-02-06T06:55:35.319347,44.09566471594889,-0.32637290736191094,44.39179802235336,6.099237486893367,0.10000228881835938,-1.5114503816793894,0.6106870229007634,0.3053435114503817,6.78030029296875,0.74006103515625,6.925797729492188,-99,40,20,11324,1236,11567
2026-02-06T06:55:35.419284,44.10024494069222,-0.3294263905241284,44.52830693550747,5.4050512391833765,0.10000157356262207,-0.030534351145038167,-0.04580152671755725,0.33587786259541985,6.8162255859375005,0.6556365966796875,6.929390258789063,-2,-3,22,11384,1095,11573
2026-02-06T06:55:35.519343,44.072745901937694,-0.32026004427261884,44.56819942511974,5.266791200913421,0.10006594657897949,0.0916030534351145,0.2748091603053435,0.6106870229007634,6.820416870117188,0.6382727050781251,6.924001464843751,6,18,40,11391,1066,11564
2026-02-06T06:55:35.619278,44.07122027782992,-0.3095806755182392,44.50496238214581,5.4861841784155,0.09992837905883789,0.10687022900763359,0.015267175572519083,-0.04580152671755725,6.801256713867188,0.664617919921875,6.919810180664063,7,1,-3,11359,1110,11557
2026-02-06T06:55:35.719335,44.10787089908395,-0.2423878698858591,44.61295660322014,5.40100080017433,0.10002565383911133,0.6717557251908397,-0.366412213740458,0.16793893129770993,6.822811889648438,0.65384033203125,6.915618896484375,44,-24,11,11395,1092,11550
2026-02-06T06:55:35.819279,44.14450369900418,-0.23170330324245722,44.700260231120396,5.489578365743272,0.09997701644897461,0.10687022900763359,-0.366412213740458,-0.3511450381679389,6.831194458007813,0.6634204101562501,6.903045043945313,7,-24,-23,11409,1108,11529
2026-02-06T06:55:35.919295,44.22085661196525,-0.26835270146377166,44.623141615103165,5.049976676756552,0.1000223159790039,-0.366412213740458,-0.7633587786259542,0.0916030534351145,6.827601928710938,0.6113287353515625,6.918013916015625,-24,-50,6,11403,1021,11554
2026-02-06T06:55:36.019276,44.23764668530179,-0.30651195904680745,44.872615199417965,5.639025891871781,0.09997725486755371,-0.3816793893129771,-0.16793893129770993,0.13740458015267176,6.85215087890625,0.6795867919921875,6.882687377929688,-25,-11,9,11444,1135,11495
2026-02-06T06:55:36.119331,44.15364446712813,-0.2561106281426112,44.695689187095,5.112538854615328,0.10003900527954102,0.5038167938931297,0.8396946564885496,-0.12213740458015267,6.84017578125,0.6185137939453126,6.913223876953126,33,55,-8,11424,1033,11546
2026-02-06T06:55:36.219278,44.083442149271484,-0.2439015293849329,44.43293144646988,5.3375866681266535,0.09996199607849121,0.12213740458015267,0.7022900763358778,-0.015267175572519083,6.798262939453125,0.647852783203125,6.9341802978515625,8,46,-1,11354,1082,11581
2026-02-06T06:55:36.319302,44.089550731746286,-0.2545915487158385,44.40311250950381,5.377570158623942,0.10002803802490234,-0.10687022900763359,-0.061068702290076333,0.2595419847328244,6.796466674804688,0.6532415771484376,6.9395690917968755,-7,-4,17,11351,1091,11590
2026-02-06T06:55:36.419291,44.11091869296008,-0.26527552932273296,44.71343627613031,5.2221490642127275,0.09997153282165527,-0.10687022900763359,-0.21374045801526717,0.5190839694656488,6.849157104492188,0.63228515625,6.918013916015625,-7,-14,34,11439,1056,11554
2026-02-06T06:55:36.519599,44.12316407502152,-0.3203797485992194,44.36612360624547,5.125428452971486,0.10025906562805176,-0.549618320610687,-0.12213740458015267,0.3969465648854962,6.797065429687501,0.6233038330078126,6.949149169921875,-36,-8,26,11352,1041,11606
2026-02-06T06:55:36.619384,44.21461372521087,-0.2990414968883714,44.633060408728014,5.312486917043656,0.09983253479003906,0.21374045801526717,-0.916030534351145,0.183206106870229,6.827601928710938,0.643062744140625,6.915618896484375,14,-60,12,11403,1074,11550
2026-02-06T06:55:36.719373,44.29087909669366,-0.25328227399869685,44.77550745457581,5.178746778836419,0.09990763664245605,0.4580152671755725,-0.7633587786259542,0.04580152671755725,6.8497558593750005,0.6256988525390625,6.903643798828125,30,-50,3,11440,1045,11530
2026-02-06T06:55:36.819275,44.23744339615333,-0.22427432227680658,44.785410068870604,5.334261884237572,0.10000109672546387,0.2900763358778626,0.5343511450381679,0.22900763358778625,6.848558349609375,0.6442602539062501,6.90005126953125,19,35,15,11438,1076,11524
2026-02-06T06:55:36.919254,44.080208509022945,-0.3006019373886454,44.750694378559636,5.040857298120152,0.09998917579650879,-0.7633587786259542,1.5725190839694656,-0.3053435114503817,6.850354614257813,0.609532470703125,6.910230102539063,-50,103,-20,11441,1018,11541
2026-02-06T06:55:37.019274,44.0237148954668,-0.15249705860632937,44.06759226021379,4.787599188098721,0.10000896453857422,1.4809160305343512,0.5648854961832062,-0.8549618320610687,6.767726440429688,0.585582275390625,6.991660766601563,97,37,-56,11303,978,11677
2026-02-06T06:55:37.119346,44.10011185216539,-0.008870780012989382,44.53033202749069,5.636489636181118,0.10008001327514648,1.4351145038167938,-0.7633587786259542,-0.1984732824427481,6.809639282226563,0.6831793212890626,6.922205200195313,94,-50,-13,11373,1141,11561
2026-02-06T06:55:37.219264,44.094009981810586,0.004858428285322507,44.80542260442705,5.654957102318539,0.09991812705993652,0.13740458015267176,0.061068702290076333,0.15267175572519084,6.852749633789063,0.6831793212890626,6.899452514648438,9,4,10,11445,1141,11523
2026-02-06T06:55:37.319258,44.06347631498147,-0.04857548866563132,44.466079868477706,5.480925467981298,0.09999775886535645,-0.5343511450381679,0.3053435114503817,0.32061068702290074,6.8108367919921875,0.6658154296875001,6.938970336914063,-35,20,21,11375,1112,11589
2026-02-06T06:55:37.419275,44.10317452991281,0.03082094119705355,44.52984003597587,5.465381769777371,0.10000896453857422,0.7938931297709924,-0.3969465648854962,-0.3511450381679389,6.802454223632813,0.6616241455078126,6.915020141601563,52,-26,-23,11361,1105,11549
2026-02-06T06:55:37.519257,44.13828422823025,-0.047030998550298166,44.657812961906544,5.691909197361292,0.09998631477355957,-0.7786259541984732,-0.3511450381679389,-0.24427480916030533,6.826404418945313,0.688568115234375,6.908433837890625,-51,-23,-16,11401,1150,11538
2026-02-06T06:55:37.619275,44.14897231109269,-0.09894454388218032,44.62268142364762,5.425336325719043,0.10000991821289062,-0.5190839694656488,-0.10687022900763359,0.10687022900763359,6.819219360351563,0.6562353515625,6.9096313476562505,-34,-7,7,11389,1096,11540
2026-02-06T06:55:37.719350,44.17340035110939,-0.1508541289176646,44.577815064704225,5.404987099643134,0.10000228881835938,-0.5190839694656488,-0.24427480916030533,0.4732824427480916,6.815626831054688,0.6544390869140625,6.916816406250001,-34,-16,31,11383,1093,11552
2026-02-06T06:55:37.819279,44.27416073092977,-0.057727111204889506,44.69016103773699,5.244171427996877,0.09999704360961914,0.9312977099236641,-1.0076335877862594,-0.12213740458015267,6.827601928710938,0.6334826660156251,6.901847534179688,61,-66,-8,11403,1058,11527
2026-02-06T06:55:37.919305,44.18405720659794,-0.12339578148062863,44.922603682749994,5.340068402656413,0.10003018379211426,-0.6564885496183206,0.9007633587786259,0.10687022900763359,6.861132202148438,0.643062744140625,6.8796936035156255,-43,59,7,11459,1074,11490
2026-02-06T06:55:38.019277,44.156584768804876,-0.23023303956475838,44.42415724599556,5.535303657088453,0.09996914863586426,-1.0687022900763359,0.2748091603053435,0.2748091603053435,6.782096557617188,0.67060546875,6.919810180664063,-70,18,18,11327,1120,11557
2026-02-06T06:55:38.119397,44.240583783797625,-0.2943777419228586,44.69026909700109,5.18322843802654,0.10003519058227539,-0.6412213740458015,-0.8396946564885496,0.15267175572519084,6.829996948242188,0.626297607421875,6.9042425537109375,-42,-55,10,11407,1046,11531
2026-02-06T06:55:38.219285,44.28637194451484,-0.2592734853729943,44.96004827317904,5.3739120023739435,0.09997081756591797,0.3511450381679389,-0.4580152671755725,-0.24427480916030533,6.864724731445313,0.6466552734375001,6.8743048095703125,23,-30,-16,11465,1080,11481
2026-02-06T06:55:38.319408,44.18095795798847,-0.3814926001861801,44.667571732859614,5.435875624849697,0.1000669002532959,-1.2213740458015268,1.0534351145038168,0.030534351145038167,6.822811889648438,0.6568341064453125,6.9024462890625005,-80,69,2,11395,1097,11528
2026-02-06T06:55:38.419275,44.209944954355244,-0.3952232826757063,44.62284590670028,5.0292705691337085,0.0999288558959961,-0.13740458015267176,-0.2900763358778626,-0.42748091603053434,6.822213134765625,0.6083349609375001,6.912625122070313,-9,-19,-28,11394,1016,11545
2026-02-06T06:55:38.519294,44.271026265530175,-0.532656232819302,44.672484820632604,5.206084049165263,0.1000206470489502,-1.3740458015267176,-0.6106870229007634,0.030534351145038167,6.821614379882813,0.628692626953125,6.90005126953125,-90,-40,2,11393,1050,11524
2026-02-06T06:55:38.622491,44.32897885883126,-0.6125368343964783,44.67311242199501,4.96481554039613,0.10259175300598145,-0.7786259541984732,-0.5648854961832062,-0.3511450381679389,6.834786987304688,0.6005511474609375,6.913223876953126,-51,-37,-23,11415,1003,11546
2026-02-06T06:55:38.722041,44.38678935829918,-0.6064515186630128,44.93012713279331,5.160268631540516,0.09964704513549805,0.061068702290076333,-0.5801526717557252,0.22900763358778625,6.865323486328125,0.621507568359375,6.882088623046875,4,-38,15,11466,1038,11494
2026-02-06T06:55:38.819286,44.45394482867407,-0.4139391702550054,44.700860117065275,4.893324710274956,0.0977485179901123,1.9694656488549618,-0.6870229007633588,0.4580152671755725,6.844965820312501,0.5921685791015625,6.916816406250001,129,-45,30,11432,989,11552
2026-02-06T06:55:38.919346,44.481425390898714,-0.3849319101289934,45.11730181969451,5.187664086697357,0.09999871253967285,0.2900763358778626,-0.2748091603053435,-0.07633587786259542,6.886878662109376,0.622705078125,6.858737182617188,19,-18,-5,11502,1040,11455
2026-02-06T06:55:39.019285,44.476845319034474,-0.3879852913718183,44.84787663383032,5.011381655337644,0.09999823570251465,-0.030534351145038167,0.04580152671755725,-0.4122137404580153,6.859934692382813,0.604742431640625,6.896458740234375,-2,3,-27,11457,1010,11518
2026-02-06T06:55:39.119311,44.48753452301024,-0.3727149999778685,44.90241786800844,5.389405187109571,0.1000204086303711,0.15267175572519084,-0.10687022900763359,-0.1984732824427481,6.843768310546875,0.647852783203125,6.8671197509765625,10,-7,-13,11430,1082,11469
2026-02-06T06:55:39.219282,44.54706523618624,-0.3009728584580745,44.93510108781716,5.448803491102928,0.09998106956481934,0.7175572519083969,-0.5954198473282443,-0.10687022900763359,6.864125976562501,0.6562353515625,6.8796936035156255,47,-39,-7,11464,1096,11490
2026-02-06T06:55:39.319368,44.65853862908049,-0.29791879289932793,44.8976104058147,5.1314882757299864,0.1000206470489502,0.030534351145038167,-1.1145038167938932,0.8702290076335878,6.856342163085938,0.6179150390625,6.88089111328125,2,-73,57,11451,1032,11492
2026-02-06T06:55:39.419270,45.04621634592535,0.11723214797391274,44.60744941594756,5.451816593419261,0.09997200965881348,4.152671755725191,-3.877862595419847,1.251908396946565,6.813231811523438,0.6592291259765626,6.907236328125,272,-254,82,11379,1101,11536
2026-02-06T06:55:39.519349,46.283254419574284,0.3768574226903555,45.508314238329504,5.080053492741136,0.10003209114074707,2.595419847328244,-12.366412213740459,4.5038167938931295,6.910828857421875,0.6035449218750001,6.789281616210938,170,-810,295,11542,1008,11339
2026-02-06T06:55:39.619499,48.629512619426215,0.43646919454327104,47.78966422015474,4.756255078411019,0.10011720657348633,0.5954198473282443,-23.435114503816795,2.732824427480916,7.2036199951171875,0.54366943359375,6.534212036132812,39,-1535,179,12031,908,10913
2026-02-06T06:55:39.719341,49.86792038051225,0.8848582114882145,50.44222613766817,6.657707625252658,0.09989619255065918,4.488549618320611,-12.396946564885496,2.4122137404580153,7.489226074218751,0.722098388671875,6.18633544921875,294,-812,158,12508,1206,10332
2026-02-06T06:55:39.819286,51.18948281994302,0.944374302871355,50.92821469604038,6.23059236187106,0.09995651245117188,0.5954198473282443,-13.221374045801527,8.091603053435115,7.49162109375,0.6640191650390626,6.082152099609376,39,-866,530,12512,1109,10158
2026-02-06T06:55:39.919261,54.40260724074967,-0.043222609367079,52.87934693485379,6.190135048679872,0.09998083114624023,-9.877862595419847,-32.13740458015267,11.022900763358779,7.461683349609375,0.6125262451171876,5.6474560546875,-647,-2105,722,12462,1023,9432
2026-02-06T06:55:40.019268,59.65383512919185,-2.376423020399254,57.604735753940574,2.4061402301238908,0.10001611709594727,-23.328244274809162,-52.50381679389313,4.488549618320611,8.017327880859375,0.2137554931640625,5.087021484375001,-1528,-3439,294,13390,357,8496
2026-02-06T06:55:40.119295,64.76938274616502,-2.452774477369003,63.476591552859794,-5.060706960726184,0.1000204086303711,-0.7633587786259542,-51.14503816793893,18.83969465648855,8.900491333007812,-0.3933819580078125,4.4421624755859375,-50,-3350,1234,14865,-657,7419
2026-02-06T06:55:40.219275,69.4401315659967,-2.875584092758994,67.29280385353755,-4.709549394238822,0.09997844696044922,-4.229007633587786,-46.717557251908396,2.3053435114503817,9.03161865234375,-0.3113525390625,3.7793408203125,-277,-3060,151,15084,-520,6312
2026-02-06T06:55:40.319290,74.22271842810943,-2.7198293482074303,73.51774218129839,-5.960532382331112,0.10001897811889648,1.5572519083969465,-47.81679389312977,3.0076335877862594,9.090296630859376,-0.2808160400390625,2.6896069335937502,102,-3132,197,15182,-469,4492
2026-02-06T06:55:40.419278,78.57170001241086,-3.006810231973197,75.76563684217177,-16.29542653493301,0.09998536109924316,-2.8702290076335877,-43.49618320610687,5.908396946564886,9.729168090820313,-0.7214996337890626,2.468067626953125,-188,-2849,387,16249,-1205,4122
2026-02-06T06:55:40.519297,82.03513418809148,-3.7627184846019017,81.41612405829953,-27.919309079016905,0.10002422332763672,-7.557251908396947,-34.62595419847328,-8.076335877862595,9.948312377929687,-0.7957452392578125,1.50167724609375,-495,-2268,-529,16615,-1329,2508
2026-02-06T06:55:40.619280,84.13081562610073,-3.268180403090615,84.57443823772427,-18.08344538304866,0.0999760627746582,4.9465648854961835,-20.9618320610687,-7.7251908396946565,10.193801879882812,-0.316142578125,0.9681866455078125,324,-1373,-506,17025,-528,1617
2026-02-06T06:55:40.719304,86.1525299166905,-2.7596978813637305,85.26152114450855,-32.835263379754075,0.10001683235168457,5.083969465648855,-20.213740458015266,-4.519083969465649,9.816586303710938,-0.5251080322265625,0.8137078857421876,333,-1324,-296,16395,-877,1359
2026-02-06T06:55:40.819287,87.6911882334993,-3.1031483985085524,88.51135215112878,-46.779618569644164,0.09998226165771484,-3.435114503816794,-15.389312977099237,-6.458015267175573,9.6998291015625,-0.2682421875,0.2520758056640625,-225,-1008,-423,16200,-448,421
2026-02-06T06:55:40.919316,89.01217549083796,-2.904618521683089,89.70077981083209,4.134671373736423,0.10002851486206055,1.984732824427481,-13.206106870229007,4.748091603053435,9.516011352539063,0.003592529296875,0.0496966552734375,130,-865,311,15893,6,83
2026-02-06T06:55:41.019283,89.04422812061455,-2.8817237861283864,90.51999980209229,-102.46578597834619,0.09997367858886719,0.22900763358778625,-0.32061068702290074,7.816793893129771,9.829758911132814,-0.40356079101562503,-0.0892144775390625,15,-21,512,16417,-674,-149
2026-02-06T06:55:41.119301,89.08240576008804,-3.352072304441729,89.86557784609366,-86.962012770343,0.10002541542053223,-4.702290076335878,-0.3816793893129771,0.6564885496183206,9.698032836914063,-0.42870849609375,0.022752685546875002,-308,-25,43,16197,-716,38
2026-02-06T06:55:41.219276,88.99235377784903,-4.510537635279066,90.24720658769652,-95.89460814703554,0.09997296333312988,-11.587786259541986,0.9007633587786259,1.0076335877862594,9.71419921875,-0.405955810546875,-0.041912841796875,-759,59,66,16224,-678,-70
2026-02-06T06:55:41.319320,89.02747963403017,-4.568571658534858,90.13749268470175,-92.56083402420498,0.10003232955932617,-0.5801526717557252,-0.3511450381679389,-0.4580152671755725,9.73096435546875,-0.5221142578125,-0.023351440429687502,-38,-23,-30,16252,-872,-39
2026-02-06T06:55:41.419277,88.98627107562,-4.820401737708172,90.0,-90.0,0.09996891021728516,-2.519083969465649,0.4122137404580153,1.6030534351145038,9.708810424804687,-0.49756530761718754,0.0,-165,27,105,16215,-831,0
2026-02-06T06:55:41.519312,88.94350977526366,-4.673791565057886,89.69865129932762,-84.6811136310929,0.10003089904785156,1.465648854961832,0.42748091603053434,3.068702290076336,9.676477661132813,-0.5466632080078125,0.0508941650390625,96,28,201,16161,-913,85
2026-02-06T06:55:41.619283,88.89161578389525,-5.340781983528429,89.29206890133146,-79.03212781733832,0.09997224807739258,-6.67175572519084,0.5190839694656488,1.8931297709923665,9.691446533203125,-0.6179150390625,0.1197509765625,-437,34,124,16186,-1032,200
2026-02-06T06:55:41.719320,88.8961973299507,-5.42019544848959,89.2786247739727,-79.62275327975074,0.10003042221069336,-0.7938931297709924,-0.04580152671755725,-3.816793893129771,9.701026611328125,-0.667012939453125,0.12214599609375,-52,-3,-250,16202,-1114,204
2026-02-06T06:55:41.819282,88.89161872135773,-5.2233152789923984,89.10697687287688,-74.76575787809637,0.09996628761291504,1.9694656488549618,0.04580152671755725,-0.3053435114503817,9.718390502929688,-0.5562432861328125,0.15148498535156252,129,3,-20,16231,-929,253
2026-02-06T06:55:41.919313,88.89161872135773,-5.389785657402213,89.80533384311165,-86.55637582458849,0.10003495216369629,-1.6641221374045803,0.0,-1.3587786259541985,9.69264404296875,-0.547261962890625,0.032931518554687504,-109,0,-89,16188,-914,55
2026-02-06T06:55:42.019288,88.92519526445228,-5.11659469313294,90.19378033807716,-93.49705973929825,0.09996652603149414,2.732824427480916,-0.33587786259541985,-1.7251908396946565,9.736951904296875,-0.53887939453125,-0.032931518554687504,179,-22,-113,16262,-900,-55
2026-02-06T06:55:42.119356,88.96031852532889,-5.079944333957352,90.05655000768212,-91.38452270667317,0.10002493858337402,0.366412213740458,-0.3511450381679389,-2.33587786259542,9.706415405273438,-0.396375732421875,-0.009580078125,24,-23,-153,16211,-662,-16
2026-02-06T06:55:42.219275,88.96489740692022,-5.142522382372208,89.96113145371804,-89.17077688146627,0.09997224807739258,-0.6259541984732825,-0.04580152671755725,-0.24427480916030533,9.708810424804687,-0.4550537109375,0.006586303710937501,-41,-3,-16,16215,-760,11
2026-02-06T06:55:42.319304,88.95878824204888,-4.969938474757071,90.08467871834013,-91.97493401088198,0.1000375747680664,1.7251908396946565,0.061068702290076333,2.427480916030534,9.723180541992187,-0.4167333984375,-0.0143701171875,113,4,159,16239,-696,-24
2026-02-06T06:55:42.419276,88.96794493507792,-5.034035325960349,89.92582846149367,-88.5830788255043,0.0999605655670166,-0.6412213740458015,-0.0916030534351145,-0.0916030534351145,9.713001708984375,-0.5083428955078125,0.012573852539062501,-42,-6,-6,16222,-849,21
2026-02-06T06:55:42.519253,88.9557319342635,-5.240129714703742,89.99646867306993,-89.92411159469101,0.09999394416809082,-2.0610687022900764,0.12213740458015267,0.3053435114503817,9.714797973632812,-0.4520599365234375,0.0005987548828125,-135,8,20,16225,-755,1
2026-02-06T06:55:42.619375,88.9557319342635,-5.214157967167046,89.98233792302767,-89.64010662075748,0.1000676155090332,0.2595419847328244,0.0,0.24427480916030533,9.71180419921875,-0.47660888671875,0.0029937744140625003,17,0,16,16220,-796,5
2026-02-06T06:55:42.719266,88.96183511501049,-5.217209557540544,90.06355602441819,-91.34437387219069,0.09993958473205566,-0.030534351145038167,-0.061068702290076333,-0.9007633587786259,9.715995483398437,-0.4592449951171875,-0.010777587890625,-2,-4,-59,16227,-767,-18
2026-02-06T06:55:42.819280,89.01221650611352,-5.586673092296105,90.95607580937136,-107.47141057769083,0.09999942779541016,-3.6946564885496183,-0.5038167938931297,-6.702290076335878,9.723180541992187,-0.5155279541015625,-0.1622625732421875,-242,-33,-439,16239,-861,-271
2026-02-06T06:55:42.919262,89.02748312112938,-5.565299831273902,89.83062207272428,-83.73176975796605,0.09999632835388184,0.21374045801526717,-0.15267175572519084,-0.1984732824427481,9.721983032226563,-0.2616558837890625,0.028740234375,14,-10,-13,16237,-437,48
2026-02-06T06:55:43.019280,89.03664376717487,-5.533237570114719,89.90468950650438,-87.61772806981209,0.10000371932983398,0.32061068702290074,-0.0916030534351145,-1.7099236641221374,9.718390502929688,-0.38859191894531253,0.0161663818359375,21,-6,-112,16231,-649,27
2026-02-06T06:55:43.119259,89.05648979885886,-5.45843329684425,90.12359625099688,-94.40835598308568,0.09999346733093262,0.7480916030534351,-0.1984732824427481,-1.0229007633587786,9.714797973632812,-0.271834716796875,-0.0209564208984375,49,-13,-67,16225,-454,-35
2026-02-06T06:55:43.219277,89.07328511740414,-5.430950048315617,90.03879676690174,-91.02469329799693,0.10000848770141602,0.2748091603053435,-0.16793893129770993,-1.2213740458015268,9.726773071289063,-0.36823425292968753,-0.006586303710937501,18,-11,-80,16245,-615,-11
2026-02-06T06:55:43.319255,89.04122698398035,-5.4630081817394,90.2334124508841,-116.92767785104051,0.0999908447265625,-0.32061068702290074,0.32061068702290074,3.3893129770992365,9.406439208984375,-0.07544311523437501,-0.0383203125,-21,21,222,15710,-126,-64
2026-02-06T06:55:43.419280,89.03511972645765,-5.359184803853508,90.07367197567189,-92.58025293485936,0.1000063419342041,1.0381679389312977,0.061068702290076333,-1.6488549618320612,9.77886474609375,-0.279019775390625,-0.012573852539062501,68,4,-108,16332,-466,-21
2026-02-06T06:55:43.519250,89.03206652721374,-5.331706010658323,90.0423159299081,-91.55515950506717,0.09999227523803711,0.2748091603053435,0.030534351145038167,1.099236641221374,9.7285693359375,-0.264649658203125,-0.00718505859375,18,2,72,16248,-442,-12
2026-02-06T06:55:43.619275,89.02748607315178,-5.611113708437855,90.1411310145576,-94.47586556805595,0.1000065803527832,-2.7938931297709924,0.04580152671755725,0.4122137404580153,9.723180541992187,-0.3059637451171875,-0.023950195312500002,-183,3,27,16239,-511,-40
2026-02-06T06:55:43.719282,89.02290605588722,-5.800421088706447,90.12704143152351,-93.95273458279313,0.09999704360961914,-1.8931297709923665,0.04580152671755725,-0.32061068702290074,9.72138427734375,-0.3119512939453125,-0.02155517578125,-124,3,-21,16236,-521,-36
2026-02-06T06:55:43.822494,89.03073994439976,-5.676645650208452,90.19037415135604,-97.09251732827309,0.10262393951416016,1.2061068702290076,-0.07633587786259542,-0.21374045801526717,9.73096435546875,-0.259859619140625,-0.032332763671875,79,-5,-14,16252,-434,-54
2026-02-06T06:55:43.921832,89.01706554325482,-5.786040859368012,90.09535161604389,-92.80027916803795,0.09951925277709961,-1.099236641221374,0.13740458015267176,0.13740458015267176,9.71419921875,-0.3305126953125,-0.0161663818359375,-72,9,9,16224,-552,-27
2026-02-06T06:55:44.021849,89.02317237854002,-5.941765159141017,90.13387663156726,-94.51710371351761,0.09999942779541016,-1.5572519083969465,-0.061068702290076333,-1.6793893129770991,9.737550659179687,-0.28800109863281254,-0.022752685546875002,-102,-4,-110,16263,-481,-38
2026-02-06T06:55:44.121830,89.0216456733587,-5.857796374168106,90.17280018981717,-98.08359604982951,0.09999918937683105,0.8396946564885496,0.015267175572519083,-0.21374045801526717,9.727970581054688,-0.20657043457031252,-0.0293389892578125,55,1,-14,16247,-345,-49
2026-02-06T06:55:44.221851,89.0231724331397,-5.859323133949106,90.05995862703392,-91.84062978606897,0.10000276565551758,-0.015267175572519083,-0.015267175572519083,0.8549618320610687,9.726773071289063,-0.31674133300781254,-0.0101788330078125,-1,-1,56,16245,-529,-17
2026-02-06T06:55:44.321832,89.03385947132838,-5.732605395426278,90.15177186943944,-95.84562889858404,0.10000014305114746,1.2671755725190839,-0.10687022900763359,-0.8702290076335878,9.719588012695313,-0.25147705078125,-0.025746459960937502,83,-7,-57,16233,-420,-43
2026-02-06T06:55:44.421368,89.03538020694529,-5.554679328248702,90.11994665707768,-94.81058619436565,0.09960818290710449,1.786259541984733,-0.015267175572519083,0.183206106870229,9.724378051757814,-0.24189697265625001,-0.020357666015625,117,-1,12,16241,-404,-34
2026-02-06T06:55:44.521849,89.03538020694529,-5.537820426562361,90.03881827286351,-91.35513129102215,0.1003870964050293,0.16793893129770993,0.0,0.015267175572519083,9.72138427734375,-0.27842102050781253,-0.006586303710937501,11,0,1,16236,-465,-11
2026-02-06T06:55:44.622166,89.02926333987986,-5.472064105608992,90.07414411499548,-92.87607800464069,0.10016369819641113,0.6564885496183206,0.061068702290076333,0.13740458015267176,9.716594238281251,-0.250279541015625,-0.012573852539062501,43,4,9,16228,-418,-21
2026-02-06T06:55:44.719421,89.0262762790418,-5.581091826198667,90.10577670354422,-93.73139699916045,0.09782624244689941,-1.1145038167938932,0.030534351145038167,-0.07633587786259542,9.729766845703125,-0.27542724609375,-0.017962646484375,-73,2,-5,16250,-460,-30
2026-02-06T06:55:44.819289,89.02475136836978,-5.722908518696561,90.16574716103118,-96.04259081854434,0.09988164901733398,-1.4198473282442747,0.015267175572519083,-0.3053435114503817,9.727970581054688,-0.26584716796875,-0.028141479492187503,-93,1,-20,16247,-444,-47
2026-02-06T06:55:44.919262,89.03543728544513,-5.7320678761897215,90.2010493738102,-98.03080300901244,0.09998965263366699,-0.0916030534351145,-0.10687022900763359,-1.2366412213740459,9.72617431640625,-0.24189697265625001,-0.034129028320312504,-6,-7,-81,16244,-404,-57
2026-02-06T06:55:45.019278,89.03391051474419,-5.741228500395333,90.00705656496379,-90.28864128368906,0.10000348091125488,-0.0916030534351145,0.015267175572519083,-0.7633587786259542,9.723180541992187,-0.2377056884765625,-0.001197509765625,-6,1,-50,16239,-397,-2
2026-02-06T06:55:45.119261,89.02475043653533,-5.707641546962828,90.08469436479153,-93.7826454465963,0.09999752044677734,0.33587786259541985,0.0916030534351145,0.5343511450381679,9.72138427734375,-0.2173480224609375,-0.0143701171875,22,6,35,16236,-363,-24
2026-02-06T06:55:45.219272,89.03085734462012,-5.620618106754684,90.0881255911339,-93.639865230727,0.10000061988830566,0.8702290076335878,-0.061068702290076333,0.061068702290076333,9.732161865234376,-0.23531066894531252,-0.0149688720703125,57,-4,4,16254,-393,-25
2026-02-06T06:55:45.319257,89.02933069767845,-5.603824990396284,90.1763918431703,-98.10724803565803,0.09999537467956543,0.16793893129770993,0.015267175572519083,0.10687022900763359,9.724378051757814,-0.21016296386718752,-0.029937744140625,11,1,7,16241,-351,-50
2026-02-06T06:55:45.419276,89.02780384689798,-5.7305536051742925,90.10944402025176,-94.31341211020327,0.10000872611999512,-1.2671755725190839,0.015267175572519083,0.07633587786259542,9.717192993164064,-0.24608825683593752,-0.0185614013671875,-83,1,5,16229,-411,-31
2026-02-06T06:55:45.519259,89.03391033274528,-5.741239955407065,90.23639358612749,-99.97366068035066,0.09999370574951172,-0.10687022900763359,-0.061068702290076333,-0.4122137404580153,9.723180541992187,-0.2281256103515625,-0.0401165771484375,-7,-4,-27,16239,-381,-67
2026-02-06T06:55:45.619370,89.03238253921045,-5.835963154567109,90.16580839355473,-97.14382034544134,0.10007047653198242,-0.9465648854961832,0.015267175572519083,0.44274809160305345,9.724378051757814,-0.2245330810546875,-0.028141479492187503,-62,1,29,16241,-375,-47
2026-02-06T06:55:45.719274,89.04306244304163,-5.753575325012209,90.13749268470175,-95.12316553712814,0.09993338584899902,0.8244274809160306,-0.10687022900763359,-0.12213740458015267,9.73096435546875,-0.2604583740234375,-0.023351440429687502,54,-7,-8,16252,-435,-39
2026-02-06T06:55:45.819272,89.03695578247537,-5.7337286781718735,90.16940922768354,-97.9893267663969,0.09999656677246094,0.1984732824427481,0.061068702290076333,1.0687022900763359,9.720186767578125,-0.204774169921875,-0.028740234375,13,4,70,16234,-342,-48
2026-02-06T06:55:45.919253,89.03237579797062,-5.857388259800338,90.21845649812161,-98.14862669218272,0.09999632835388184,-1.2366412213740459,0.04580152671755725,0.061068702290076333,9.736353149414063,-0.25926086425781253,-0.037122802734375,-81,3,4,16261,-433,-62
2026-02-06T06:55:46.019268,89.02626870060696,-5.819218901277501,90.15164108860324,-96.10543843164795,0.10000371932983398,0.3816793893129771,0.061068702290076333,0.2595419847328244,9.727970581054688,-0.24069946289062502,-0.025746459960937502,25,4,17,16247,-402,-43
2026-02-06T06:55:46.119256,89.02016196724114,-5.944406935276878,90.18356049173194,-98.28732283630228,0.09999775886535645,-1.251908396946565,0.061068702290076333,0.366412213740458,9.718390502929688,-0.2137554931640625,-0.03113525390625,-82,4,24,16231,-357,-52
2026-02-06T06:55:46.219268,89.04306325475679,-5.803945705180862,90.14090541409209,-95.36415776233005,0.10000228881835938,1.4045801526717556,-0.22900763358778625,-1.5114503816793894,9.738748168945312,-0.255069580078125,-0.023950195312500002,92,-15,-99,16265,-426,-40
2026-02-06T06:55:46.319256,89.04916984252348,-5.7123468886804964,90.10578321326562,-94.92710994764901,0.09999537467956543,0.916030534351145,-0.061068702290076333,-0.3511450381679389,9.729168090820313,-0.20836669921875,-0.017962646484375,60,-4,-23,16249,-348,-30
2026-02-06T06:55:46.419264,89.04764307182255,-5.726087824988913,90.1444724465807,-96.30628892175244,0.10000348091125488,-0.13740458015267176,0.015267175572519083,0.24427480916030533,9.73575439453125,-0.2221380615234375,-0.024548950195312502,-9,1,16,16260,-371,-41
2026-02-06T06:55:46.519253,89.04916975880398,-5.678760528564455,90.09871886276927,-93.96465472285612,0.09999799728393555,0.4732824427480916,-0.015267175572519083,-0.10687022900763359,9.730365600585937,-0.24189697265625001,-0.01676513671875,31,-1,-7,16251,-404,-28
2026-02-06T06:55:46.619269,89.05985705179114,-5.683340796987521,90.15166909409086,-96.45600748669654,0.10000252723693848,-0.04580152671755725,-0.10687022900763359,-0.6564885496183206,9.72617431640625,-0.22752685546875,-0.025746459960937502,-3,-7,-43,16244,-380,-43
2026-02-06T06:55:46.719252,89.06138372057268,-5.610060695473476,90.09875532395756,-94.43511444531597,0.09999680519104004,0.732824427480916,-0.015267175572519083,-0.32061068702290074,9.726773071289063,-0.21615051269531252,-0.01676513671875,48,-1,-21,16245,-361,-28
2026-02-06T06:55:46.819268,89.06596408727516,-5.581051706357768,90.15163175573886,-96.68266094599417,0.10000467300415039,0.2900763358778626,-0.04580152671755725,-0.13740458015267176,9.7285693359375,-0.2197430419921875,-0.025746459960937502,19,-3,-9,16248,-367,-43
2026-02-06T06:55:46.919255,89.06596408727516,-5.55204562194475,90.21877939675004,-102.02750854038884,0.09999465942382812,0.2900763358778626,0.0,-0.2748091603053435,9.721983032226563,-0.1742376708984375,-0.037122802734375,19,0,-18,16237,-291,-62
2026-02-06T06:55:47.019274,89.06901773787638,-5.6314405375764585,90.17629414984316,-98.17619709844554,0.1000070571899414,-0.7938931297709924,-0.030534351145038167,-0.8549618320610687,9.729766845703125,-0.20836669921875,-0.029937744140625,-52,-2,-56,16250,-348,-50
2026-02-06T06:55:47.119318,89.06443598434217,-5.536750964536013,90.11983597827559,-97.36620389322599,0.10003495216369629,0.9465648854961832,0.04580152671755725,0.0916030534351145,9.733359375000001,-0.1574725341796875,-0.020357666015625,62,3,6,16256,-263,-34
2026-02-06T06:55:47.219271,89.06290980331772,-5.434496835897899,90.17979788108937,-99.61659157004996,0.09996485710144043,1.0229007633587786,0.015267175572519083,-0.2595419847328244,9.73096435546875,-0.1802252197265625,-0.0305364990234375,67,1,-17,16252,-301,-51
2026-02-06T06:55:47.319255,89.07512260029335,-5.381065849129482,90.21165688542645,-103.29080141128588,0.09999227523803711,0.5343511450381679,-0.12213740458015267,-1.251908396946565,9.724976806640626,-0.15208374023437501,-0.03592529296875,35,-8,-82,16242,-254,-60
2026-02-06T06:55:47.419274,89.0858107850752,-5.229904378643474,90.14805988943935,-99.28146491882859,0.10001087188720703,1.5114503816793894,-0.10687022900763359,-0.22900763358778625,9.731563110351564,-0.1538800048828125,-0.025147705078125002,99,-7,-15,16253,-257,-42
2026-02-06T06:55:47.519252,89.07207171607565,-5.284860654641656,90.08809307251686,-95.10216525235819,0.0999898910522461,-0.549618320610687,0.13740458015267176,0.3053435114503817,9.73575439453125,-0.1676513671875,-0.0149688720703125,-36,9,20,16260,-280,-25
2026-02-06T06:55:47.619266,89.07512527931739,-5.268066056812084,90.09865208713629,-96.91122711902469,0.10000419616699219,0.16793893129770993,-0.030534351145038167,0.5038167938931297,9.736951904296875,-0.1383123779296875,-0.01676513671875,11,-2,33,16262,-231,-28
2026-02-06T06:55:47.719253,89.07665195537889,-5.203945662229117,90.07397545042723,-95.73773467005643,0.09999728202819824,0.6412213740458015,-0.015267175572519083,0.07633587786259542,9.738748168945312,-0.1251397705078125,-0.012573852539062501,42,-1,5,16265,-209,-21
2026-02-06T06:55:47.819270,89.07359845765676,-5.232953890589359,90.0599328018996,-93.17983011986423,0.10000205039978027,-0.2900763358778626,0.030534351145038167,0.42748091603053434,9.73096435546875,-0.183218994140625,-0.0101788330078125,-19,2,28,16252,-306,-17
2026-02-06T06:55:47.919251,89.07817844216152,-5.130667569983098,90.15855749931264,-100.4914770123316,0.09999632835388184,1.0229007633587786,-0.04580152671755725,-0.24427480916030533,9.736353149414063,-0.1454974365234375,-0.026943969726562503,67,-3,-16,16261,-243,-45
2026-02-06T06:55:48.019274,89.07817844216152,-5.226853665504748,90.08817984221248,-95.85005520571738,0.10000300407409668,-0.9618320610687023,0.0,-0.21374045801526717,9.72617431640625,-0.14609619140625002,-0.0149688720703125,-63,0,-14,16244,-244,-25
2026-02-06T06:55:48.119244,89.07054518925327,-5.371885470761599,90.10928241008065,-97.27006864537341,0.09999561309814453,-1.450381679389313,0.07633587786259542,0.44274809160305345,9.731563110351564,-0.1454974365234375,-0.0185614013671875,-95,5,29,16253,-243,-31
2026-02-06T06:55:48.219271,89.0903926405288,-4.979516626314354,90.17993073579338,-100.97438269675366,0.10000061988830566,3.9236641221374047,-0.1984732824427481,-0.2748091603053435,9.723779296875,-0.1574725341796875,-0.0305364990234375,257,-13,-18,16240,-263,-51
2026-02-06T06:55:48.319261,89.08581248130508,-4.8665393654626765,90.30318674912701,-117.81645898367026,0.10000014305114746,1.1297709923664123,0.04580152671755725,0.21374045801526717,9.73096435546875,-0.0975970458984375,-0.051492919921875005,74,3,14,16252,-163,-86
2026-02-06T06:55:48.419275,89.07207075876136,-5.065030913316568,90.15163175573886,-98.70019079915487,0.10000920295715332,-1.984732824427481,0.13740458015267176,0.7175572519083969,9.7285693359375,-0.1682501220703125,-0.025746459960937502,-130,9,47,16248,-281,-43
2026-02-06T06:55:48.519251,89.07054425013887,-5.066557421939065,90.14471274347483,-98.13010235415598,0.09998631477355957,-0.015267175572519083,0.015267175572519083,-0.13740458015267176,9.719588012695313,-0.17184265136718752,-0.024548950195312502,-1,1,-9,16233,-287,-41
2026-02-06T06:55:48.619359,89.07359964064972,-5.104749803324694,90.26073786456712,-106.30367645984362,0.10006403923034668,-0.3816793893129771,-0.030534351145038167,-0.6717557251908397,9.736353149414063,-0.15148498535156252,-0.044307861328125,-25,-2,-44,16261,-253,-74
2026-02-06T06:55:48.719337,89.0705468126836,-5.066589453748166,90.21864473972282,-106.08608507062073,0.09998011589050293,0.3816793893129771,0.030534351145038167,-0.5648854961832062,9.727970581054688,-0.1287322998046875,-0.037122802734375,25,2,-37,16247,-215,-62
2026-02-06T06:55:48.819273,89.05681151106161,-5.27261897807813,90.20111127655136,-103.63397278940437,0.09996247291564941,-2.0610687022900764,0.13740458015267176,-1.0076335877862594,9.723180541992187,-0.1407073974609375,-0.034129028320312504,-135,9,-66,16239,-235,-57
2026-02-06T06:55:48.919578,89.10886106782291,-5.17464334182157,89.95409558891289,-85.7026133360583,0.10027194023132324,0.9770992366412213,-0.5190839694656488,-3.0229007633587788,9.715396728515625,-0.1035845947265625,0.0077838134765625,64,-34,-198,16226,-173,13
2026-02-06T06:55:49.019277,89.12865452730023,-5.080243765852835,90.09165624786864,-97.75177915429673,0.09972858428955078,0.9465648854961832,-0.1984732824427481,-6.1679389312977095,9.731563110351564,-0.1143621826171875,-0.015567626953125,62,-13,-404,16253,-191,-26
2026-02-06T06:55:49.119251,89.11338820348263,-5.22527384211999,90.25049103617941,107.88630559705996,0.09999442100524902,-1.450381679389313,0.15267175572519084,-5.145038167938932,9.723779296875,0.13172607421875002,-0.0425115966796875,-95,10,-337,16240,220,-71
2026-02-06T06:55:49.219268,89.11796860294491,-5.585598599819738,90.18337972311,106.02897830627671,0.1000053882598877,-3.6030534351145036,-0.04580152671755725,1.5572519083969465,9.727970581054688,0.10837463378906251,-0.03113525390625,-236,-3,102,16247,181,-52
2026-02-06T06:55:49.319250,89.09201523365869,-5.4710984412040435,89.92952985594758,81.92679512417482,0.09999680519104004,1.1450381679389312,0.2595419847328244,-5.206106870229007,9.736353149414063,0.0844244384765625,0.011975097656250001,75,17,-341,16261,141,20
2026-02-06T06:55:49.419268,89.45081062535297,-5.464991285600736,91.26238733676699,154.39512338958835,0.10000467300415039,0.061068702290076333,-3.5877862595419847,-5.526717557251908,9.808802490234376,0.1035845947265625,-0.21615051269531252,4,-235,-362,16382,173,-361
2026-02-06T06:55:49.519248,89.28746563423685,-4.987169021868525,89.76979814384855,83.24778018649039,0.0999915599822998,4.778625954198473,1.633587786259542,-5.190839694656488,9.686656494140626,0.32871643066406253,0.0389190673828125,313,107,-340,16178,549,65
2026-02-06T06:55:49.619269,89.1500487363976,-4.935255971573693,89.30955217970576,53.95991681485795,0.10000896453857422,0.5190839694656488,1.3740458015267176,-5.938931297709924,9.688452758789063,0.16046630859375,0.1167572021484375,34,90,-389,16181,268,195
2026-02-06T06:55:49.722586,89.25353534349053,-4.629500086980924,90.13727307565205,92.04728169578861,0.10270261764526367,2.9770992366412212,-1.0076335877862594,0.24427480916030533,9.746531982421876,0.6532415771484376,-0.023351440429687502,195,-66,16,16278,1091,-39
2026-02-06T06:55:49.821444,89.3019628961578,-5.074428227111586,90.27678905217776,98.30794693409807,0.09912514686584473,-4.488549618320611,-0.48854961832061067,-3.450381679389313,9.791438598632814,0.3239263916015625,-0.0473016357421875,-294,-32,-226,16353,541,-79
2026-02-06T06:55:49.921337,90.88530379579271,-5.701358005290725,91.1345602770804,103.73083175762551,0.09991216659545898,-6.2748091603053435,-15.84732824427481,-10.793893129770993,9.7956298828125,0.7939489746093751,-0.19399658203125,-411,-1038,-707,16360,1326,-324
2026-02-06T06:55:50.022029,94.77165269851687,-6.894441014937774,94.00040531990393,135.5823055928868,0.10057520866394043,-11.86259541984733,-38.6412213740458,0.48854961832061067,9.7860498046875,0.67060546875,-0.6843768310546875,-777,-2531,32,16344,1120,-1143
2026-02-06T06:55:50.121346,99.491290645745,-7.352894105984056,97.25223113703753,143.44281945035178,0.09943270683288574,-4.6106870229007635,-47.465648854961835,-5.435114503816794,9.5561279296875,0.901724853515625,-1.2160711669921875,-302,-3109,-356,15960,1506,-2031
2026-02-06T06:55:50.221916,105.072995870168,-6.99713706970215,102.76163709383533,158.28998493014612,0.10044002532958984,3.5419847328244276,-55.57251908396947,-9.603053435114504,9.149573364257813,0.825084228515625,-2.0722906494140627,232,-3640,-629,15281,1378,-3461
2026-02-06T06:55:50.319255,110.9176054146454,-6.39834084401604,109.5373131395955,160.7724596414891,0.0978083610534668,6.122137404580153,-59.7557251908397,2.2442748091603053,8.95976806640625,1.1088940429687502,-3.1793884277343754,401,-3914,147,14964,1852,-5310
2026-02-06T06:55:50.419271,114.55729660005063,-5.244143471463038,114.04131145960218,168.88918324745882,0.09999990463256836,11.541984732824428,-36.396946564885496,7.038167938931298,8.919052734375,0.7813751220703126,-3.9787261962890628,756,-2384,461,14896,1305,-6645
2026-02-06T06:55:50.519254,117.22894785786407,-4.627373695373537,116.81563318854955,171.06423765363408,0.09999608993530273,6.1679389312977095,-26.717557251908396,6.732824427480916,8.414901123046876,0.6688092041015625,-4.2535546875,404,-1750,441,14054,1117,-7104
2026-02-06T06:55:50.619270,120.80463631462509,-4.535767671716124,121.45272093072862,175.35615825106956,0.10000324249267578,0.916030534351145,-35.7557251908397,10.793893129770993,8.447832641601563,0.4197271728515625,-5.167254638671875,60,-2342,707,14109,701,-8630
2026-02-06T06:55:50.719253,124.53120815480942,-4.3602020176312415,124.6804210912938,178.24080208758443,0.09999608993530273,1.7557251908396947,-37.267175572519086,4.122137404580153,8.114326171875,0.17244140625,-5.614524536132813,115,-2441,270,13552,288,-9377
2026-02-06T06:55:50.819281,128.97244647077025,-5.083868900328194,128.21341464116855,173.63074199823612,0.10000038146972656,-7.236641221374046,-44.412213740458014,-16.244274809160306,7.732919311523438,0.6795867919921875,-6.0881396484375,-474,-2909,-1064,12915,1135,-10168
2026-02-06T06:55:50.919245,131.26861653801143,-5.781574831664109,132.15859816814748,172.3053319265326,0.09999942779541016,-6.977099236641221,-22.9618320610687,-12.717557251908397,7.268285522460938,0.8891510009765625,-6.580914916992188,-457,-1504,-833,12139,1485,-10991
2026-02-06T06:55:51.019263,133.53273111809304,-6.270122819274438,134.57381770473125,172.42354640876556,0.09999966621398926,-4.885496183206107,-22.641221374045802,-7.938931297709924,6.771318969726563,0.887354736328125,-6.671326904296875,-320,-1483,-520,11309,1482,-11142
2026-02-06T06:55:51.119245,135.42735417926588,-4.7632791759403625,136.8442038967548,171.0136006624248,0.09999823570251465,15.068702290076336,-18.946564885496183,-11.541984732824428,6.5958837890625,1.112486572265625,-7.034771118164063,987,-1241,-756,11016,1858,-11749
2026-02-06T06:55:51.219262,136.74191315483503,-3.8014067547921933,140.4094473344434,173.2545638875285,0.10000419616699219,9.618320610687023,-13.145038167938932,-7.770992366412214,6.288123779296876,0.899329833984375,-7.603588256835938,630,-861,-509,10502,1502,-12699
2026-02-06T06:55:51.319248,137.54037996466835,-3.6853771610114427,140.21196471514799,170.51766917818208,0.09999918937683105,1.1603053435114503,-7.984732824427481,-4.931297709923665,6.251599731445313,1.253792724609375,-7.506589965820313,76,-523,-323,10441,2094,-12537
2026-02-06T06:55:51.419260,138.17093175422147,-3.1311633605083453,140.89404647094807,173.65023603464687,0.10000276565551758,5.541984732824427,-6.305343511450381,3.2061068702290076,6.074967041015626,0.8316705322265625,-7.473658447265626,363,-413,210,10146,1389,-12482
2026-02-06T06:55:51.519248,138.00757157347587,-2.75253415653724,140.20725467059182,172.517283593873,0.10000085830688477,3.786259541984733,1.633587786259542,-2.2442748091603053,6.3563818359375,1.0023156738281251,-7.631130981445313,248,107,-147,10616,1674,-12745
2026-02-06T06:55:51.619257,138.16024463959326,-2.610548205048075,141.288174635187,173.1323310830673,0.10000085830688477,1.4198473282442747,-1.5267175572519085,-4.931297709923665,6.1839404296875005,0.929267578125,-7.715555419921875,93,-100,-323,10328,1552,-12886
2026-02-06T06:55:51.719721,137.87684930553877,-2.9965786060304147,140.45792255252564,173.0162597292023,0.10033726692199707,-3.8473282442748094,2.8244274809160306,-4.458015267175573,6.367758178710938,0.944835205078125,-7.713160400390626,-252,185,-292,10635,1578,-12882
2026-02-06T06:55:51.819260,137.7581711689025,-3.013315266325275,140.54229235595085,171.38174928648448,0.09965920448303223,-0.16793893129770993,1.1908396946564885,-1.3893129770992367,6.106701049804688,1.124461669921875,-7.419171752929688,-11,78,-91,10199,1878,-12391
2026-02-06T06:55:51.919251,137.6085469267751,-3.2652336331724228,140.26477747420242,171.54315571599017,0.10000395774841309,-2.519083969465649,1.4961832061068703,-0.8854961832061069,6.226452026367188,1.1136840820312501,-7.490423583984375,-165,98,-58,10399,1860,-12510
2026-02-06T06:55:52.019263,136.1536038267704,-3.5171387868983164,139.5941220021634,171.80724020220873,0.09999871253967285,-2.519083969465649,14.549618320610687,1.2366412213740459,6.3935046386718755,1.081351318359375,-7.51078125,-165,953,81,10678,1806,-12544
2026-02-06T06:55:52.119247,134.3033033218093,-3.5980512677258227,138.01226306968974,171.56116272939335,0.09999561309814453,-0.8091603053435115,18.50381679389313,0.5801526717557252,6.505471801757813,1.0723699951171874,-7.2281689453125,-53,1212,38,10865,1791,-12072
2026-02-06T06:55:52.219258,133.1796081229931,-3.4850710439318027,137.01965653361341,170.49920106618285,0.10000276565551758,1.1297709923664123,11.236641221374045,-3.1908396946564888,6.6012725830078125,1.18553466796875,-7.0838690185546875,74,736,-209,11025,1980,-11831
2026-02-06T06:55:52.319248,132.9047985695701,-3.7980485908857755,135.72900323457606,169.6048035335534,0.10000014305114746,-3.1297709923664123,2.7480916030534353,-1.5267175572519085,6.806046752929688,1.2807366943359375,-6.98148193359375,-205,180,-100,11367,2139,-11660
2026-02-06T06:55:52.419256,132.1353483309273,-4.06216543867388,135.02737495229496,170.0036565100509,0.09999799728393555,-2.6412213740458017,7.694656488549619,0.3511450381679389,6.889273681640625,1.215472412109375,-6.895859985351563,-173,504,23,11506,2030,-11517
2026-02-06T06:55:52.519242,131.4101581828285,-4.072852451382704,134.56872262785717,169.22452576275415,0.09999990463256836,-0.10687022900763359,7.251908396946565,0.3816793893129771,6.892267456054688,1.292113037109375,-6.789281616210938,-7,475,25,11511,2158,-11339
2026-02-06T06:55:52.619263,130.8025237258154,-4.001096623544476,133.9715905729674,169.15115915626504,0.10000014305114746,0.7175572519083969,6.076335877862595,0.3053435114503817,7.011419677734375,1.2963043212890626,-6.764133911132813,47,398,20,11710,2165,-11297
2026-02-06T06:55:52.719255,130.32313944183232,-3.975142697341571,133.1786454520135,169.7192342593266,0.09999895095825195,0.2595419847328244,4.793893129770993,2.0763358778625953,7.081473999023438,1.2052935791015627,-6.644981689453125,17,314,136,11827,2013,-11098
2026-02-06T06:55:52.819268,130.09566850516632,-3.8652238554626948,132.91398980808512,169.30715809389244,0.09999561309814453,1.099236641221374,2.2748091603053435,0.015267175572519083,7.121590576171875,1.2502001953125002,-6.621031494140626,72,149,1,11894,2088,-11058
2026-02-06T06:55:52.919247,129.95520158214424,-3.851482526036621,132.7555303385601,169.55046868309705,0.1000063419342041,0.13740458015267176,1.4045801526717556,-1.3129770992366412,7.128176879882813,1.215472412109375,-6.590494995117187,9,92,-86,11905,2030,-11007
2026-02-06T06:55:53.019258,129.90329459605326,-3.7339284693011816,132.89118059256316,168.99967362317952,0.09999728202819824,1.1755725190839694,0.5190839694656488,-0.16793893129770993,7.07249267578125,1.2771441650390625,-6.570137329101563,77,34,-11,11812,2133,-10973
2026-02-06T06:55:53.119242,129.92924907917285,-3.544613415958319,133.27378651079968,169.0765780216979,0.10000109672546387,1.8931297709923665,-0.2595419847328244,0.4122137404580153,6.989265747070313,1.2699591064453126,-6.5803161621093755,124,-17,27,11673,2121,-10990
2026-02-06T06:55:53.219259,130.23306341025665,-3.3430883320233313,132.7035735342153,168.48495944519246,0.09999918937683105,2.015267175572519,-3.0381679389312977,0.3053435114503817,7.104825439453125,1.3358221435546875,-6.556964721679688,132,-199,20,11866,2231,-10951
2026-02-06T06:55:53.319243,130.1414617545732,-3.4392700704909482,133.34076570493193,169.38468994527489,0.09999847412109375,-0.9618320610687023,0.916030534351145,5.175572519083969,7.071893920898438,1.2507989501953125,-6.673721923828126,-63,60,339,11811,2089,-11146
2026-02-06T06:55:53.419275,130.34300077234516,-3.6591308171512535,132.8688244350182,169.36800277033734,0.100006103515625,-2.198473282442748,-2.015267175572519,-0.8244274809160306,7.050937500000001,1.2286450195312502,-6.5449896240234375,-144,-132,-54,11776,2052,-10931
2026-02-06T06:55:53.519244,131.2742443048317,-3.77973448775197,133.8456127315949,170.06375423888264,0.09999418258666992,-1.2061068702290076,-9.312977099236642,-6.809160305343512,7.017407226562501,1.18074462890625,-6.740183715820313,-79,-610,-446,11720,1972,-11257
2026-02-06T06:55:53.619257,131.41317447633236,-3.6041633918995184,133.8946494192063,168.72483320623147,0.09999918937683105,1.7557251908396947,-1.3893129770992367,0.6106870229007634,7.10123291015625,1.3621673583984375,-6.832391967773438,115,-91,40,11860,2275,-11411
2026-02-06T06:55:53.719264,131.29865984880288,-3.457584668661804,134.29767885242282,169.19802837064213,0.10000944137573242,1.465648854961832,1.1450381679389312,0.07633587786259542,6.946754150390626,1.2933105468750001,-6.778504028320313,96,75,5,11602,2160,-11321
2026-02-06T06:55:53.819259,131.3536190076639,-3.355299567448276,134.03370480275208,169.19079133041222,0.09999513626098633,1.0229007633587786,-0.549618320610687,-0.7175572519083969,7.003037109375001,1.2927117919921876,-6.770720214843751,67,-36,-47,11696,2159,-11308
2026-02-06T06:55:53.919247,131.41773817921415,-3.205688167164346,134.61422627185044,169.44766476640646,0.09999537467956543,1.4961832061068703,-0.6412213740458015,-0.7938931297709924,6.893464965820312,1.2669653320312502,-6.801256713867188,98,-42,-52,11513,2116,-11359
2026-02-06T06:55:54.019251,131.74291862968272,-3.101874690019449,134.75521177832977,169.78436345067817,0.09999680519104004,1.0381679389312977,-3.2519083969465647,-0.5038167938931297,6.896458740234375,1.232237548828125,-6.837780761718751,68,-213,-33,11518,2058,-11420
2026-02-06T06:55:54.119241,131.84521202276684,-3.1492044689091125,135.07743005726616,169.7829799112116,0.10000324249267578,-0.4732824427480916,-1.0229007633587786,-0.07633587786259542,6.858138427734375,1.239422607421875,-6.876699829101563,-31,-67,-5,11454,2070,-11485
2026-02-06T06:55:54.219261,131.96124299973934,-3.051494172511212,134.1842280986847,169.93766314993758,0.10000038146972656,0.9770992366412213,-1.1603053435114503,0.16793893129770993,7.037166137695313,1.2136761474609377,-6.839577026367188,64,-76,11,11753,2027,-11423
2026-02-06T06:55:54.319247,132.04063450835136,-3.078975848569217,135.09309014958998,169.29998603949036,0.10000276565551758,-0.2748091603053435,-0.7938931297709924,-1.5877862595419847,6.8066455078125,1.2903167724609375,-6.828799438476563,-18,-52,-104,11368,2155,-11405
2026-02-06T06:55:54.419263,132.56887576052253,-2.8209620577688455,134.9200826538488,169.5389746902886,0.09999942779541016,2.5801526717557253,-5.282442748091603,-2.7022900763358777,6.877897338867188,1.2663665771484376,-6.858737182617188,169,-346,-177,11487,2115,-11455
2026-02-06T06:55:54.519246,132.50475414290685,-2.8560762769393357,135.5830861962386,169.2371493027449,0.09999918937683105,-0.3511450381679389,0.6412213740458015,0.21374045801526717,6.8425708007812505,1.3274395751953125,-6.983278198242187,-23,42,14,11428,2217,-11663
2026-02-06T06:55:54.619265,132.60704509720549,-2.7339378240454306,135.58982572786263,169.1677856219876,0.10000085830688477,1.2213740458015268,-1.0229007633587786,-1.099236641221374,6.734794921875,1.3154644775390625,-6.874903564453126,80,-67,-72,11248,2197,-11482
2026-02-06T06:55:54.719495,132.75838926912266,-2.6360991674525156,135.66619997018313,169.62240062073286,0.10013175010681152,0.9770992366412213,-1.5114503816793894,-0.9618320610687023,6.768923950195313,1.2687615966796875,-6.928192749023438,64,-99,-63,11305,2119,-11571
2026-02-06T06:55:54.819251,132.7263721072947,-2.565966336781744,135.7619603700904,169.27732441046388,0.09986305236816406,0.7022900763358778,0.32061068702290074,0.061068702290076333,6.752158813476563,1.3130694580078126,-6.9341802978515625,46,21,4,11277,2193,-11581
2026-02-06T06:55:54.919244,132.65003375424686,-2.51405625670921,135.73933964840148,169.2545583627841,0.10000324249267578,0.5190839694656488,0.7633587786259542,0.015267175572519083,6.801256713867188,1.32444580078125,-6.9790869140625,34,50,1,11359,2212,-11656
2026-02-06T06:55:55.019274,132.7538605973921,-2.3720577800546914,135.61878527102698,169.73107320339867,0.10000967979431152,1.4198473282442747,-1.0381679389312977,-1.1603053435114503,6.827601928710938,1.2639715576171875,-6.976691894531251,93,-68,-76,11403,2111,-11652
2026-02-06T06:55:55.119240,132.84545329872893,-2.2560403583613993,135.92795789409084,169.3381413987276,0.09998869895935059,1.1603053435114503,-0.916030534351145,0.0916030534351145,6.746171264648438,1.3118719482421877,-6.968309326171875,76,-60,6,11267,2191,-11638
2026-02-06T06:55:55.219269,132.816440989953,-2.2499325038822575,135.3563309094771,169.60471824184518,0.10001611709594727,0.061068702290076333,0.2900763358778626,0.183206106870229,6.888674926757813,1.2795391845703126,-6.974895629882813,4,19,12,11505,2137,-11649
2026-02-06T06:55:55.322439,132.67075909913046,-2.2608978074925568,136.0189627115141,169.31589438710776,0.10260391235351562,-0.10687022900763359,1.4198473282442747,-1.1908396946564885,6.728807373046875,1.3154644775390625,-6.972500610351563,-7,93,-78,11238,2197,-11645
2026-02-06T06:55:55.421847,132.76800930227037,-2.0299285750352722,136.14439901735602,169.39679742328155,0.09952950477600098,2.3206106870229006,-0.9770992366412213,-3.9236641221374047,6.6533642578125,1.2963043212890626,-6.924600219726563,152,-64,-257,11112,2165,-11565
2026-02-06T06:55:55.521372,132.65700091660483,-2.008639295592565,136.11650860621359,168.63029883777503,0.09960341453552246,0.21374045801526717,1.1145038167938932,-0.366412213740458,6.792874145507813,1.42024658203125,-7.062912597656251,14,73,-24,11345,2372,-11796
2026-02-06T06:55:55.621034,132.56718430992305,-2.055831071984679,136.09427505644922,168.58684564920745,0.09971165657043457,-0.4732824427480916,0.9007633587786259,0.16793893129770993,6.703060913085938,1.40587646484375,-6.9641180419921875,-31,59,11,11195,2348,-11631
2026-02-06T06:55:55.721340,132.50287572118165,-2.2089467594641787,135.5557683284154,168.67677692554244,0.10029077529907227,-1.5267175572519085,0.6412213740458015,-1.0076335877862594,6.815626831054688,1.3915063476562501,-6.949149169921875,-100,42,-66,11383,2324,-11606
2026-02-06T06:55:55.821922,132.42313726439733,-2.143009189430996,135.8363753254224,168.7445157420673,0.10043978691101074,0.6564885496183206,0.7938931297709924,-0.7175572519083969,6.709048461914063,1.3747412109375001,-6.907835083007813,43,52,-47,11205,2296,-11537
2026-02-06T06:55:55.920325,132.37490586288104,-2.094777787914715,135.87483026666249,168.35141469553466,0.0987236499786377,0.48854961832061067,0.48854961832061067,0.48854961832061067,6.718628540039063,1.4280303955078126,-6.9269952392578125,32,32,32,11221,2385,-11569
2026-02-06T06:55:56.021934,132.38572886153943,-2.2153769158225045,135.22603237904517,168.55120352481995,0.1012723445892334,-1.1908396946564885,-0.10687022900763359,1.2366412213740459,6.87849609375,1.4040802001953125,-6.932982788085938,-78,-7,81,11488,2345,-11579
2026-02-06T06:55:56.120944,132.47966218540688,-2.1199285383442907,135.21647236285642,169.39920373701077,0.09923601150512695,0.9618320610687023,-0.9465648854961832,1.4198473282442747,6.867718505859376,1.2951068115234377,-6.919810180664063,63,-62,93,11470,2163,-11557
2026-02-06T06:55:56.222534,132.47193347406753,-2.2652283115241385,135.6978984730654,169.20612844583442,0.10124611854553223,-1.4351145038167938,0.07633587786259542,-0.366412213740458,6.7491650390625,1.3184582519531252,-6.915618896484375,-94,5,-24,11272,2202,-11550
2026-02-06T06:55:56.321355,132.45832010443885,-2.342370739419954,135.48225957697792,168.6530945608947,0.0990750789642334,-0.7786259541984732,0.13740458015267176,0.10687022900763359,6.841972045898438,1.3962963867187501,-6.958130493164063,-51,9,7,11427,2332,-11621
2026-02-06T06:55:56.421897,132.45525445646913,-2.420544762647791,135.7026889625534,168.25460104235563,0.10039997100830078,-0.7786259541984732,0.030534351145038167,1.0687022900763359,6.774911499023438,1.4435980224609375,-6.943161621093751,-51,2,70,11315,2411,-11596
2026-02-06T06:55:56.521814,132.34992611499234,-2.571668035201446,135.236473069728,169.01878541873492,0.09998559951782227,-1.5114503816793894,1.0534351145038168,0.2900763358778626,6.934779052734376,1.3567785644531252,-6.9922595214843755,-99,69,19,11582,2266,-11678
2026-02-06T06:55:56.621901,132.21547708074556,-2.689310940167378,135.1636945864069,168.33604305457652,0.10007286071777344,-1.1755725190839694,1.3435114503816794,0.5190839694656488,6.791676635742188,1.4100677490234377,-6.830595703125001,-77,88,34,11343,2355,-11408
2026-02-06T06:55:56.721339,132.15316452870843,-2.681711848455533,135.22642457680868,168.4223771826462,0.0995481014251709,0.07633587786259542,0.6259541984732825,-0.6259541984732825,6.791077880859375,1.402283935546875,-6.844965820312501,5,41,-41,11342,2342,-11432
2026-02-06T06:55:56.821925,132.09183409741817,-2.6341807642055852,135.14011167060968,168.08945663694706,0.10042858123779297,0.4732824427480916,0.6106870229007634,-0.22900763358778625,6.838978271484375,1.4495855712890626,-6.8725085449218755,31,40,-15,11422,2421,-11478
2026-02-06T06:55:56.920943,132.1509258728901,-2.5675131200834107,135.1098862874901,168.05683222345476,0.0992438793182373,0.6717557251908397,-0.5954198473282443,-0.5038167938931297,6.855144653320313,1.4555731201171875,-6.881489868164063,44,-39,-33,11449,2431,-11493
2026-02-06T06:55:57.021851,132.0448204470045,-2.638250070673821,135.03768632180467,168.2369248796244,0.1007232666015625,-0.7022900763358778,1.0534351145038168,1.1450381679389312,6.822811889648438,1.4226416015625,-6.831793212890625,-46,69,75,11395,2376,-11410
2026-02-06T06:55:57.121435,132.10873888831105,-2.62759699712273,134.62263486622098,168.45764325036774,0.09968233108520508,0.10687022900763359,-0.6412213740458015,0.12213740458015267,6.954537963867188,1.4016851806640627,-6.863527221679687,7,-42,8,11615,2341,-11463
2026-02-06T06:55:57.221386,131.90885399680104,-2.764922495106706,135.12259241569558,168.3927138096456,0.09994244575500488,-1.3740458015267176,2.0,-0.5343511450381679,6.841373291015626,1.4112652587890626,-6.8707122802734375,-90,131,-35,11426,2357,-11475
2026-02-06T06:55:57.321363,132.19581982561652,-2.6718112421399782,134.6699415537785,168.04443520331128,0.09998011589050293,0.9312977099236641,-2.8702290076335877,-0.732824427480916,6.899452514648438,1.44419677734375,-6.820416870117188,61,-188,-48,11523,2412,-11391
2026-02-06T06:55:57.421879,132.3506997523417,-2.5476006078356113,135.230969378762,168.33659595235315,0.10044193267822266,1.2366412213740459,-1.5419847328244274,0.6717557251908397,6.804849243164063,1.4160552978515626,-6.859934692382813,81,-101,44,11365,2365,-11457
2026-02-06T06:55:57.521361,132.5908563555652,-2.4548819192493254,135.39867690573615,168.4114779194639,0.09955859184265137,0.9312977099236641,-2.4122137404580153,-1.1145038167938932,6.835984497070313,1.4214440917968751,-6.931785278320313,61,-158,-73,11417,2374,-11577
2026-02-06T06:55:57.621425,132.7252371620586,-2.415178499149004,135.43479922472753,168.37826580947026,0.1000220775604248,0.3969465648854962,-1.3435114503816794,-0.24427480916030533,6.890471191406251,1.4388079833984375,-6.9958520507812505,26,-88,-16,11508,2403,-11684
2026-02-06T06:55:57.721079,132.7252371620586,-2.4471610338633316,135.64346441732835,169.02376633262085,0.09975504875183105,-0.32061068702290074,0.0,-0.5954198473282443,6.773713989257812,1.34360595703125,-6.927593994140626,-21,0,-39,11313,2244,-11570
2026-02-06T06:55:57.819384,132.8471359697007,-2.341816385283727,135.9833496923631,168.06063532432245,0.0985724925994873,1.0687022900763359,-1.2366412213740459,-1.816793893129771,6.719826049804688,1.4705419921875,-6.954537963867188,70,-81,-119,11223,2456,-11615
2026-02-06T06:55:57.919241,132.7861324084624,-2.288438269200218,136.47021055463358,167.81036039983744,0.09989333152770996,0.5343511450381679,0.6106870229007634,-0.183206106870229,6.682703247070313,1.5196398925781252,-7.034771118164063,35,40,-12,11161,2538,-11749
2026-02-06T06:55:58.019284,132.78002416086562,-2.227355793232228,136.21240169937275,168.12267112626103,0.10002255439758301,0.6106870229007634,0.061068702290076333,-0.0916030534351145,6.729406127929688,1.4765295410156252,-7.0204010009765625,40,4,-6,11239,2466,-11725
2026-02-06T06:55:58.119233,132.796813593566,-2.2578820345055983,135.77195851296253,168.09966390317294,0.09997344017028809,-0.3053435114503817,-0.16793893129770993,0.6412213740458015,6.773115234375,1.4663507080078126,-6.958130493164063,-20,-11,42,11312,2449,-11621
2026-02-06T06:55:58.219250,132.75558891733186,-2.2166573582714766,135.85106310304556,168.12576324864364,0.10000801086425781,0.4122137404580153,0.4122137404580153,1.0229007633587786,6.750362548828125,1.462159423828125,-6.953939208984376,27,27,67,11274,2442,-11614
2026-02-06T06:55:58.319232,132.67620668338458,-2.245662405290678,135.77220070503571,168.3077048087059,0.0999910831451416,-0.2900763358778626,0.7938931297709924,-0.10687022900763359,6.792874145507813,1.44419677734375,-6.978488159179688,-19,52,-7,11345,2412,-11655
2026-02-06T06:55:58.419268,132.7250713828866,-2.161676203021568,135.81613821494707,168.24212851805888,0.10001993179321289,0.8396946564885496,-0.48854961832061067,-0.4122137404580153,6.774312744140626,1.4507830810546876,-6.970105590820313,55,-32,-27,11314,2423,-11641
2026-02-06T06:55:58.519236,132.74033563191657,-2.199836825596469,135.82085781999507,167.74139152812896,0.09998083114624023,-0.3816793893129771,-0.15267175572519084,0.07633587786259542,6.734794921875,1.5058685302734376,-6.9305877685546875,-25,-10,5,11248,2515,-11575
2026-02-06T06:55:58.619272,132.87470746950342,-2.0868423258075293,135.88109596966132,168.47214184812114,0.10001540184020996,1.1297709923664123,-1.3435114503816794,-0.3511450381679389,6.74677001953125,1.419049072265625,-6.957531738281251,74,-88,-23,11268,2370,-11620
2026-02-06T06:55:58.719265,132.90524215552645,-2.0547809054833346,135.99537191935707,168.2352365643505,0.10000109672546387,0.32061068702290074,-0.3053435114503817,-0.2595419847328244,6.755751342773438,1.4567706298828125,-6.994654541015626,21,-20,-17,11283,2433,-11682
2026-02-06T06:55:58.819259,132.8640269141161,-2.1249994649231905,136.30846989710787,167.74973261866415,0.09998512268066406,-0.7022900763358778,0.4122137404580153,0.10687022900763359,6.659950561523438,1.51365234375,-6.971303100585938,-46,27,7,11123,2528,-11643
2026-02-06T06:55:58.919244,132.87624070116584,-2.082251210249109,136.04814359763267,168.03422027531266,0.10000038146972656,0.42748091603053434,-0.12213740458015267,-1.099236641221374,6.762936401367188,1.4867083740234375,-7.01501220703125,28,-8,-72,11295,2483,-11716
2026-02-06T06:55:59.019406,132.91140222185442,-2.137286633935595,136.00648781617014,168.16330911148378,0.10013389587402344,-0.549618320610687,-0.3511450381679389,1.5725190839694656,6.74677001953125,1.4645544433593751,-6.988068237304688,-36,-23,103,11268,2446,-11671
2026-02-06T06:55:59.119238,132.85041322052936,-2.132712458836215,135.75361775449116,168.25539859132013,0.0998694896697998,0.04580152671755725,0.6106870229007634,0.549618320610687,6.760541381835938,1.4429992675781251,-6.9407666015625,3,40,36,11291,2410,-11592
2026-02-06T06:55:59.219254,132.72369034599714,-2.1418731485614355,135.73368358762238,168.18238101634316,0.10000419616699219,-0.0916030534351145,1.2671755725190839,0.4580152671755725,6.738986206054688,1.4465917968750002,-6.913822631835938,-6,83,30,11255,2416,-11547
2026-02-06T06:55:59.319239,132.6534659261922,-2.1113407921245093,135.75136067047345,168.00691913397466,0.09999346733093262,0.3053435114503817,0.7022900763358778,0.0,6.803651733398437,1.483714599609375,-6.984475708007813,20,46,0,11363,2478,-11665
2026-02-06T06:55:59.419315,132.49617217697264,-2.151046010374114,135.861544617374,167.6195885837983,0.10002660751342773,-0.3969465648854962,1.5725190839694656,-0.21374045801526717,6.725813598632813,1.5214361572265627,-6.931186523437501,-26,103,-14,11233,2541,-11576
2026-02-06T06:55:59.519238,132.46106792042278,-2.1846239949000714,135.3430544116559,168.32100229314844,0.09997081756591797,-0.33587786259541985,0.3511450381679389,-1.099236641221374,6.80904052734375,1.4244378662109376,-6.891069946289063,-22,23,-72,11372,2379,-11509
2026-02-06T06:55:59.619266,132.47939187697787,-2.2426498573244995,135.81438764425909,167.60479973987538,0.10001826286315918,-0.5801526717557252,-0.183206106870229,-0.44274809160305345,6.7683251953125,1.53041748046875,-6.963519287109375,-38,-12,-29,11304,2556,-11630
2026-02-06T06:55:59.719360,132.4518875966546,-2.23042573273637,135.79020179557259,168.132612667198,0.10008502006530762,0.12213740458015267,0.2748091603053435,-0.15267175572519084,6.721622314453126,1.4519805908203125,-6.9096313476562505,8,18,-10,11226,2425,-11540
2026-02-06T06:55:59.819299,132.58000516527488,-2.292959307896273,135.86755621454392,167.15890540458852,0.09990119934082031,-0.6259541984732825,-1.282442748091603,0.10687022900763359,6.7174310302734375,1.57831787109375,-6.924001464843751,-41,-84,7,11219,2636,-11564
2026-02-06T06:55:59.919240,132.5296241345297,-2.2502117666579395,135.61054041420394,167.7006292299542,0.09999871253967285,0.42748091603053434,0.5038167938931297,1.282442748091603,6.809639282226563,1.5166461181640625,-6.956334228515625,28,33,84,11373,2533,-11618
2026-02-06T06:56:00.019302,132.59835354972438,-2.2120287582164515,135.41628134936508,167.57237701670647,0.10003948211669922,0.3816793893129771,-0.6870229007633588,-1.5267175572519085,6.831194458007813,1.5274237060546876,-6.931186523437501,25,-45,-100,11409,2551,-11576
2026-02-06T06:56:00.119238,132.55257073977526,-2.306646565444598,135.97709740000167,167.49117228124268,0.09995913505554199,-0.9465648854961832,0.4580152671755725,-0.3053435114503817,6.677314453125001,1.5328125000000001,-6.909032592773438,-62,30,-20,11152,2560,-11539
2026-02-06T06:56:00.219256,132.48083766544144,-2.265438203593248,135.92109079586123,167.02523033800267,0.09996843338012695,0.4122137404580153,0.7175572519083969,0.8549618320610687,6.724017333984375,1.599873046875,-6.943760375976563,27,47,56,11230,2672,-11597
2026-02-06T06:56:00.319240,132.44723878016003,-2.302091532991134,135.43702074569012,167.9807528038701,0.10003304481506348,-0.366412213740458,0.33587786259541985,0.6870229007633588,6.8162255859375005,1.4735357666015625,-6.921007690429688,-24,22,45,11384,2461,-11559
2026-02-06T06:56:00.419306,132.4884801638946,-2.286816946422782,135.2471244280782,167.48224593575026,0.10004854202270508,0.15267175572519084,-0.4122137404580153,0.42748091603053434,6.841972045898438,1.5322137451171876,-6.901248779296876,10,-27,28,11427,2559,-11526
2026-02-06T06:56:00.519237,132.54951619373938,-2.230358618816348,135.34949816008978,167.477543257986,0.09994649887084961,0.5648854961832062,-0.6106870229007634,-0.061068702290076333,6.78030029296875,1.5244299316406251,-6.863527221679687,37,-40,-4,11324,2546,-11463
2026-02-06T06:56:00.619323,132.52507446740424,-2.2257757951285106,135.42326200821063,167.65398423556607,0.10005831718444824,0.04580152671755725,0.24427480916030533,-0.3053435114503817,6.838379516601563,1.5190411376953126,-6.940167846679688,3,16,-20,11421,2537,-11591
2026-02-06T06:56:00.719254,132.42741029681144,-2.2791858884214458,135.5921702748061,167.48816740302223,0.09995317459106445,-0.5343511450381679,0.9770992366412213,0.5343511450381679,6.707850952148438,1.5196398925781252,-6.847959594726563,-35,64,35,11203,2538,-11437
2026-02-06T06:56:00.819381,132.53437903091202,-2.244039018645543,135.8165949372778,167.63866977179222,0.10009217262268066,0.3511450381679389,-1.0687022900763359,-0.7022900763358778,6.749763793945313,1.522034912109375,-6.944957885742188,23,-70,-46,11273,2542,-11599
2026-02-06T06:56:00.919280,132.4947166843269,-2.231835219696279,135.59558949465782,168.08896905153156,0.09991860389709473,0.12213740458015267,0.3969465648854962,0.7938931297709924,6.811435546875001,1.466949462890625,-6.954537963867188,8,26,52,11376,2450,-11615
2026-02-06T06:56:01.019310,132.54358522764602,-2.1310438491005947,135.8922598462562,167.42809933105747,0.10002779960632324,1.0076335877862594,-0.48854961832061067,-0.15267175572519084,6.69886962890625,1.5411950683593751,-6.910828857421875,66,-32,-10,11188,2574,-11542
2026-02-06T06:56:01.119245,132.86253728211383,-2.0715264800850686,135.9360648434006,167.63131049399178,0.09995865821838379,0.5954198473282443,-3.1908396946564888,0.10687022900763359,6.7228198242187505,1.5232324218750002,-6.946155395507813,39,-209,7,11228,2544,-11601
2026-02-06T06:56:01.219293,132.73123374968088,-2.219624650387365,135.88844767161152,167.4691163003963,0.10000443458557129,-1.4809160305343512,1.3129770992366412,0.9770992366412213,6.785090332031251,1.555565185546875,-6.998845825195313,-97,86,64,11332,2598,-11689
2026-02-06T06:56:01.319242,132.7007014660435,-2.32190780057252,135.30500126860224,167.51385520643052,0.09999322891235352,-1.0229007633587786,0.3053435114503817,0.07633587786259542,6.824608154296875,1.5274237060546876,-6.897656250000001,-67,20,5,11398,2551,-11520
2026-02-06T06:56:01.419304,132.73429530631498,-2.337177727968639,135.47110583458758,167.70984430101743,0.10001802444458008,-0.15267175572519084,-0.33587786259541985,-0.5190839694656488,6.788682861328125,1.5034735107421875,-6.901248779296876,-10,-22,-34,11338,2511,-11526
2026-02-06T06:56:01.519229,132.71597969259017,-2.353967040549709,135.8090393461565,167.57604733150504,0.09997272491455078,-0.16793893129770993,0.183206106870229,-0.8244274809160306,6.771917724609375,1.5346087646484377,-6.9659143066406255,-11,12,-54,11310,2563,-11634
2026-02-06T06:56:01.619287,132.63809508039753,-2.370765682395179,136.11827803030548,167.28078957277918,0.10002827644348145,-0.16793893129770993,0.7786259541984732,0.1984732824427481,6.691684570312501,1.5705340576171876,-6.958130493164063,-11,51,13,11176,2623,-11621
2026-02-06T06:56:01.719229,132.68999167071047,-2.257814279949393,135.75206732629627,167.34705887495173,0.09997725486755371,1.1297709923664123,-0.5190839694656488,-1.9541984732824427,6.752158813476563,1.5561639404296876,-6.931785278320313,74,-34,-128,11277,2599,-11577
2026-02-06T06:56:01.819290,132.6197577068824,-2.3448433220841514,136.123596389489,167.1696955964846,0.1000070571899414,-0.8702290076335878,0.7022900763358778,0.22900763358778625,6.734196166992188,1.5950830078125,-7.003635864257813,-57,46,15,11247,2664,-11697
2026-02-06T06:56:01.919238,132.50526109724555,-2.3173641357713084,135.39266901323404,166.9459070158986,0.09999370574951172,0.2748091603053435,1.1450381679389312,-0.07633587786259542,6.8545458984375,1.6112493896484377,-6.949149169921875,18,75,-5,11448,2691,-11606
2026-02-06T06:56:02.019300,132.29142452924307,-2.3326381763429143,135.64905940008896,167.21594962309177,0.10004496574401855,-0.15267175572519084,2.1374045801526718,0.7633587786259542,6.740782470703126,1.5645465087890627,-6.89526123046875,-10,140,50,11258,2613,-11516
2026-02-06T06:56:02.119241,132.25327364361016,-2.337216282618866,135.2984391647837,166.9649631710089,0.09995532035827637,-0.04580152671755725,0.3816793893129771,0.16793893129770993,6.74677001953125,1.57831787109375,-6.817423095703125,-3,25,11,11268,2636,-11386
2026-02-06T06:56:02.219341,132.30673456920016,-2.3280515525177243,135.2034874655976,167.12866898099574,0.10004830360412598,0.0916030534351145,-0.5343511450381679,0.7175572519083969,6.803651733398437,1.5657440185546876,-6.85215087890625,6,-35,47,11363,2615,-11444
2026-02-06T06:56:02.319241,132.38303543047144,-2.2548027256972927,135.32974186419293,167.3581570860986,0.09995412826538086,0.732824427480916,-0.7633587786259542,-0.12213740458015267,6.827003173828126,1.5489788818359376,-6.9060388183593755,48,-50,-8,11402,2587,-11534
2026-02-06T06:56:02.419271,132.36471295902751,-2.250222107836309,135.38066397176522,167.54180872497224,0.10001015663146973,0.04580152671755725,0.183206106870229,0.6412213740458015,6.803651733398437,1.5232324218750002,-6.894662475585938,3,12,42,11363,2544,-11515
2026-02-06T06:56:02.519243,132.40440303496737,-2.21816473880797,135.4497221574987,167.23517109950149,0.09998846054077148,0.32061068702290074,-0.3969465648854962,-0.24427480916030533,6.811435546875001,1.567540283203125,-6.91921142578125,21,-26,-16,11376,2618,-11556
2026-02-06T06:56:02.619249,132.367762372694,-2.253278706819957,135.4641365920352,167.4000632618295,0.09999847412109375,-0.3511450381679389,0.366412213740458,0.32061068702290074,6.781497802734376,1.5405963134765626,-6.892267456054688,-23,24,21,11326,2573,-11511
2026-02-06T06:56:02.719236,132.3753954800031,-2.3250299155257137,135.6646426755218,167.47225039442299,0.09999370574951172,-0.7175572519083969,-0.07633587786259542,-0.48854961832061067,6.70844970703125,1.52562744140625,-6.865922241210938,-47,-5,-32,11204,2548,-11467
2026-02-06T06:56:02.821823,132.35044398198605,-2.2969594802565254,135.35245421271208,167.64861389703518,0.10214519500732422,0.2748091603053435,0.24427480916030533,0.7938931297709924,6.8198181152343755,1.5118560791015625,-6.9042425537109375,18,16,52,11390,2525,-11531
2026-02-06T06:56:02.920601,132.3005600048386,-2.2757965808606335,135.36270583069404,167.0791107562842,0.09901213645935059,0.21374045801526717,0.5038167938931297,0.4580152671755725,6.81383056640625,1.5831079101562502,-6.9006500244140625,14,33,30,11380,2644,-11525
2026-02-06T06:56:03.021417,132.2836648671682,-2.0761267720288,135.61062465737996,167.03251377360453,0.10060286521911621,1.984732824427481,0.16793893129770993,0.1984732824427481,6.7808990478515625,1.5950830078125,-6.9269952392578125,130,11,13,11325,2664,-11569
2026-02-06T06:56:03.121330,132.22259695111345,-2.109714125858919,135.52346440098103,167.31759882130342,0.09999871253967285,-0.33587786259541985,0.6106870229007634,0.12213740458015267,6.753356323242188,1.5477813720703126,-6.877897338867188,-22,40,8,11279,2585,-11487
2026-02-06T06:56:03.221829,132.25938105765195,-2.123508165810855,135.31638157784835,167.12581211596566,0.10038995742797852,-0.13740458015267176,-0.366412213740458,-0.07633587786259542,6.793472900390626,1.569935302734375,-6.868916015625,-9,-24,-5,11346,2622,-11472
2026-02-06T06:56:03.320938,132.3973135402185,-2.149275772444165,135.30867297532964,167.3401691504737,0.09928107261657715,-0.2595419847328244,-1.3893129770992367,-0.0916030534351145,6.798262939453125,1.543590087890625,-6.871909790039063,-17,-91,-6,11354,2578,-11477
2026-02-06T06:56:03.421820,134.05180208191624,-2.2138561802056005,136.78578253612116,167.72541452888083,0.10071468353271484,-0.6412213740458015,-16.427480916030536,-1.3740458015267176,6.409671020507813,1.4843133544921876,-6.822213134765625,-42,-1076,-90,10705,2479,-11394
2026-02-06T06:56:03.520934,137.75326965419399,-2.55490048969065,140.14839689278003,166.30382025266644,0.09928178787231445,-3.435114503816794,-37.282442748091604,-3.480916030534351,5.992338867187501,1.749561767578125,-7.1790710449218755,-225,-2442,-228,10008,2922,-11990
2026-02-06T06:56:03.621817,140.36117445239591,-1.5123536422962456,141.8416162299387,168.31684044984732,0.10071802139282227,10.351145038167939,-25.893129770992367,4.8396946564885495,6.172564086914063,1.6244219970703127,-7.855664062500001,678,-1696,317,10309,2713,-13120
2026-02-06T06:56:03.721169,143.73912947414493,-0.5524311720869929,146.64410082721056,170.9544045936048,0.09948563575744629,9.648854961832061,-33.954198473282446,-4.137404580152672,5.3229309082031255,1.287322998046875,-8.086184692382814,632,-2224,-271,8890,2150,-13505
2026-02-06T06:56:03.819338,148.87636420562984,0.7010661263502275,150.46779302299032,170.14725262878514,0.09844613075256348,12.732824427480915,-52.18320610687023,-9.068702290076336,4.77327392578125,1.46335693359375,-8.4256787109375,834,-3418,-594,7972,2444,-14072
2026-02-06T06:56:03.919263,154.59129757189575,1.9581683937829863,156.40945030535082,172.5888120726695,0.09992742538452148,12.580152671755725,-57.19083969465649,-13.099236641221374,3.9278320312500004,1.169967041015625,-8.994495849609375,824,-3746,-858,6560,1954,-15022
2026-02-06T06:56:04.019249,160.33023707921274,2.7108412262137604,162.60851280769577,172.50254352726708,0.10000014305114746,7.526717557251908,-57.38931297709924,-17.6793893129771,2.9554541015625,1.2418176269531251,-9.435778198242188,493,-3759,-1158,4936,2074,-15759
2026-02-06T06:56:04.119242,163.87032030920952,3.1764407885893604,165.09500182625175,171.83276493586908,0.09998941421508789,4.656488549618321,-35.404580152671755,-6.305343511450381,2.5818310546875,1.3921051025390625,-9.6998291015625,305,-2319,-413,4312,2325,-16200
2026-02-06T06:56:04.219253,165.7941981563132,3.623818732399976,169.57877495422514,173.48079844087457,0.10001111030578613,4.473282442748092,-19.236641221374047,0.07633587786259542,1.7789007568359376,1.1053015136718751,-9.672286376953126,293,-1260,5,2971,1846,-16154
2026-02-06T06:56:04.319254,168.16052348377147,4.32150303862477,172.60596478984468,173.78529907064743,0.09999632835388184,6.977099236641221,-23.66412213740458,-2.564885496183206,1.2579840087890626,1.0556048583984377,-9.693841552734375,457,-1550,-168,2101,1763,-16190
2026-02-06T06:56:04.419260,169.95147248260855,4.865047662312747,172.78756027939514,173.92138909043607,0.100006103515625,5.435114503816794,-17.908396946564885,-1.4045801526717556,1.2466076660156251,1.0490185546875002,-9.85071533203125,356,-1173,-92,2082,1752,-16452
2026-02-06T06:56:04.519252,170.54227780567788,5.124574548415555,173.46744722948037,175.371486919051,0.09999418258666992,2.595419847328244,-5.908396946564886,4.2748091603053435,1.1382330322265626,0.8047265625000001,-9.939929809570312,170,-387,280,1901,1344,-16601
2026-02-06T06:56:04.619256,170.9957265417085,5.316946739458855,175.08810326613835,174.79642057932207,0.10000300407409668,1.9236641221374047,-4.534351145038168,3.9389312977099236,0.8424481201171875,0.8927435302734376,-9.80281494140625,126,-297,258,1407,1491,-16372
2026-02-06T06:56:04.719249,171.31938495344795,5.701672776054789,175.1517564704792,175.7936325655632,0.09999823570251465,3.8473282442748094,-3.236641221374046,4.320610687022901,0.8424481201171875,0.73048095703125,-9.93214599609375,252,-212,283,1407,1220,-16588
2026-02-06T06:56:04.819256,171.57435809200965,5.836029879009449,175.46885314905506,176.14560637236804,0.10000443458557129,1.3435114503816794,-2.549618320610687,-1.5572519083969465,0.7831713867187501,0.6658154296875001,-9.882449340820314,88,-167,-102,1308,1112,-16505
2026-02-06T06:56:04.919244,172.01096558388872,5.930679055570645,175.9629423130781,175.7375396048057,0.09999227523803711,0.9465648854961832,-4.366412213740458,-0.9618320610687023,0.6945556640625,0.7334747314453125,-9.84113525390625,62,-286,-63,1160,1225,-16436
2026-02-06T06:56:05.019249,172.60335120354,5.9734285332774375,177.26093065230148,175.64556772628904,0.10000324249267578,0.42748091603053434,-5.923664122137405,-0.6717557251908397,0.47062133789062505,0.7490423583984376,-9.836943969726564,28,-388,-44,786,1251,-16429
2026-02-06T06:56:05.119240,173.15448388980556,5.988695366691996,176.6947438460712,176.28009074831567,0.09999775886535645,0.15267175572519084,-5.511450381679389,0.6106870229007634,0.571212158203125,0.643062744140625,-9.890831909179688,10,-361,40,954,1074,-16519
2026-02-06T06:56:05.219244,173.46746143675952,6.1673215764169464,177.0016306993985,176.22147975955812,0.10000014305114746,1.786259541984733,-3.1297709923664123,1.6030534351145038,0.523311767578125,0.659827880859375,-9.990823974609375,117,-205,105,874,1102,-16686
2026-02-06T06:56:05.319244,173.9056331365164,6.194802728318075,177.8534090348742,176.0264028590887,0.10000085830688477,0.2748091603053435,-4.3816793893129775,-0.12213740458015267,0.37122802734375004,0.6879693603515625,-9.904004516601564,18,-287,-8,620,1149,-16541
2026-02-06T06:56:05.419250,174.18502085081502,5.990223746263343,178.04804308275925,176.07293953467797,0.09999942779541016,-2.045801526717557,-2.7938931297709924,-1.4351145038167938,0.336500244140625,0.67779052734375,-9.873468017578125,-134,-183,-94,562,1132,-16490
2026-02-06T06:56:05.519244,174.4079107728624,5.93068465749726,178.87683361550842,175.49519787234118,0.09999513626098633,-0.5954198473282443,-2.2290076335877864,-0.8396946564885496,0.1933978271484375,0.7771838378906251,-9.864486694335938,-39,-146,-55,323,1298,-16475
2026-02-06T06:56:05.619239,175.0949690542149,5.968854562016843,178.31766567038423,176.30917247916122,0.1000051498413086,0.3816793893129771,-6.870229007633588,-1.2213740458015268,0.28979736328125,0.6364764404296875,-9.866881713867189,25,-450,-80,484,1063,-16479
2026-02-06T06:56:05.719245,175.43542593308086,6.072671009384038,179.41709393392992,175.65194143561462,0.09999966621398926,1.0381679389312977,-3.404580152671756,-1.5877862595419847,0.1011895751953125,0.7562274169921875,-9.945917358398438,68,-223,-104,169,1263,-16611
2026-02-06T06:56:05.819245,175.8888725069644,6.100152619922434,179.1972791231011,175.98230547053868,0.10000252723693848,0.2748091603053435,-4.534351145038168,-0.9465648854961832,0.1383123779296875,0.6933581542968751,-9.871671752929688,18,-297,-62,231,1158,-16487
2026-02-06T06:56:05.919249,176.1911644571611,6.155114792685472,-179.3150424294808,175.69304014655947,0.10000061988830566,0.549618320610687,-3.0229007633587788,-1.450381679389313,-0.11795471191406251,0.7430548095703126,-9.866282958984376,36,-198,-95,-197,1241,-16478
2026-02-06T06:56:06.019247,176.22933099470075,6.176488053707676,-179.29021368813287,176.27009480648698,0.09999632835388184,0.21374045801526717,-0.3816793893129771,-0.030534351145038167,-0.12334350585937501,0.64905029296875,-9.956096191406251,14,-25,-2,-206,1084,-16628
2026-02-06T06:56:06.119247,176.24154530590735,6.228398876335784,-178.90729746434025,175.8199655840959,0.10000467300415039,0.5190839694656488,-0.12213740458015267,1.5267175572519085,-0.1886077880859375,0.7226971435546875,-9.888436889648437,34,-8,100,-315,1207,-16515
2026-02-06T06:56:06.219258,176.2583391830212,6.266566778867299,-179.8581790532196,176.12830364880983,0.09999990463256836,0.3816793893129771,-0.16793893129770993,1.0534351145038168,-0.024548950195312502,0.6712042236328125,-9.91777587890625,25,-11,69,-41,1121,-16564
2026-02-06T06:56:06.319253,176.42169702690074,6.243666146547739,-179.81283884284557,175.87571412878955,0.09999942779541016,-0.22900763358778625,-1.633587786259542,0.15267175572519084,-0.032332763671875,0.7137158203125,-9.898016967773438,-15,-107,10,-54,1192,-16531
2026-02-06T06:56:06.419256,176.47971389857875,6.24824642589074,-179.11779461079175,175.97387832280702,0.10000276565551758,0.04580152671755725,-0.5801526717557252,0.8854961832061069,-0.15208374023437501,0.6951544189453125,-9.876461791992188,3,-38,58,-254,1161,-16495
2026-02-06T06:56:06.519240,176.42322917384965,6.290991622983044,-179.19442801664118,175.99562149607164,0.09999322891235352,0.42748091603053434,0.5648854961832062,0.10687022900763359,-0.140108642578125,0.6975494384765626,-9.964478759765626,28,37,7,-234,1165,-16642
2026-02-06T06:56:06.619256,176.177410886488,6.138309456919895,-179.79354201598252,176.01832468822698,0.1000068187713623,-1.5267175572519085,2.4580152671755724,1.282442748091603,-0.03592529296875,0.6939569091796876,-9.969867553710937,-100,161,84,-60,1159,-16651
2026-02-06T06:56:06.719244,175.97131748053874,6.196320934150054,-179.78326288066776,175.62134449121038,0.09999346733093262,0.5801526717557252,2.0610687022900764,-0.12213740458015267,-0.037122802734375,0.7514373779296876,-9.813592529296875,38,135,-8,-62,1255,-16390
2026-02-06T06:56:06.819320,175.8536782191911,6.263543369205853,-179.83304864729666,175.9719800658962,0.10006976127624512,0.6717557251908397,1.1755725190839694,1.0534351145038168,-0.028740234375,0.6945556640625,-9.863289184570313,44,77,69,-48,1160,-16473
2026-02-06T06:56:06.919329,176.1452886421263,6.326140370987753,-179.66508211928968,175.81575400487662,0.10000252723693848,0.6259541984732825,-2.9160305343511452,0.44274809160305345,-0.0580792236328125,0.726888427734375,-9.935738525390626,41,-191,29,-97,1214,-16594
2026-02-06T06:56:07.019249,176.28564706467503,6.353601801486415,-179.69091557089953,176.01607947486698,0.0999290943145752,0.2748091603053435,-1.4045801526717556,1.4809160305343512,-0.0532891845703125,0.6879693603515625,-9.878258056640625,18,-92,97,-89,1149,-16498
2026-02-06T06:56:07.119309,176.28870212758784,6.358184395855619,-179.4073893405395,176.24287170001935,0.10005331039428711,0.04580152671755725,-0.030534351145038167,0.21374045801526717,-0.10298583984375001,0.65384033203125,-9.956694946289064,3,-2,14,-172,1092,-16629
2026-02-06T06:56:07.219254,176.18341271567905,6.41159206856298,-179.75758956572307,176.36524258085313,0.09994864463806152,0.5343511450381679,1.0534351145038168,-0.5190839694656488,-0.041912841796875,0.6292913818359376,-9.906399536132813,35,69,-34,-70,1051,-16545
2026-02-06T06:56:07.319249,176.0566967898654,6.449759516097206,-179.74372223111286,175.94441077485214,0.09999871253967285,0.3816793893129771,1.2671755725190839,-0.1984732824427481,-0.044307861328125,0.7023394775390626,-9.90580078125,25,83,-13,-74,1173,-16544
2026-02-06T06:56:07.419255,176.06738415929212,6.651292768143515,-179.5771605953295,176.14129942707996,0.10000324249267578,2.015267175572519,-0.10687022900763359,0.6564885496183206,-0.07304809570312501,0.6676116943359376,-9.898016967773438,132,-7,43,-122,1115,-16531
2026-02-06T06:56:07.519242,176.34370132621024,6.681825051780875,-179.89009335237972,176.28555483234663,0.09999322891235352,0.3053435114503817,-2.763358778625954,0.2748091603053435,-0.01916015625,0.6484515380859376,-9.988428955078126,20,-181,18,-32,1083,-16682
2026-02-06T06:56:07.619248,176.32080014789392,6.64823665691696,-179.35445089948317,176.6468361057706,0.10000181198120117,-0.33587786259541985,0.22900763358778625,-0.4732824427480916,-0.11076965332031251,0.5760021972656251,-9.830956420898438,-22,15,-31,-185,962,-16419
2026-02-06T06:56:07.719246,176.75744095285444,6.890984517017393,-179.6690931490104,176.56059951073829,0.09999990463256836,2.427480916030534,-4.366412213740458,1.0534351145038168,-0.05748046875,0.5981561279296875,-9.952503662109375,159,-286,69,-96,999,-16622
2026-02-06T06:56:07.819252,176.59102373996777,6.7551025725502996,-178.6415565791698,176.2217699833462,0.10000300407409668,-1.3587786259541985,1.6641221374045803,-0.2595419847328244,-0.23650817871093752,0.65863037109375,-9.973460083007813,-89,109,-17,-395,1100,-16657
2026-02-06T06:56:07.919242,176.49789805448705,6.74136271731544,-179.00683323308297,176.44275973324426,0.09999561309814453,-0.13740458015267176,0.9312977099236641,0.10687022900763359,-0.17064514160156252,0.611927490234375,-9.8435302734375,-9,61,7,-285,1022,-16440
2026-02-06T06:56:08.019246,176.41850635659617,7.014653369670604,-179.8029417392705,176.47812272995026,0.10000300407409668,2.732824427480916,0.7938931297709924,0.8549618320610687,-0.034129028320312504,0.61072998046875,-9.923164672851563,179,52,56,-57,1020,-16573
2026-02-06T06:56:08.119241,176.38491924300462,7.190222372535529,-179.39203673408696,176.3191565256392,0.09999799728393555,1.7557251908396947,0.33587786259541985,0.2595419847328244,-0.10538085937500001,0.6388714599609375,-9.930948486328125,115,22,17,-176,1067,-16586
2026-02-06T06:56:08.219253,176.17422488627557,7.011590200526112,-179.56422014903106,176.43529325214567,0.10000348091125488,-1.786259541984733,2.1068702290076335,0.32061068702290074,-0.07544311523437501,0.6179150390625,-9.918973388671876,-117,138,21,-126,1032,-16566
2026-02-06T06:56:08.319261,176.1192637618263,7.022277085835696,-179.8815412752955,176.63476477494098,0.09999871253967285,0.10687022900763359,0.549618320610687,1.7557251908396947,-0.020357666015625,0.5789959716796875,-9.846524047851563,7,36,115,-34,967,-16445
2026-02-06T06:56:08.419255,176.10552325139534,7.13983478618942,179.77539312519812,176.91720958415397,0.10000038146972656,1.1755725190839694,0.13740458015267176,0.10687022900763359,0.0389190673828125,0.5346881103515625,-9.927954711914063,77,9,7,65,893,-16581
2026-02-06T06:56:08.519250,176.17117173071142,7.130674533261596,179.86269908976942,176.54420714980273,0.09999942779541016,-0.0916030534351145,-0.6564885496183206,0.030534351145038167,0.023950195312500002,0.6035449218750001,-9.994416503906251,-6,-43,2,40,1008,-16692
2026-02-06T06:56:08.619280,175.99253146703023,7.1245671738195036,-179.58695828130527,176.74424073830744,0.10000801086425781,-0.061068702290076333,1.786259541984733,-0.8702290076335878,-0.0712518310546875,0.5622308349609375,-9.883646850585938,-4,117,-57,-119,939,-16507
2026-02-06T06:56:08.719263,175.90703414232692,7.051283752645243,-179.7037758124982,176.43610351391484,0.10000133514404297,-0.732824427480916,0.8549618320610687,0.6870229007633588,-0.051492919921875005,0.62031005859375,-9.959688720703125,-48,56,45,-86,1036,-16634
2026-02-06T06:56:08.822456,175.84907104404843,7.079482016672612,179.50695110224936,176.5146829514968,0.10261034965515137,0.2748091603053435,0.5648854961832062,-0.1984732824427481,0.085023193359375,0.6017486572265626,-9.880054321289062,18,37,-13,142,1005,-16501
2026-02-06T06:56:08.920995,175.76154142481695,7.1292833517525915,179.75795529829404,176.16756554781264,0.09884810447692871,0.5038167938931297,0.8854961832061069,-0.10687022900763359,0.041912841796875,0.664617919921875,-9.921368408203126,33,58,-7,70,1110,-16570
2026-02-06T06:56:09.021351,175.91158088654979,7.293101947726181,179.9067463571734,176.5847473466451,0.1002814769744873,1.633587786259542,-1.4961832061068703,0.10687022900763359,0.0161663818359375,0.592767333984375,-9.932744750976562,107,-98,7,27,990,-16589
2026-02-06T06:56:09.121252,175.87799841757055,7.2854695684127195,-179.64045840496155,176.40580165516886,0.09998416900634766,-0.07633587786259542,0.33587786259541985,0.48854961832061067,-0.0622705078125,0.6233038330078126,-9.923164672851563,-5,22,32,-104,1041,-16573
2026-02-06T06:56:09.221739,175.87186690323242,7.340653197455949,179.88889451907193,176.42150404215906,0.1004035472869873,0.549618320610687,0.061068702290076333,-0.48854961832061067,0.01916015625,0.6179150390625,-9.880653076171875,36,4,-32,32,1032,-16502
2026-02-06T06:56:09.319952,175.90642229473335,7.556999996418258,-179.94477516937815,176.56293047797607,0.09840774536132812,2.198473282442748,-0.3511450381679389,0.5343511450381679,-0.009580078125,0.5969586181640625,-9.9393310546875,144,-23,35,-16,997,-16600
2026-02-06T06:56:09.419230,175.82897022116293,7.509921285032313,-179.8686513147078,176.98866386698217,0.0994727611541748,-0.4732824427480916,0.7786259541984732,-0.2595419847328244,-0.022752685546875002,0.5221142578125,-9.9249609375,-31,51,-17,-38,872,-16576
2026-02-06T06:56:09.519204,175.78164946941948,7.42291216085885,-179.88258370342942,176.61268823993586,0.09998416900634766,-0.8702290076335878,0.4732824427480916,0.183206106870229,-0.020357666015625,0.587977294921875,-9.933942260742189,-57,31,12,-34,982,-16591
2026-02-06T06:56:09.619206,175.73585071636538,7.366427032092142,179.76776792466478,176.44136096288585,0.09999394416809082,-0.5648854961832062,0.4580152671755725,-0.0916030534351145,0.0401165771484375,0.61552001953125,-9.897418212890626,-37,30,-6,67,1028,-16530
2026-02-06T06:56:09.719323,175.7282110752952,7.277807195678009,179.64277307377117,176.56360498431616,0.10007929801940918,-0.8854961832061069,0.07633587786259542,0.7786259541984732,0.061671752929687504,0.59396484375,-9.8914306640625,-58,5,51,103,992,-16520
2026-02-06T06:56:09.819327,175.83967277657914,7.312925265945548,179.7985486470701,176.3406380356407,0.10001015663146973,0.3511450381679389,-1.1145038167938932,-0.3511450381679389,0.034727783203125,0.6316864013671876,-9.877060546875,23,-73,-23,58,1055,-16496
2026-02-06T06:56:09.919451,175.9329010439285,7.364888562500929,-179.78860299455644,176.4143883189765,0.10010576248168945,0.5190839694656488,-0.9312977099236641,0.44274809160305345,-0.036524047851562505,0.62031005859375,-9.899214477539063,34,-61,29,-61,1036,-16533
2026-02-06T06:56:10.019257,176.1096610549754,7.431935463242856,179.73727231065695,176.7642657861312,0.0998084545135498,0.6717557251908397,-1.7709923664122138,-0.44274809160305345,0.045505371093750004,0.5610333251953126,-9.923763427734375,44,-116,-29,76,937,-16574
2026-02-06T06:56:10.119245,176.22263077379202,7.383083692943774,179.8344655251814,176.51427858126206,0.09999346733093262,-0.48854961832061067,-1.1297709923664123,-0.9923664122137404,0.028740234375,0.6059399414062501,-9.947713623046875,-32,-74,-65,48,1012,-16614
2026-02-06T06:56:10.219247,176.14781972288193,7.331173984149028,-179.03061493418676,176.48875222432875,0.10000252723693848,-0.5190839694656488,0.7480916030534351,-0.10687022900763359,-0.1682501220703125,0.6101312255859376,-9.943522338867188,-34,49,-7,-281,1019,-16607
2026-02-06T06:56:10.319241,176.1676669375589,7.3082733518294685,-179.95828484209008,176.16792895635027,0.09999942779541016,-0.22900763358778625,-0.1984732824427481,1.786259541984733,-0.00718505859375,0.661025390625,-9.868677978515626,-15,-13,117,-12,1104,-16482
2026-02-06T06:56:10.419250,176.14934520867052,7.445686318492159,-179.77491801581672,176.53793922212043,0.100006103515625,1.3740458015267176,0.183206106870229,0.21374045801526717,-0.0389190673828125,0.5993536376953126,-9.906998291015626,90,12,14,-65,1001,-16546
2026-02-06T06:56:10.519246,176.1172846291813,7.503700700425007,-179.81963976671514,176.51501572186328,0.09999847412109375,0.5801526717557252,0.32061068702290074,-0.5038167938931297,-0.03113525390625,0.602347412109375,-9.890831909179688,38,21,-33,-52,1006,-16519
2026-02-06T06:56:10.619246,176.0852262664389,7.526599530955305,179.57480080210544,176.53688505644365,0.0999915599822998,0.22900763358778625,0.32061068702290074,-0.6259541984732825,0.0736468505859375,0.6005511474609375,-9.923763427734375,15,21,-41,123,1003,-16574
2026-02-06T06:56:10.719243,176.10049411904737,7.580037015084999,-179.50545705321068,176.54920875446197,0.10000443458557129,0.5343511450381679,-0.15267175572519084,-0.5954198473282443,-0.08562194824218751,0.5981561279296875,-9.919572143554689,35,-10,-39,-143,999,-16567
2026-02-06T06:56:10.819250,175.98751928242123,7.341873845981275,179.97244898715056,176.6186002656786,0.09999799728393555,-2.381679389312977,1.1297709923664123,-0.4580152671755725,0.0047900390625,0.5885760498046876,-9.961484985351563,-156,74,-30,8,983,-16637
2026-02-06T06:56:10.919241,176.005840268754,7.318972613065295,-179.909573325818,176.6164137233455,0.10000205039978027,-0.22900763358778625,-0.183206106870229,0.5343511450381679,-0.015567626953125,0.583187255859375,-9.863887939453125,-15,-12,35,-26,974,-16474
2026-02-06T06:56:11.019288,175.9356019515119,7.355618691626393,179.93093152702104,176.37529335963043,0.10001325607299805,0.366412213740458,0.7022900763358778,-0.2595419847328244,0.011975097656250001,0.6292913818359376,-9.933942260742189,24,46,-17,20,1051,-16591
2026-02-06T06:56:11.119235,176.0393966172489,7.326617240905759,-179.8094075087767,176.2938085001862,0.09997868537902832,-0.2900763358778626,-1.0381679389312977,-0.549618320610687,-0.032931518554687504,0.6412664794921875,-9.899813232421875,-19,-68,-36,-55,1071,-16534
2026-02-06T06:56:11.219256,175.97832200363408,7.276230684673511,-179.6282029014823,176.37715721368173,0.10000967979431152,-0.5038167938931297,0.6106870229007634,0.16793893129770993,-0.0640667724609375,0.6251000976562501,-9.872869262695312,-33,40,11,-107,1044,-16489
2026-02-06T06:56:11.319245,175.90962125326857,7.363251635136493,-179.63746073522006,176.35875221710373,0.09999775886535645,0.8702290076335878,0.6870229007633588,-0.061068702290076333,-0.0628692626953125,0.63228515625,-9.935738525390626,57,45,-4,-105,1056,-16594
2026-02-06T06:56:11.419251,175.92336189473875,7.2624869310218845,179.45411208806172,176.3563433731614,0.10000133514404297,-1.0076335877862594,-0.13740458015267176,-0.061068702290076333,0.094603271484375,0.63228515625,-9.929152221679688,-66,-9,-4,158,1056,-16583
2026-02-06T06:56:11.519265,175.9890238346946,7.282338215194583,-179.66903572214085,176.07633600604098,0.10001993179321289,0.1984732824427481,-0.6564885496183206,-1.1450381679389312,-0.0568817138671875,0.6753955078125,-9.847122802734376,13,-43,-75,-95,1128,-16446
2026-02-06T06:56:11.619249,175.97375984046312,7.256389425001069,-179.88676059998437,176.14538678010058,0.09997916221618652,-0.2595419847328244,0.15267175572519084,-0.3969465648854962,-0.0197589111328125,0.6735992431640625,-9.997410278320313,-17,10,-26,-33,1125,-16697
2026-02-06T06:56:11.719245,176.0027673080679,7.157153351616311,-179.4690810149534,175.89835387669262,0.09999942779541016,-0.9923664122137404,-0.2900763358778626,0.3969465648854962,-0.0916094970703125,0.70892578125,-9.886041870117188,-65,-19,26,-153,1184,-16511
2026-02-06T06:56:11.819245,175.9523848358913,7.289979869172771,-179.6053642936832,175.925454012389,0.10000157356262207,1.3282442748091603,0.5038167938931297,1.1297709923664123,-0.06825805664062501,0.7059320068359375,-9.909992065429687,87,33,74,-114,1179,-16551
2026-02-06T06:56:11.919245,175.85925359944366,7.369370431390425,-179.86152941100207,176.22866331122415,0.10000157356262207,0.7938931297709924,0.9312977099236641,0.9465648854961832,-0.023950195312500002,0.6532415771484376,-9.909992065429687,52,61,62,-40,1091,-16551
2026-02-06T06:56:12.019243,175.93406126153394,7.306776265151625,179.9655301572611,175.88106958784246,0.09999799728393555,-0.6259541984732825,-0.7480916030534351,-0.2900763358778626,0.0059875488281250005,0.7167095947265625,-9.952503662109375,-41,-49,-19,10,1197,-16622
2026-02-06T06:56:12.119237,175.89742086133901,7.222808681371555,-179.5825011019515,175.91537223783064,0.09999775886535645,-0.8396946564885496,0.366412213740458,0.21374045801526717,-0.0718505859375,0.7041357421875001,-9.860295410156251,-55,24,14,-120,1176,-16468
2026-02-06T06:56:12.219241,175.93711652100558,7.386171588460905,179.8165378240748,176.10483122422963,0.10000252723693848,1.633587786259542,-0.3969465648854962,0.6564885496183206,0.031734008789062504,0.6747967529296875,-9.9105908203125,107,-26,43,53,1127,-16552
2026-02-06T06:56:12.319238,175.95543615326642,7.31899960350444,-179.93455063204186,175.91462802147572,0.09999465942382812,-0.6717557251908397,-0.183206106870229,1.1755725190839694,-0.011376342773437501,0.71132080078125,-9.959089965820313,-44,-12,77,-19,1188,-16633
2026-02-06T06:56:12.419249,175.99055246542443,7.221284647934306,-179.69345935740978,175.9728103871083,0.1000051498413086,-0.9770992366412213,-0.3511450381679389,-0.8244274809160306,-0.052690429687500005,0.6933581542968751,-9.8483203125,-64,-23,-54,-88,1158,-16448
2026-02-06T06:56:12.519252,176.01498038896182,7.341897520400182,179.91349759046338,176.09614045756697,0.10000181198120117,1.2061068702290076,-0.24427480916030533,0.6564885496183206,0.0149688720703125,0.6765930175781251,-9.914782104492188,79,-16,43,25,1130,-16559
2026-02-06T06:56:12.619257,176.05314783649604,7.421285811271373,179.962042069234,175.91781643984626,0.09999871253967285,0.7938931297709924,-0.3816793893129771,0.10687022900763359,0.006586303710937501,0.7095245361328125,-9.941726074218751,52,-25,7,11,1185,-16604
2026-02-06T06:56:12.719240,176.0470414088884,7.416705990565639,-179.97921555852486,176.10891012076218,0.09999275207519531,-0.04580152671755725,0.061068702290076333,-0.24427480916030533,-0.003592529296875,0.6735992431640625,-9.90340576171875,-3,4,-16,-6,1125,-16540
2026-02-06T06:56:12.819242,176.12643518884687,7.39838434903676,179.74066661928583,176.10216584023692,0.1000056266784668,-0.183206106870229,-0.7938931297709924,-0.2595419847328244,0.0449066162109375,0.6759942626953125,-9.921368408203126,-12,-52,-17,75,1129,-16570
2026-02-06T06:56:12.919342,176.11115459631432,7.404496586049783,-179.60785451303332,176.05350365768422,0.10008788108825684,0.061068702290076333,0.15267175572519084,-0.2748091603053435,-0.0676593017578125,0.6819818115234375,-9.885443115234375,4,10,-18,-113,1139,-16510
2026-02-06T06:56:13.019254,176.13098491785195,7.433479363681703,-179.63015424358434,175.91782223922888,0.0999143123626709,0.2900763358778626,-0.1984732824427481,0.0,-0.0640667724609375,0.7083270263671876,-9.9249609375,19,-13,0,-107,1183,-16576
2026-02-06T06:56:13.119224,176.1370908213027,7.494538398189396,179.67386792370937,176.17187841418635,0.09998416900634766,0.6106870229007634,-0.061068702290076333,-0.12213740458015267,0.056282958984375006,0.6616241455078126,-9.887838134765625,40,-4,-8,94,1105,-16514
2026-02-06T06:56:13.219251,176.30047242332063,7.654866138487368,179.85135969882626,176.05516967410688,0.10001397132873535,1.6030534351145038,-1.633587786259542,0.24427480916030533,0.025746459960937502,0.6843768310546875,-9.924362182617188,105,-107,16,43,1143,-16575
2026-02-06T06:56:13.319234,176.28978597116847,7.5876941535309035,-179.73774699871376,176.30595356889492,0.09999465942382812,-0.6717557251908397,0.10687022900763359,-1.251908396946565,-0.045505371093750004,0.641865234375,-9.941726074218751,-44,7,-82,-76,1072,-16604
2026-02-06T06:56:13.419257,176.22565900278468,7.4899768683746535,-179.27815787723333,175.922029135723,0.10000753402709961,-0.9770992366412213,0.6412213740458015,0.2900763358778626,-0.124541015625,0.7047344970703125,-9.884844360351563,-64,42,19,-208,1177,-16509
2026-02-06T06:56:13.519255,176.1905462905652,7.688440024397752,-179.94458823824968,175.96853288683764,0.09999489784240723,1.984732824427481,0.3511450381679389,0.5801526717557252,-0.009580078125,0.6981481933593751,-9.90580078125,130,23,38,-16,1166,-16544
2026-02-06T06:56:13.619250,176.21192189573344,7.6533229587642255,179.8721464131674,176.42129921312625,0.10000729560852051,-0.3511450381679389,-0.21374045801526717,-0.3511450381679389,0.0221539306640625,0.6209088134765626,-9.927954711914063,-23,-14,-23,37,1037,-16581
2026-02-06T06:56:13.719267,176.31728112970612,7.694550485101361,-179.6603399300971,176.17235292756052,0.10001492500305176,0.4122137404580153,-1.0534351145038168,-0.9007633587786259,-0.058677978515625,0.662222900390625,-9.898016967773438,27,-69,-59,-98,1106,-16531
2026-02-06T06:56:13.819259,176.31728112970612,7.674706488165233,-179.45476962578047,176.07554028275518,0.09998321533203125,-0.1984732824427481,0.0,0.3816793893129771,-0.094603271484375,0.6819818115234375,-9.941127319335939,-13,0,25,-158,1139,-16603
2026-02-06T06:56:13.919248,176.2684288934898,7.677759752928752,-179.76738798179431,176.1036689165053,0.09999442100524902,0.030534351145038167,0.48854961832061067,0.9465648854961832,-0.0401165771484375,0.67300048828125,-9.881251831054689,2,32,62,-67,1124,-16503
2026-02-06T06:56:14.019243,176.33407909451563,7.7266157164828435,179.41498095359148,176.18730374947745,0.10000205039978027,0.48854961832061067,-0.6564885496183206,0.4732824427480916,0.1011895751953125,0.6604266357421875,-9.909992065429687,32,-43,31,169,1103,-16551
2026-02-06T06:56:14.119239,176.48979671128848,7.8502738239200935,-179.5402886612098,176.26875264916492,0.09999513626098633,1.2366412213740459,-1.5572519083969465,-0.5648854961832062,-0.0796343994140625,0.6472540283203125,-9.9249609375,81,-102,-37,-133,1081,-16576
2026-02-06T06:56:14.219248,176.51727884598375,7.830425615529064,-179.31489167417124,176.2681535681273,0.10000443458557129,-0.1984732824427481,-0.2748091603053435,-1.1755725190839694,-0.118553466796875,0.6466552734375001,-9.914183349609376,-13,-18,-77,-198,1080,-16558
2026-02-06T06:56:14.321787,176.54066459641217,7.881874266471568,-179.31026290544565,176.30108021203924,0.10211777687072754,0.5038167938931297,-0.22900763358778625,0.4122137404580153,-0.1197509765625,0.643062744140625,-9.947114868164062,33,-15,27,-200,1074,-16613
2026-02-06T06:56:14.421419,176.29406719717375,7.922973833011303,-179.1619242447651,175.9932314803082,0.09970450401306152,0.4122137404580153,2.4732824427480917,0.061068702290076333,-0.1442999267578125,0.690963134765625,-9.864486694335938,27,162,4,-241,1154,-16475
2026-02-06T06:56:14.521409,176.24216231499022,8.180971629746994,179.10041092395198,176.36486949126916,0.09999322891235352,2.5801526717557253,0.5190839694656488,0.366412213740458,0.15627502441406252,0.63228515625,-9.952503662109375,169,34,24,261,1056,-16622
2026-02-06T06:56:14.621353,176.1918073501297,8.113831676599629,-179.7760145127503,176.51699721846126,0.09994697570800781,-0.6717557251908397,0.5038167938931297,1.2366412213740459,-0.0389190673828125,0.6059399414062501,-9.955497436523437,-44,33,81,-65,1012,-16627
2026-02-06T06:56:14.721464,176.03748549759854,8.161197789752752,-179.5156767090934,175.75867064347534,0.10008001327514648,0.4732824427480916,1.5419847328244274,0.8702290076335878,-0.0844244384765625,0.7406597900390626,-9.987231445312501,31,101,57,-141,1237,-16680
2026-02-06T06:56:14.820971,174.16136488659703,8.731331686937168,179.3608346192827,175.9745448836921,0.09958338737487793,5.7251908396946565,18.83969465648855,8.870229007633588,0.11076965332031251,0.6987469482421875,-9.929152221679688,375,1234,581,185,1167,-16583
2026-02-06T06:56:14.920992,172.9564441214992,8.638175582157743,176.76179835939453,174.4899391195641,0.10002827644348145,-0.9312977099236641,12.045801526717558,8.83969465648855,0.5358856201171875,0.9136999511718751,-9.471703491210938,-61,789,579,895,1526,-15819
2026-02-06T06:56:15.021501,176.41904833116615,10.260600406704965,179.28508365843024,176.76404258714078,0.10044312477111816,16.15267175572519,-34.47328244274809,3.068702290076336,0.116158447265625,0.5263055419921875,-9.308842163085938,1058,-2258,201,194,879,-15547
2026-02-06T06:56:15.121082,178.75776616307627,6.913709673262732,179.68114553993385,176.69347193689117,0.09960079193115234,-33.603053435114504,-23.480916030534353,0.04580152671755725,0.0580792236328125,0.6029461669921875,-10.436297607421876,-2201,-1538,3,97,1007,-17430
2026-02-06T06:56:15.220956,179.25512674200638,5.424679228367694,-179.3925564892935,174.03843046321964,0.0999298095703125,-14.900763358778626,-4.977099236641221,4.717557251908397,-0.099393310546875,0.9789642333984375,-9.374705200195313,-976,-326,309,-166,1635,-15657
2026-02-06T06:56:15.321903,179.36280585427332,4.983194868073206,-177.40263925419896,172.6155389669806,0.10075688362121582,-4.3816793893129775,-1.0687022900763359,-1.3282442748091603,-0.44786865234375,1.2795391845703126,-9.872869262695312,-287,-70,-87,-748,2137,-16489
2026-02-06T06:56:15.421342,179.4904944441702,4.7627800402750475,-178.53852788179123,172.69210275723563,0.09956669807434082,-2.213740458015267,-1.282442748091603,1.7251908396946565,-0.247884521484375,1.2460089111328125,-9.715995483398437,-145,-84,113,-414,2081,-16227
2026-02-06T06:56:15.520650,179.56184720993053,4.853868677415918,-177.30919115054408,172.12319211425876,0.09943842887878418,0.916030534351145,-0.7175572519083969,0.9465648854961832,-0.45744873046875,1.3465997314453126,-9.733359375000001,60,-47,62,-764,2249,-16256
2026-02-06T06:56:15.621359,179.5480283708064,4.6020587200426855,-178.04676378066517,171.79566680449582,0.1005704402923584,-2.50381679389313,0.13740458015267176,0.6717557251908397,-0.32871643066406253,1.3897100830078126,-9.638756103515625,-164,9,44,-549,2321,-16098
2026-02-06T06:56:15.721877,-179.9842937848039,4.53459044085204,-176.96163734449453,171.69531177067233,0.10043573379516602,-0.6717557251908397,-4.656488549618321,-2.33587786259542,-0.5269042968750001,1.44898681640625,-9.926757202148439,-44,-305,-153,-880,2420,-16579
2026-02-06T06:56:15.821372,179.74208649788207,4.25793050445673,-177.32079686816058,171.4275848505188,0.09956717491149902,-2.7786259541984735,2.7480916030534353,1.0076335877862594,-0.45984375,1.4813195800781251,-9.82676513671875,-182,180,66,-768,2474,-16412
2026-02-06T06:56:15.921042,-179.87728370054975,4.01889498907191,-177.4029391479797,171.9756809188356,0.09972500801086426,-2.3969465648854964,-3.816793893129771,0.4122137404580153,-0.449066162109375,1.3956976318359375,-9.900411987304688,-157,-250,27,-750,2331,-16535
2026-02-06T06:56:16.020947,-179.79337617641175,3.751916503178253,-177.05066621389454,170.93590343421107,0.09992623329162598,-2.6717557251908395,-0.8396946564885496,2.50381679389313,-0.5029541015625,1.5573614501953126,-9.762099609375001,-175,-55,164,-840,2601,-16304
2026-02-06T06:56:16.119265,-179.4787345624151,3.5833047291704703,-176.46105396422954,171.1132345560998,0.09860777854919434,-1.7099236641221374,-3.1908396946564888,-1.1908396946564885,-0.6041436767578126,1.5274237060546876,-9.768685913085937,-112,-209,-78,-1009,2551,-16315
2026-02-06T06:56:16.219241,-179.00861475121874,3.7008346819695612,-176.68283118304512,170.76469274977234,0.09997677803039551,1.1755725190839694,-4.702290076335878,0.030534351145038167,-0.56282958984375,1.5789166259765626,-9.710606689453126,77,-308,2,-940,2637,-16218
2026-02-06T06:56:16.319295,-178.80093433292757,3.390841116432014,-175.709290350322,170.49594744282516,0.10002255439758301,-3.099236641221374,-2.0763358778625953,2.183206106870229,-0.74006103515625,1.651365966796875,-9.863887939453125,-203,-136,143,-1236,2758,-16474
2026-02-06T06:56:16.419245,-178.28500886727824,2.932919105500664,-176.36299464446074,170.69579210530685,0.09997963905334473,-4.580152671755725,-5.1603053435114505,-2.0763358778625953,-0.6376739501953125,1.6435821533203125,-10.032138061523439,-300,-338,-136,-1065,2745,-16755
2026-02-06T06:56:16.519235,-177.77664998105453,2.601646197661187,-174.88401021430818,169.1596210770145,0.09999251365661621,-3.312977099236641,-5.083969465648855,-6.580152671755725,-0.8580157470703126,1.8351837158203126,-9.583670654296876,-217,-333,-431,-1433,3065,-16006
2026-02-06T06:56:16.619257,-176.50021490067914,3.0154188134288042,-173.92153834391212,169.56615726939157,0.10000777244567871,4.137404580152672,-12.763358778625955,0.7022900763358778,-1.0238708496093751,1.7705181884765626,-9.614805908203126,271,-836,46,-1710,2957,-16058
2026-02-06T06:56:16.719226,-175.57210208441452,3.335984095362305,-172.9466732141026,170.93500770606306,0.09998583793640137,3.2061068702290076,-9.282442748091603,2.6106870229007635,-1.2244537353515625,1.5789166259765626,-9.896220703125001,210,-608,171,-2045,2637,-16528
2026-02-06T06:56:16.819244,-175.1903748293868,3.4550829989309513,-172.57621666409221,169.82138799282347,0.10001254081726074,1.1908396946564885,-3.816793893129771,1.5725190839694656,-1.2531939697265626,1.72680908203125,-9.617799682617187,78,-250,103,-2093,2884,-16063
2026-02-06T06:56:16.919266,-175.15677810625252,3.717748288889876,-172.02617774688687,169.6183508286453,0.10002660751342773,2.6259541984732824,-0.33587786259541985,7.435114503816794,-1.3651611328125002,1.7854870605468751,-9.745933227539062,172,-22,487,-2280,2982,-16277
2026-02-06T06:56:17.019248,-178.2978833868302,2.3211927341140846,-172.54400232084998,170.19156772551187,0.09997200965881348,-13.969465648854962,31.419847328244273,-8.244274809160306,-1.311273193359375,1.7321978759765626,-10.019564208984375,-915,2058,-540,-2190,2893,-16734
2026-02-06T06:56:17.119273,-177.56331759008728,3.043541220308258,-176.72889036095486,169.92104797668162,0.10002923011779785,7.221374045801527,-7.343511450381679,1.6488549618320612,-0.53887939453125,1.6759149169921876,-9.428593139648438,473,-481,108,-900,2799,-15747
2026-02-06T06:56:17.219241,-177.68999695959877,2.703185805837615,-174.30787217604927,169.15637251532976,0.09996986389160156,-3.404580152671756,1.2671755725190839,-0.04580152671755725,-0.9717791748046876,1.8675164794921877,-9.749525756835938,-223,83,-3,-1623,3119,-16283
2026-02-06T06:56:17.319274,-177.2501297506666,2.8589721090010998,-175.09250567228,169.71905121212336,0.10003924369812012,1.5572519083969465,-4.396946564885496,-0.7022900763358778,-0.8352630615234375,1.7645306396484375,-9.727970581054688,102,-288,-46,-1395,2947,-16247
2026-02-06T06:56:17.419244,-177.22113355607462,2.7750357562349026,-174.32725638838173,168.93394745355178,0.0999605655670166,-0.8396946564885496,-0.2900763358778626,0.7786259541984732,-0.9627978515625001,1.8956579589843752,-9.69264404296875,-55,-19,51,-1608,3166,-16188
2026-02-06T06:56:17.519233,-177.13107770817865,2.744508350168474,-174.00214012135373,168.8609499982035,0.09997725486755371,-0.3053435114503817,-0.9007633587786259,0.9007633587786259,-1.0268646240234376,1.924398193359375,-9.773475952148438,-20,-59,59,-1715,3214,-16323
2026-02-06T06:56:17.619241,-177.03945181023968,2.762833529756268,-174.41918309405816,168.63302032819033,0.10002493858337402,0.183206106870229,-0.916030534351145,0.5648854961832062,-0.9490264892578125,1.9525396728515625,-9.712402954101563,12,-60,37,-1585,3261,-16221
2026-02-06T06:56:17.719252,-177.0180756954745,2.6513723599091725,-173.91400736122154,168.74723885476158,0.10000967979431152,-1.1145038167938932,-0.21374045801526717,-1.8931297709923665,-1.0460247802734375,1.9519409179687501,-9.810598754882813,-73,-14,-124,-1747,3260,-16385
2026-02-06T06:56:17.819252,-176.94938116947188,2.8177657673377103,-174.31325219536416,168.85566377292668,0.09998869895935059,1.6641221374045803,-0.6870229007633588,-1.2213740458015268,-0.9645941162109376,1.9082318115234376,-9.686656494140626,109,-45,-80,-1611,3187,-16178
