timestamp,gyro_angle_around_y,gyro_angle_around_x,accel_angle_around_y,accel_angle_around_x,dt,gyro_dps_x,gyro_dps_y,gyro_dps_z,accel_ms2_x,accel_ms2_y,accel_ms2_z,gyro_raw_x,gyro_raw_y,gyro_raw_z,accel_raw_x,accel_raw_y,accel_raw_z
2026-02-06T07:03:50.581767,-0.0037613024238411703,0.001713068430660335,-6.074982073484789,3.3434849757302105,0.002439260482788086,0.7022900763358778,1.5419847328244274,-0.8854961832061069,-1.0340496826171877,0.5676196289062501,9.715995483398437,46,101,-58,-1727,948,16227
2026-02-06T07:03:50.681933,0.22403776008664197,-0.010517753717553523,-5.997046913728916,3.3960875857478405,0.10013985633850098,-0.12213740458015267,-2.2748091603053435,-0.549618320610687,-1.0196795654296875,0.5760021972656251,9.706415405273438,-8,-149,-36,-1703,962,16211
2026-02-06T07:03:50.781925,-0.15152634191149064,0.03833611320903283,-5.94351290060785,3.5257319863385,0.09999775886535645,0.48854961832061067,3.7557251908396947,-0.2748091603053435,-1.0106982421875002,0.5981561279296875,9.708211669921875,32,246,-18,-1688,999,16214
2026-02-06T07:03:50.881933,-0.05228884893519278,0.05207668915959715,-6.176043198050915,3.7359985769879804,0.10000085830688477,0.13740458015267176,-0.9923664122137404,0.15267175572519084,-1.047821044921875,0.63228515625,9.68306396484375,9,-65,10,-1750,1056,16172
2026-02-06T07:03:50.981924,0.017941431234811095,0.04291621783307491,-6.124125993524833,3.5276370946772695,0.10000181198120117,-0.0916030534351145,-0.7022900763358778,-0.2748091603053435,-1.0400372314453126,0.5975573730468751,9.693242797851562,-6,-46,-18,-1737,998,16189
2026-02-06T07:03:51.081912,0.04236766582226935,0.038336298847926484,-5.883930734801162,3.6813845214573155,0.09999489784240723,-0.04580152671755725,-0.24427480916030533,-0.7022900763358778,-0.9993218994140626,0.623902587890625,9.696835327148438,-3,-16,-46,-1669,1042,16195
2026-02-06T07:03:51.181933,0.013358676706561604,0.05360418785619372,-5.829343964050435,3.449638354803607,0.10000467300415039,0.15267175572519084,0.2900763358778626,-0.3053435114503817,-0.9897418212890625,0.5843847656250001,9.694440307617189,10,19,-20,-1653,976,16191
2026-02-06T07:03:51.281924,-0.09198247385389023,0.06123760456347284,-6.0787182410093346,3.4894110085404795,0.09999775886535645,0.07633587786259542,1.0534351145038168,-0.12213740458015267,-1.031055908203125,0.590372314453125,9.681866455078126,5,69,-8,-1722,986,16170
2026-02-06T07:03:51.381940,-0.22022937818337945,0.07039809772986493,-6.279956916438648,3.6204134679698408,0.10000205039978027,0.0916030534351145,1.282442748091603,0.030534351145038167,-1.0663824462890625,0.613125,9.6902490234375,6,84,2,-1781,1024,16184
2026-02-06T07:03:51.481989,-0.055237504362150025,-0.01820864932227681,-6.19355208674799,3.4183796925997605,0.10006451606750488,-0.8854961832061069,-1.6488549618320612,0.13740458015267176,-1.0508148193359375,0.5783972167968751,9.68306396484375,-58,-108,9,-1755,966,16172
2026-02-06T07:03:51.581927,0.15683588362832104,-0.08228837806759899,-6.071713101608628,3.5286011012562994,0.09993386268615723,-0.6412213740458015,-2.122137404580153,-0.549618320610687,-1.0328521728515625,0.5987548828125,9.710007934570314,-42,-139,-36,-1725,1000,16217
2026-02-06T07:03:51.681924,0.2957680425571121,-0.09602892125835855,-6.131239910107339,3.49396639421685,0.10000061988830566,-0.13740458015267176,-1.3893129770992367,0.3053435114503817,-1.04183349609375,0.5921685791015625,9.698631591796875,-9,-91,20,-1740,989,16198
2026-02-06T07:03:51.781941,0.29882175139798456,-0.0593844151678886,-6.333196588577739,3.553849623286895,0.10000896453857422,0.366412213740458,-0.030534351145038167,-0.183206106870229,-1.0753637695312501,0.6017486572265626,9.689051513671876,24,-2,-12,-1796,1005,16182
2026-02-06T07:03:51.881916,0.34919725665609336,-0.06549053701735634,-6.246280862949685,3.4108049877659896,0.09998774528503418,-0.061068702290076333,-0.5038167938931297,0.04580152671755725,-1.0621911621093751,0.5783972167968751,9.704619140625,-4,-33,3,-1774,966,16208
2026-02-06T07:03:51.981928,0.3079740546131861,0.027643363894397074,-6.200555317265902,3.587803853277356,0.10000443458557129,0.9312977099236641,0.4122137404580153,-0.04580152671755725,-1.0520123291015626,0.607137451171875,9.68306396484375,61,27,-3,-1757,1014,16172
2026-02-06T07:03:52.081912,0.295761257637548,0.033749762382216136,-6.271461539750314,3.554090686776768,0.09999227523803711,0.061068702290076333,0.12213740458015267,-0.3969465648854962,-1.06578369140625,0.602347412109375,9.698032836914063,4,8,-26,-1780,1006,16197
2026-02-06T07:03:52.182372,0.22080662778315646,0.10870439223660769,-6.208613166816747,3.49224588714832,0.10019445419311523,0.7480916030534351,0.7480916030534351,-0.16793893129770993,-1.0556048583984377,0.5921685791015625,9.703421630859376,49,49,-11,-1763,989,16206
2026-02-06T07:03:52.281920,0.10651695091305792,0.11022825459487567,-6.330878640119242,3.5662093458771356,0.09981298446655273,0.015267175572519083,1.1450381679389312,0.3511450381679389,-1.076561279296875,0.604742431640625,9.703421630859376,1,75,23,-1798,1010,16206
2026-02-06T07:03:52.381925,0.11109685897827143,0.16213387933396203,-6.390299563765971,3.6336222032563033,0.09999465942382812,0.5190839694656488,-0.04580152671755725,0.5038167938931297,-1.0855426025390627,0.61552001953125,9.69264404296875,34,-3,33,-1813,1028,16188
2026-02-06T07:03:52.481909,0.08972303739940841,0.10717262384545714,-6.397714487802961,3.6217526120813512,0.09999895095825195,-0.549618320610687,0.21374045801526717,-0.22900763358778625,-1.086141357421875,0.613125,9.686656494140626,-36,14,-15,-1814,1024,16178
2026-02-06T07:03:52.581923,-0.018679749874668333,0.1468694191852599,-6.583421046115456,3.6302673608842073,0.1000053882598877,0.3969465648854962,1.083969465648855,-0.9465648854961832,-1.119671630859375,0.61552001953125,9.701625366210939,26,71,-62,-1870,1028,16203
2026-02-06T07:03:52.681904,-0.03547274611378451,0.1880885917721814,-6.7322418979428305,3.601919738902908,0.09999465942382812,0.4122137404580153,0.16793893129770993,0.183206106870229,-1.1430230712890626,0.609532470703125,9.68306396484375,27,11,12,-1909,1018,16172
2026-02-06T07:03:52.781920,0.02712470338544766,0.1896153588331383,-6.849191388198511,3.7241205179235077,0.10000324249267578,0.015267175572519083,-0.6259541984732825,-0.5801526717557252,-1.1645782470703125,0.631087646484375,9.695637817382813,1,-41,-38,-1945,1054,16193
2026-02-06T07:03:52.881921,0.03475828389175059,0.20182908764322297,-6.677146414777123,3.5953053180243435,0.09999990463256836,0.12213740458015267,-0.07633587786259542,0.3053435114503817,-1.1334429931640626,0.6083349609375001,9.681866455078126,8,-5,20,-1893,1016,16170
2026-02-06T07:03:52.981962,0.02865032749321618,0.22015295683882619,-6.786814660814682,3.710255267905008,0.10001778602600098,0.183206106870229,0.061068702290076333,0.07633587786259542,-1.1538006591796877,0.628692626953125,9.695039062500001,12,4,5,-1927,1050,16192
2026-02-06T07:03:53.081927,0.12634711229164175,0.2293120304136786,-6.844588775336419,3.6779616168084868,0.09998655319213867,0.0916030534351145,-0.9770992366412213,-0.2900763358778626,-1.162781982421875,0.622705078125,9.687255249023439,6,-64,-19,-1942,1040,16179
2026-02-06T07:03:53.181924,0.2866431301786699,0.17588002445133588,-6.8547758020956175,3.686496821805954,0.09999418258666992,-0.5343511450381679,-1.6030534351145038,0.030534351145038167,-1.1651770019531251,0.6245013427734375,9.69264404296875,-35,-105,2,-1946,1043,16188
2026-02-06T07:03:53.284024,0.18876833224114564,0.19296927488487187,-6.626333910856867,3.6385538551018497,0.10175871849060059,0.16793893129770993,0.9618320610687023,-0.2748091603053435,-1.124461669921875,0.61552001953125,9.679471435546876,11,63,-18,-1878,1028,16166
2026-02-06T07:03:53.384496,0.18263821565467886,0.2128921537908889,-6.8928070348978325,3.582513340241567,0.10038065910339355,0.1984732824427481,0.061068702290076333,-0.030534351145038167,-1.169967041015625,0.6059399414062501,9.67827392578125,13,4,-2,-1954,1012,16164
2026-02-06T07:03:53.485084,0.17957004881997138,0.23130115479913377,-6.8669231061815825,3.7297109929341983,0.10048246383666992,0.183206106870229,0.030534351145038167,-0.0916030534351145,-1.1669732666015626,0.6316864013671876,9.6902490234375,12,2,-6,-1949,1055,16184
2026-02-06T07:03:53.584035,0.22346184635890343,0.24794976765872867,-6.8498933807117135,3.7264152906356527,0.09913492202758789,0.16793893129770993,-0.44274809160305345,-0.13740458015267176,-1.1639794921875,0.631087646484375,9.689650268554688,11,-29,-9,-1944,1054,16183
2026-02-06T07:03:53.685076,0.23270046073971806,0.26642699642035794,-6.875810790874402,3.6130246044067365,0.10085487365722656,0.183206106870229,-0.0916030534351145,0.33587786259541985,-1.1651770019531251,0.6101312255859376,9.662706298828125,12,-6,22,-1946,1019,16138
2026-02-06T07:03:53.784020,0.21605040644871362,0.25431786602690015,-6.881482711124867,3.617373712819284,0.09914350509643555,-0.12213740458015267,0.16793893129770993,-0.2900763358778626,-1.1681707763671876,0.611927490234375,9.679471435546876,-8,11,-19,-1951,1022,16166
2026-02-06T07:03:53.885083,0.30536419016714306,0.2419987234450478,-6.810453762953658,3.6829881238954325,0.10086297988891602,-0.12213740458015267,-0.8854961832061069,0.04580152671755725,-1.1597882080078126,0.6251000976562501,9.711205444335938,-8,-58,3,-1937,1044,16219
2026-02-06T07:03:53.983626,0.28726081629745825,0.26462794078215385,-6.955341393805888,3.7357682289475367,0.09881424903869629,0.22900763358778625,0.183206106870229,-0.732824427480916,-1.1813433837890626,0.63228515625,9.683662719726563,15,12,-48,-1973,1056,16173
2026-02-06T07:03:54.085080,0.23473713780177452,0.2816208955895809,-6.78506503057432,3.690361601603111,0.10118532180786133,0.16793893129770993,0.5190839694656488,0.12213740458015267,-1.1520043945312501,0.6245013427734375,9.682465209960938,11,34,8,-1924,1043,16171
2026-02-06T07:03:54.184021,0.24987307759641686,0.30281121130208016,-6.93194498143619,3.6479474516558392,0.09914040565490723,0.21374045801526717,-0.15267175572519084,0.16793893129770993,-1.178349609375,0.6179150390625,9.692045288085938,14,-10,11,-1968,1032,16187
2026-02-06T07:03:54.285091,0.06662150011717813,0.38288753087283994,-7.067911519012828,3.734386736141325,0.10086536407470703,0.7938931297709924,1.816793893129771,-0.5343511450381679,-1.201102294921875,0.63228515625,9.687255249023439,52,119,-35,-2006,1056,16179
2026-02-06T07:03:54.384027,0.14835066103753236,0.38591453683285304,-6.948785282134569,3.601919738902908,0.09913444519042969,0.030534351145038167,-0.8244274809160306,-0.04580152671755725,-1.1801458740234376,0.609532470703125,9.68306396484375,2,-54,-3,-1971,1018,16172
2026-02-06T07:03:54.485826,0.1560950606833887,0.41534325548710704,-7.078305233518107,3.796419796112084,0.10145163536071777,0.2900763358778626,-0.07633587786259542,-0.366412213740458,-1.201102294921875,0.641865234375,9.672885131835939,19,-5,-24,-2006,1072,16155
2026-02-06T07:03:54.584025,0.1365358338101219,0.4318933705337174,-6.90233154155983,3.7003849417828425,0.09854841232299805,0.16793893129770993,0.1984732824427481,-0.4122137404580153,-1.17116455078125,0.6256988525390625,9.674681396484376,11,13,-27,-1956,1045,16158
2026-02-06T07:03:54.685072,0.06108964672525416,0.4580685782978552,-7.084382290599822,3.665385941008348,0.10085153579711914,0.2595419847328244,0.7480916030534351,0.21374045801526717,-1.201102294921875,0.619112548828125,9.664502563476564,17,49,14,-2006,1034,16141
2026-02-06T07:03:54.784485,-0.06503140835361629,0.4975763786840074,-7.387785211473477,3.816896429346048,0.09952926635742188,0.3969465648854962,1.2671755725190839,0.21374045801526717,-1.2555889892578125,0.6460565185546875,9.683662719726563,26,83,14,-2097,1079,16173
2026-02-06T07:03:54.884424,0.10584338384730213,0.44570367390872856,-7.104069486942378,3.731704000317881,0.09993124008178711,-0.5190839694656488,-1.7099236641221374,0.10687022900763359,-1.205892333984375,0.631087646484375,9.67587890625,-34,-112,7,-2014,1054,16160
2026-02-06T07:03:54.984495,0.02486531061070564,0.4839008782656137,-7.003168230226872,3.8432701334262633,0.10007667541503906,0.3816793893129771,0.8091603053435115,0.4732824427480916,-1.1879296875,0.6496490478515625,9.670490112304687,25,53,31,-1984,1085,16151
2026-02-06T07:03:55.084500,-0.1613949418977927,0.5693973876137768,-7.387921452956344,3.884644532680529,0.10000038146972656,0.8549618320610687,1.8625954198473282,1.1450381679389312,-1.2507989501953125,0.6550378417968751,9.646539916992188,56,122,75,-2089,1094,16111
2026-02-06T07:03:55.183721,-0.5148468454375522,0.6907542643656256,-7.3383674901485545,4.254890128996402,0.09936094284057617,1.2213740458015268,3.5572519083969465,1.6030534351145038,-1.2406201171875,0.7167095947265625,9.633367309570312,80,233,105,-2072,1197,16089
2026-02-06T07:03:55.282048,-0.4757381395529245,0.6381079295209344,-7.7434553892001885,3.850604833431451,0.09852385520935059,-0.5343511450381679,-0.3969465648854962,-0.2748091603053435,-1.313668212890625,0.650247802734375,9.660910034179688,-35,-26,-18,-2194,1086,16135
2026-02-06T07:03:55.381925,-0.26053583712978223,0.6594755340168492,-8.052744024086813,3.7696487594935233,0.09996986389160156,0.21374045801526717,-2.1526717557251906,-0.24427480916030533,-1.3705499267578125,0.6382727050781251,9.687255249023439,14,-141,-16,-2289,1066,16179
2026-02-06T07:03:55.481925,-0.11855530192833827,0.4915415676495499,-7.132039934715818,4.204730964857349,0.09999704360961914,-1.6793893129770991,-1.4198473282442747,0.7480916030534351,-1.2034973144531251,0.7071295166015625,9.6183984375,-110,-93,49,-2010,1181,16064
2026-02-06T07:03:55.581917,-0.30939617957777654,0.5388701053066106,-7.276269476388553,3.6900163280264873,0.10000061988830566,0.4732824427480916,1.9083969465648856,1.4045801526717556,-1.2328363037109376,0.622705078125,9.655521240234375,31,125,92,-2059,1040,16126
2026-02-06T07:03:55.681915,-0.002549655564868747,0.5266573083309725,-7.178359880834507,3.636938826538747,0.09999227523803711,-0.12213740458015267,-3.068702290076336,-0.5954198473282443,-1.2160711669921875,0.6137237548828125,9.655521240234375,-8,-201,-39,-2031,1025,16126
2026-02-06T07:03:55.781917,0.22647304753310804,0.5526132146820765,-7.2829481054381855,3.6686030067533646,0.1000065803527832,0.2595419847328244,-2.2900763358778624,-1.83206106870229,-1.2364288330078126,0.62031005859375,9.674681396484376,17,-150,-120,-2065,1036,16158
2026-02-06T07:03:55.881916,0.2753281957320584,0.5862011290688549,-7.036819358060098,3.75780811844683,0.10000038146972656,0.33587786259541985,-0.48854961832061067,-0.33587786259541985,-1.193917236328125,0.6352789306640625,9.672286376953126,22,-32,-22,-1994,1061,16154
2026-02-06T07:03:55.981923,0.1913588101627262,0.6121553027902848,-6.628451395908656,3.7487229293250577,0.09999990463256836,0.2595419847328244,0.8396946564885496,0.9770992366412213,-1.1256591796875,0.63468017578125,9.686656494140626,17,55,64,-1880,1060,16178
2026-02-06T07:03:56.081903,0.05243327599445369,0.6610082378824247,-7.234928643944906,3.8119574475467264,0.09999585151672363,0.48854961832061067,1.3893129770992367,1.0076335877862594,-1.2286450195312502,0.6448590087890625,9.67827392578125,32,91,66,-2052,1077,16164
2026-02-06T07:03:56.181915,0.1394579610751785,0.6365802561053792,-7.298329834396903,3.7700317845856817,0.10000205039978027,-0.24427480916030533,-0.8702290076335878,0.12213740458015267,-1.23822509765625,0.6370751953125,9.668095092773438,-16,-57,8,-2068,1064,16147
2026-02-06T07:03:56.281920,0.01884652640073349,0.6762751586564624,-6.978348413489085,3.668150211431195,0.10000061988830566,0.3969465648854962,1.2061068702290076,0.12213740458015267,-1.184337158203125,0.62031005859375,9.67587890625,26,79,8,-1978,1036,16160
2026-02-06T07:03:56.382182,0.23148102068719062,0.8506660388626215,-7.483267526953562,3.9226727732870743,0.10019826889038086,1.7404580152671756,-2.122137404580153,1.5114503816793894,-1.277742919921875,0.667012939453125,9.727371826171876,114,-139,99,-2134,1114,16246
2026-02-06T07:03:56.481946,1.011830868611809,0.7759841198229608,-6.292674677955233,3.6977070428674446,0.09982991218566895,-0.7480916030534351,-7.816793893129771,4.152671755725191,-1.057401123046875,0.6197113037109375,9.589059448242187,-49,-512,272,-1766,1035,16015
2026-02-06T07:03:56.581922,0.5325631658539516,1.558991545029269,-7.399594659887111,4.3311615595478115,0.0999746322631836,7.8320610687022905,4.793893129770993,9.938931297709924,-1.28133544921875,0.7472460937500001,9.866282958984376,513,314,651,-2140,1248,16478
2026-02-06T07:03:56.681902,0.9508365019587159,2.8367097286777643,-6.9028665688778235,5.2352482915965215,0.09998869895935059,12.778625954198473,-4.183206106870229,8.320610687022901,-1.2017010498046876,0.9095086669921876,9.926158447265626,837,-274,545,-2007,1519,16578
2026-02-06T07:03:56.781975,5.296533526355074,5.58979888362739,-3.0879862893356353,8.078344663164007,0.10001516342163086,27.52671755725191,-43.45038167938932,16.595419847328245,-0.525706787109375,1.3831237792968751,9.744735717773438,1803,-2846,1087,-878,2310,16275
2026-02-06T07:03:56.881917,7.6078549523389984,9.317835159884154,-0.4846028313111397,10.58258845262217,0.09999442100524902,37.282442748091604,-23.114503816793892,9.923664122137405,-0.08083190917968751,1.7854870605468751,9.556726684570313,2442,-1514,650,-135,2982,15961
2026-02-06T07:03:56.981914,7.371220162806621,14.342126078278053,-0.4874150793794798,15.796795886721155,0.09999728202819824,50.2442748091603,2.366412213740458,15.358778625954198,-0.0820294189453125,2.72792724609375,9.642348632812501,3291,155,1006,-137,4556,16104
2026-02-06T07:03:57.081917,9.4002161863196,18.165004966823197,0.22780041117768837,19.42119802876266,0.09999942779541016,38.229007633587784,-20.290076335877863,10.0,0.037122802734375,3.2919543457031253,9.336983642578126,2504,-1329,655,62,5498,15594
2026-02-06T07:03:57.181930,9.433805221819696,22.864416388154936,3.0533035893982126,25.51848691235971,0.10000371932983398,46.99236641221374,-0.33587786259541985,7.312977099236641,0.46223876953125004,4.136797485351563,8.665779418945313,3078,-22,479,772,6909,14473
2026-02-06T07:03:57.281917,8.305621201755438,26.894735485542817,3.276455121850296,28.966944631266234,0.09999465942382812,40.30534351145038,11.282442748091603,6.885496183206107,0.487386474609375,4.712799682617188,8.513695678710938,2640,739,451,814,7871,14219
2026-02-06T07:03:57.381921,7.398715081105706,30.552895527759578,2.4535633393074967,31.31384292255436,0.10000395774841309,36.58015267175573,9.068702290076336,2.3053435114503817,0.358055419921875,5.0834289550781255,8.356223144531251,2396,594,151,598,8490,13956
2026-02-06T07:03:57.481919,8.775845837047083,34.28427864031027,-0.056402006139176356,35.75297288834407,0.10000228881835938,37.31297709923664,-13.770992366412214,8.580152671755725,-0.0077838134765625,5.692961425781251,7.907156982421875,2444,-902,562,-13,9508,13206
2026-02-06T07:03:57.581919,10.426170855078079,37.236849024095605,5.385978478255541,39.574191793269556,0.09999656677246094,29.52671755725191,-16.50381679389313,16.732824427480917,0.707728271484375,6.204298095703125,7.506589965820313,1934,-1081,1096,1182,10362,12537
2026-02-06T07:03:57.681913,11.554384464525995,39.46426939782295,8.541561123268059,42.46303247196514,0.09999728202819824,22.27480916030534,-11.282442748091603,11.297709923664122,1.0735675048828126,6.5413970947265625,7.147935791015625,1459,-739,740,1793,10925,11938
2026-02-06T07:03:57.781915,12.391042840389806,40.13298539896957,10.267059300454925,44.21716230733671,0.10000205039978027,6.687022900763359,-8.366412213740459,3.572519083969466,1.2591815185546875,6.764133911132813,6.951544189453125,438,-548,234,2103,11297,11610
2026-02-06T07:03:57.881917,11.044456765851903,40.352836186649235,8.612436668255752,44.495434359836786,0.10000157356262207,2.198473282442748,13.465648854961833,-1.1145038167938932,1.0544073486328125,6.84017578125,6.961723022460938,144,882,-73,1761,11424,11627
2026-02-06T07:03:57.981973,10.378545098632348,39.598339939845424,9.138470489451493,44.63538179388209,0.10003948211669922,-7.541984732824427,6.656488549618321,-1.297709923664122,1.1118878173828126,6.824608154296875,6.9120263671875,-494,436,-85,1857,11398,11544
2026-02-06T07:03:58.081922,9.951226642113607,38.34538117983869,6.351666966968791,42.447543653556686,0.09996199607849121,-12.534351145038167,4.2748091603053435,-0.7480916030534351,0.803529052734375,6.602470092773438,7.2185888671875,-821,280,-49,1342,11027,12056
2026-02-06T07:03:58.182030,10.86006021135636,37.47931624914854,7.047021267204904,39.55627604593858,0.10004806518554688,-8.65648854961832,-9.083969465648854,4.33587786259542,0.9370513916015626,6.261179809570312,7.58023681640625,-567,-595,284,1565,10457,12660
2026-02-06T07:03:58.282124,11.3079074211703,37.90882159371413,8.64815183321606,40.034673770649206,0.10011601448059082,4.290076335877862,-4.473282442748092,-0.04580152671755725,1.136436767578125,6.2773461914062505,7.471862182617188,281,-293,-3,1898,10484,12479
2026-02-06T07:03:58.381889,12.312382184822141,39.151077940263825,9.567923733517233,41.78786630555836,0.0998377799987793,12.442748091603054,-10.061068702290076,2.9923664122137406,1.2250524902343751,6.49529296875,7.267686767578125,815,-659,196,2046,10848,12138
2026-02-06T07:03:58.481878,13.497057386937033,40.55253649121933,12.398792428818934,44.35687522836584,0.09999513626098633,14.01526717557252,-11.84732824427481,4.9465648854961835,1.5178436279296876,6.7509613037109375,6.9042425537109375,918,-776,324,2535,11275,11531
2026-02-06T07:03:58.581928,12.666412939552133,41.349588699923224,12.854909322966384,44.52686432547633,0.10001325607299805,7.969465648854962,8.305343511450381,1.0229007633587786,1.5765216064453125,6.795269165039063,6.908433837890625,522,544,67,2633,11349,11538
2026-02-06T07:03:58.681874,12.661833380924838,41.53277104501507,12.191780731151372,45.27736847854397,0.09998703002929688,1.83206106870229,0.04580152671755725,0.6412213740458015,1.4759307861328126,6.897656250000001,6.831194458007813,120,3,42,2465,11520,11409
2026-02-06T07:03:58.781872,12.388556411248128,41.40300265159317,9.977178812270244,44.77624776784926,0.09999799728393555,-1.297709923664122,2.732824427480916,1.4961832061068703,1.2184661865234376,6.8725085449218755,6.926396484375,-85,179,98,2035,11478,11568
2026-02-06T07:03:58.881869,11.82827431191015,41.14652474235944,10.404130450610634,45.52911482656302,0.09999585151672363,-2.564885496183206,5.603053435114504,1.1450381679389312,1.2502001953125002,6.9359765625000005,6.80904052734375,-168,367,75,2088,11584,11372
2026-02-06T07:03:58.981874,11.780945210056451,40.7510977300979,9.95203805309845,43.84314427045625,0.10000181198120117,-3.954198473282443,0.4732824427480916,0.916030534351145,1.2340338134765625,6.7545538330078125,7.032974853515626,-259,31,60,2061,11281,11746
2026-02-06T07:03:59.081872,12.277151602825137,41.184705777932685,10.521254439152559,43.67668542878856,0.10000467300415039,4.33587786259542,-4.961832061068702,-0.22900763358778625,1.3100756835937502,6.735393676757813,7.0539312744140625,284,-325,-15,2188,11249,11781
2026-02-06T07:03:59.181869,12.58400910137264,41.70376821328667,12.04225689806219,44.90251152896383,0.09999585151672363,5.190839694656488,-3.068702290076336,0.732824427480916,1.4663507080078126,6.850354614257813,6.8737060546875,340,-201,48,2449,11441,11480
2026-02-06T07:03:59.281871,12.330566373490196,42.03660263906,11.857602453839348,45.62932419991901,0.10000300407409668,3.3282442748091605,2.5343511450381677,0.13740458015267176,1.4262341308593751,6.943760375976563,6.792874145507813,218,166,9,2382,11597,11345
2026-02-06T07:03:59.381874,11.953474689075966,42.02591583018996,11.161258041163748,45.43569148522343,0.09999799728393555,-0.10687022900763359,3.7709923664122136,1.2213740458015268,1.3489947509765625,6.941964111328125,6.8371820068359375,-7,247,80,2253,11594,11419
2026-02-06T07:03:59.481857,12.113764591799438,42.22284342496451,11.108211394542927,45.3216728859762,0.0999903678894043,1.9694656488549618,-1.6030534351145038,0.12213740458015267,1.3430072021484376,6.917415161132813,6.84017578125,129,-105,8,2243,11553,11424
2026-02-06T07:03:59.581855,12.548883867627792,42.74345982165738,11.43714485490023,45.35624117963419,0.10000109672546387,5.206106870229007,-4.351145038167939,0.8396946564885496,1.3843212890625,6.928192749023438,6.8425708007812505,341,-285,55,2312,11571,11428
2026-02-06T07:03:59.681858,12.838956468887911,43.40146661714744,13.00324437497328,46.463670648745705,0.09999871253967285,6.580152671755725,-2.900763358778626,0.32061068702290074,1.542392578125,7.0293823242187505,6.679110717773438,431,-190,21,2576,11740,11155
2026-02-06T07:03:59.781909,12.76566885445864,44.20152307466697,12.382209489681502,47.30775640850553,0.1000070571899414,8.0,0.732824427480916,1.450381679389313,1.447789306640625,7.148534545898438,6.594686279296876,524,48,95,2418,11939,11014
2026-02-06T07:03:59.881910,13.324449611984136,45.2335880803698,14.431226808677394,47.55184160895208,0.10000038146972656,10.320610687022901,-5.587786259541985,-5.4961832061068705,1.6747174072265625,7.115004272460938,6.5078668212890625,676,-366,-360,2797,11883,10869
2026-02-06T07:03:59.981952,13.48325647834603,46.09022896526425,16.737060798074644,50.4042427106945,0.10001778602600098,8.564885496183207,-1.5877862595419847,-7.312977099236641,1.8016534423828126,7.243137817382813,5.991141357421875,561,-104,-479,3009,12097,10006
2026-02-06T07:04:00.081932,12.319865525223825,46.60169349189934,11.906906423365456,50.05777547873182,0.10000276565551758,5.114503816793893,11.633587786259541,2.9160305343511452,1.3184582519531252,7.467072143554688,6.252797241210938,335,762,191,2202,12471,10443
2026-02-06T07:04:00.181913,11.748986695558969,46.77570468596831,11.696769818579781,50.00756425827239,0.09998011589050293,1.7404580152671756,5.709923664122138,7.1603053435114505,1.3010943603515626,7.49162109375,6.284531250000001,114,374,469,2173,12512,10496
2026-02-06T07:04:00.285094,12.010620335586196,47.04047166300185,12.122236530771366,49.71449905945743,0.10261678695678711,2.5801526717557253,-2.549618320610687,4.366412213740458,1.3549822998046877,7.442523193359375,6.3084814453125,169,-167,286,2263,12430,10536
2026-02-06T07:04:00.383635,12.669902364716274,47.55190554829956,13.646979877707894,50.233918815111366,0.0988168716430664,5.175572519083969,-6.67175572519084,3.450381679389313,1.5028747558593751,7.438331909179688,6.189927978515625,339,-437,226,2510,12423,10338
2026-02-06T07:04:00.485138,12.80747277864063,47.913607535471456,14.752980834990876,51.04567273708355,0.10124564170837402,3.572519083969466,-1.3587786259541985,0.6106870229007634,1.6052618408203125,7.540120239257813,6.0959234619140625,234,-89,40,2681,12593,10181
2026-02-06T07:04:00.584485,12.781657648450546,48.18087005979233,14.510557564402642,51.55623232239403,0.09946417808532715,2.687022900763359,0.2595419847328244,0.030534351145038167,1.560355224609375,7.5946069335937505,6.0288629150390625,176,17,2,2606,12684,10069
2026-02-06T07:04:00.685110,12.74329664506985,48.07345925032639,14.717394086075625,51.86279705777951,0.10050582885742188,-1.0687022900763359,0.3816793893129771,-0.10687022900763359,1.5765216064453125,7.644303588867188,6.0019189453125,-70,25,-7,2633,12767,10024
2026-02-06T07:04:00.784008,12.490610945315762,47.69367415668401,14.416689700135056,51.24253516311657,0.09910726547241211,-3.83206106870229,2.549618320610687,-0.21374045801526717,1.5627502441406251,7.572453002929688,6.079158325195313,-251,167,-14,2610,12647,10153
2026-02-06T07:04:00.885179,11.85901162824558,47.16836838321832,13.600796081563807,50.450395657749866,0.10090184211730957,-5.206106870229007,6.259541984732825,-0.7938931297709924,1.4962884521484376,7.489226074218751,6.184539184570313,-341,410,-52,2499,12508,10329
2026-02-06T07:04:00.984490,11.606862570493277,46.8569794865965,12.201728716814213,49.45795837513527,0.09949254989624023,-3.1297709923664123,2.5343511450381677,-0.42748091603053434,1.3681549072265626,7.397017822265625,6.327042846679688,-205,166,-28,2285,12354,10567
2026-02-06T07:04:01.085116,11.709677375909937,46.86465223326939,12.541538689835912,49.83878053169048,0.10051298141479492,0.07633587786259542,-1.0229007633587786,-0.24427480916030533,1.3962963867187501,7.437733154296875,6.276747436523438,5,-67,-16,2332,12422,10483
2026-02-06T07:04:01.184478,11.53805554004116,46.64594830083484,13.279795959385307,50.09447978525905,0.09947991371154785,-2.198473282442748,1.7251908396946565,0.2900763358778626,1.4705419921875,7.450307006835938,6.230643310546875,-144,113,19,2456,12443,10406
2026-02-06T07:04:01.284159,11.178803716907066,46.26234042189504,12.003642741658222,49.473600757140076,0.09970760345458984,-3.8473282442748094,3.6030534351145036,-1.0076335877862594,1.3454022216796875,7.401807861328125,6.3276416015625,-252,236,-66,2247,12362,10568
2026-02-06T07:04:01.381977,10.989895154501646,46.049443470612744,11.291495561802416,48.6568710879393,0.09820246696472168,-2.16793893129771,1.9236641221374047,-0.732824427480916,1.28612548828125,7.320975952148438,6.441405029296876,-142,126,-48,2148,12227,10758
2026-02-06T07:04:01.481965,11.098271839491284,46.009756233855974,11.641035051778749,48.851188430819974,0.09998130798339844,-0.3969465648854962,-1.083969465648855,0.10687022900763359,1.3202545166015627,7.3335498046875,6.408473510742188,-26,-71,7,2205,12248,10703
2026-02-06T07:04:01.581913,11.101324288899661,45.78387497763598,12.084391423626323,49.50027455357828,0.09996771812438965,-2.2595419847328246,-0.030534351145038167,0.061068702290076333,1.3549822998046877,7.410190429687501,6.328839111328126,-148,-2,4,2263,12376,10570
2026-02-06T07:04:01.681905,10.927292346954346,45.49534833704243,11.368084186255706,48.3553336206175,0.09999203681945801,-2.885496183206107,1.7404580152671756,-1.282442748091603,1.2998968505859376,7.270680541992188,6.465355224609375,-189,114,-84,2171,12143,10798
2026-02-06T07:04:01.781933,10.727257251739502,45.32890692194,11.01237595411176,47.86935567524893,0.10001754760742188,-1.6641221374045803,2.0,-0.6717557251908397,1.274150390625,7.238347778320313,6.547384643554688,-109,131,-44,2128,12089,10935
2026-02-06T07:04:01.881931,10.785275921566797,45.42509576928526,10.651644978249752,47.92707998664607,0.1000058650970459,0.9618320610687023,-0.5801526717557252,-0.549618320610687,1.229842529296875,7.243736572265625,6.539002075195313,63,-38,-36,2054,12098,10921
2026-02-06T07:04:01.981916,10.843282695944984,45.507526448664784,11.073871151344074,48.50464641373023,0.09998536109924316,0.8244274809160306,-0.5801526717557252,-0.04580152671755725,1.2645703125,7.304210815429688,6.461163940429688,54,-38,-3,2112,12199,10791
2026-02-06T07:04:02.081916,10.695192293356394,45.49225939685153,11.235766509513223,48.23557657149827,0.09999918937683105,-0.15267175572519084,1.4809160305343512,-0.15267175572519084,1.2903167724609375,7.27367431640625,6.49529296875,-10,97,-10,2155,12148,10848
2026-02-06T07:04:02.182086,10.634051723334625,45.48003128284718,11.206431062201565,48.59933099839754,0.10011768341064453,-0.12213740458015267,0.6106870229007634,-1.083969465648855,1.2759466552734375,7.3048095703125,6.44020751953125,-8,40,-71,2131,12200,10756
2026-02-06T07:04:02.281955,10.673714259198604,45.47698031854995,10.625670348409553,47.88550035096494,0.09991908073425293,-0.030534351145038167,-0.3969465648854962,-0.22900763358778625,1.227447509765625,7.237150268554688,6.542594604492188,-2,-26,-15,2050,12087,10927
2026-02-06T07:04:02.381922,10.846175594184235,45.48766376408003,10.931972058753654,48.119063791511,0.09996652603149414,0.10687022900763359,-1.7251908396946565,-0.6717557251908397,1.2591815185546875,7.270680541992188,6.5192431640625,7,-113,-44,2103,12143,10888
2026-02-06T07:04:02.481960,10.794248064055697,45.458645438419964,10.573250281389896,48.40298456301176,0.1000368595123291,-0.2900763358778626,0.5190839694656488,-0.7786259541984732,1.208287353515625,7.2916369628906255,6.473139038085938,-19,34,-51,2018,12178,10811
2026-02-06T07:04:02.581918,10.797300273225508,45.455593229250155,10.657310932792685,47.891570454909896,0.0999598503112793,-0.030534351145038167,-0.030534351145038167,0.13740458015267176,1.2316387939453126,7.241341552734375,6.5449896240234375,-2,-2,9,2057,12094,10931
2026-02-06T07:04:02.681918,10.788139714539506,45.52277065961417,10.639047614841907,48.11861051649608,0.10000276565551758,0.6717557251908397,0.0916030534351145,-0.0916030534351145,1.22385498046875,7.265890502929688,6.5150518798828125,44,6,-6,2044,12135,10881
2026-02-06T07:04:02.781917,10.83241395367921,45.60673904418947,10.956529637755448,48.30802690636262,0.09999871253967285,0.8396946564885496,-0.44274809160305345,0.015267175572519083,1.2555889892578125,7.281458129882813,6.485712890625,55,-29,1,2097,12161,10832
2026-02-06T07:04:02.881897,10.818674196723764,45.67238454964326,10.798449672522016,48.481629666983906,0.09999489784240723,0.6564885496183206,0.13740458015267176,-0.42748091603053434,1.232237548828125,7.29762451171875,6.4605651855468755,43,9,-28,2058,12188,10790
2026-02-06T07:04:02.981952,10.881289853394488,45.831214508027536,10.316898296294973,48.08445525307986,0.10003232955932617,1.5877862595419847,-0.6259541984732825,0.22900763358778625,1.18553466796875,7.25451416015625,6.512656860351563,104,-41,15,1980,12116,10877
2026-02-06T07:04:03.081928,10.948450467058722,46.086119564434966,11.14599649931188,48.62601206620607,0.09997773170471191,2.549618320610687,-0.6717557251908397,0.8091603053435115,1.2693603515625,7.3143896484375,6.4426025390625,167,-44,53,2120,12216,10760
2026-02-06T07:04:03.181921,11.06294816868906,46.21741026230442,11.144779490715834,49.256546720408984,0.09999465942382812,1.3129770992366412,-1.1450381679389312,0.33587786259541985,1.2519964599609377,7.377258911132813,6.355184326171876,86,-75,22,2091,12321,10614
2026-02-06T07:04:03.281911,11.059894802006148,46.17466312874365,11.575992540902739,48.85378909944401,0.09999775886535645,-0.42748091603053434,0.030534351145038167,0.0916030534351145,1.3142669677734375,7.343129882812501,6.41625732421875,-28,2,6,2195,12264,10716
2026-02-06T07:04:03.381917,11.067528509911693,46.247946724636876,11.302698288950312,49.10103788279683,0.10000157356262207,0.732824427480916,-0.07633587786259542,-0.15267175572519084,1.2759466552734375,7.370073852539063,6.383924560546875,48,-5,-10,2131,12309,10662
2026-02-06T07:04:03.481906,11.062948732885697,46.29679767958082,11.404479879147022,48.802150496902414,0.0999917984008789,0.48854961832061067,0.04580152671755725,-0.42748091603053434,1.294508056640625,7.33115478515625,6.417454833984375,32,3,-28,2162,12244,10718
2026-02-06T07:04:03.581915,11.044626960317599,46.250993248160576,11.19844615991825,48.91756735884675,0.1000063419342041,-0.4580152671755725,0.183206106870229,0.015267175572519083,1.265767822265625,7.3335498046875,6.3935046386718755,-30,12,1,2114,12248,10678
2026-02-06T07:04:03.681914,11.032412707350638,46.31053773137451,11.154804512067525,48.73290953937242,0.10000419616699219,0.5954198473282443,0.12213740458015267,-0.6564885496183206,1.2669653320312502,7.322173461914063,6.4252386474609375,39,8,-43,2116,12229,10731
2026-02-06T07:04:03.781916,11.070579335889745,46.409770965576186,11.051376478306487,48.86176886483673,0.09999656677246094,0.9923664122137404,-0.3816793893129771,-0.061068702290076333,1.2519964599609377,7.33833984375,6.410269775390625,65,-25,-4,2091,12256,10706
2026-02-06T07:04:03.881974,11.079745289023597,46.42810287184389,11.110548387742476,49.069493045794864,0.10006165504455566,0.183206106870229,-0.0916030534351145,-0.015267175572519083,1.2549902343750001,7.369475097656251,6.390510864257813,12,-6,-1,2096,12308,10673
2026-02-06T07:04:03.981921,11.143827005197075,46.42810287184389,11.168149951919018,49.14145870135507,0.09993696212768555,0.0,-0.6412213740458015,-0.10687022900763359,1.2591815185546875,7.373666381835938,6.377937011718751,0,-42,-7,2103,12315,10652
2026-02-06T07:04:04.082176,11.30759068481795,46.392901333233795,11.011438964116378,49.00280742484409,0.10024785995483398,-0.3511450381679389,-1.633587786259542,-0.2900763358778626,1.244212646484375,7.356302490234375,6.394103393554688,-23,-107,-19,2078,12286,10679
2026-02-06T07:04:04.181917,11.383737575006851,46.33502969669023,11.56351102117766,48.77034494034947,0.09975242614746094,-0.5801526717557252,-0.7633587786259542,0.030534351145038167,1.313668212890625,7.32636474609375,6.420448608398438,-38,-50,2,2194,12236,10723
2026-02-06T07:04:04.281915,11.322665145378988,46.36403910076346,11.55100726252528,48.9842172116911,0.100006103515625,0.2900763358778626,0.6106870229007634,-0.7480916030534351,1.3076806640625,7.356302490234375,6.398294677734375,19,40,-49,2184,12286,10686
2026-02-06T07:04:04.382225,11.278305614267598,46.32579812566744,11.023121870941809,48.86100633984396,0.10019135475158691,-0.3816793893129771,0.44274809160305345,-0.42748091603053434,1.251397705078125,7.353907470703126,6.424041137695313,-25,29,-28,2090,12282,10729
2026-02-06T07:04:04.481964,11.28745221727677,46.29835831663992,10.871691170859897,48.74002198472123,0.09985041618347168,-0.2748091603053435,-0.0916030534351145,-0.12213740458015267,1.2364288330078126,7.33833984375,6.437812500000001,-18,-6,-8,2065,12256,10752
2026-02-06T07:04:04.581909,11.302711916333848,46.38076069154813,11.098653706263612,48.726435830719,0.09995102882385254,0.8244274809160306,-0.15267175572519084,-0.24427480916030533,1.2627740478515626,7.334148559570313,6.437213745117188,54,-10,-16,2109,12249,10751
2026-02-06T07:04:04.681931,11.313400712632042,46.38228766244787,11.19607345627411,48.7210912945337,0.10001659393310547,0.015267175572519083,-0.10687022900763359,0.10687022900763359,1.2735516357421877,7.329358520507813,6.434219970703126,1,-7,7,2127,12241,10746
2026-02-06T07:04:04.781919,11.29660927794362,46.396026109011125,11.172947733044852,48.93218300944281,0.09998536109924316,0.13740458015267176,0.16793893129770993,-0.10687022900763359,1.265767822265625,7.354506225585938,6.408473510742188,9,11,-7,2114,12283,10703
2026-02-06T07:04:04.881952,11.308826704971665,46.40518917928216,11.17809988665072,48.9183168543837,0.10003018379211426,0.0916030534351145,-0.12213740458015267,-0.33587786259541985,1.2663665771484376,7.350913696289063,6.408473510742188,6,-8,-22,2115,12277,10703
2026-02-06T07:04:04.981914,11.304248009019227,46.39603178737729,10.925430487065876,48.93449328674118,0.09996819496154785,-0.0916030534351145,0.04580152671755725,0.15267175572519084,1.2370275878906252,7.3551049804687505,6.408473510742188,-6,3,10,2066,12284,10703
2026-02-06T07:04:05.081938,11.324100712783466,46.44031858808213,11.270880255546599,48.78194741560887,0.10002708435058594,0.44274809160305345,-0.1984732824427481,-0.12213740458015267,1.2795391845703126,7.329358520507813,6.420448608398438,29,-13,-8,2137,12241,10723
2026-02-06T07:04:05.181919,11.26304473585755,46.447950585197866,10.925774070474812,48.648423220453616,0.09997916221618652,0.07633587786259542,0.6106870229007634,0.015267175572519083,1.2448114013671876,7.326963500976563,6.448590087890626,5,40,1,2079,12237,10770
2026-02-06T07:04:05.281919,11.227930098089555,46.458637648866386,10.849801894672318,49.07105541411035,0.10000038146972656,0.10687022900763359,0.3511450381679389,-0.0916030534351145,1.2220587158203127,7.3533087158203125,6.376140747070313,7,23,-6,2041,12281,10649
2026-02-06T07:04:05.381910,11.27525389649486,46.49527542827695,10.722457056052358,48.77700326098931,0.0999906063079834,0.366412213740458,-0.4732824427480916,-0.2900763358778626,1.2166699218750001,7.3335498046875,6.4252386474609375,24,-31,-19,2032,12248,10731
2026-02-06T07:04:05.481991,11.308852941935301,46.492220969600545,11.04685882755142,48.952806065871656,0.10003352165222168,-0.030534351145038167,-0.33587786259541985,0.07633587786259542,1.2496014404296876,7.350913696289063,6.4006896972656255,-2,-22,5,2087,12277,10690
2026-02-06T07:04:05.581910,11.238647107859606,46.47390640418949,11.053510419481663,48.84454796234739,0.09996700286865234,-0.183206106870229,0.7022900763358778,-0.3511450381679389,1.25259521484375,7.335944824218751,6.412066040039063,-12,46,-23,2092,12252,10709
2026-02-06T07:04:05.681947,11.22643174833924,46.47543332412954,10.681817641456504,48.45241654763537,0.10001325607299805,0.015267175572519083,0.12213740458015267,0.5648854961832062,1.21906494140625,7.29283447265625,6.462960205078125,1,8,37,2036,12180,10794
2026-02-06T07:04:05.781908,11.310389322178965,46.53649337783116,10.929702052510867,49.01008159044952,0.09998583793640137,0.6106870229007634,-0.8396946564885496,0.04580152671755725,1.234632568359375,7.3575,6.3935046386718755,40,-55,3,2062,12288,10678
2026-02-06T07:04:05.881960,11.273741671147238,46.48915682858184,11.29963451598863,48.84059758648133,0.10001754760742188,-0.4732824427480916,0.366412213740458,0.42748091603053434,1.2801379394531252,7.3287597656250005,6.40667724609375,-31,24,28,2138,12240,10700
2026-02-06T07:04:05.981913,11.391280592852878,46.50900106211656,11.0463445058394,48.76730819492458,0.09998440742492676,0.1984732824427481,-1.1755725190839694,-0.7786259541984732,1.2519964599609377,7.317383422851563,6.413263549804688,13,-77,-51,2091,12221,10711
2026-02-06T07:04:06.081950,11.353095036426575,46.5334398182294,10.841512103883518,48.80844565443582,0.10004615783691406,0.24427480916030533,0.3816793893129771,-0.16793893129770993,1.2292437744140625,7.334148559570313,6.418652343750001,16,25,-11,2053,12249,10720
2026-02-06T07:04:06.181909,11.365303028630848,46.57311579289328,11.26258230231252,48.83163945039036,0.09995293617248535,0.3969465648854962,-0.12213740458015267,-0.8702290076335878,1.2765454101562501,7.330556030273438,6.410269775390625,26,-8,-57,2132,12243,10706
2026-02-06T07:04:06.281934,11.397374309656275,46.59449664691024,10.809307471157164,48.71935418265422,0.10003185272216797,0.21374045801526717,-0.32061068702290074,0.15267175572519084,1.227447509765625,7.322772216796875,6.428831176757813,14,-21,10,2050,12230,10737
2026-02-06T07:04:06.385075,11.450626435170648,46.64461629445318,11.074932582114405,49.09537601838772,0.10258865356445312,0.48854961832061067,-0.5190839694656488,-0.015267175572519083,1.2484039306640626,7.361691284179688,6.377937011718751,32,-34,-1,2085,12295,10652
2026-02-06T07:04:06.484374,11.482479099098963,46.632481946290014,11.148426224878285,48.79320157299172,0.0993499755859375,-0.12213740458015267,-0.32061068702290074,-0.030534351145038167,1.2645703125,7.328161010742188,6.416856079101563,-8,-21,-2,2112,12239,10717
2026-02-06T07:04:06.583032,11.470393788723547,46.64003526527465,11.324374013992063,48.91191192832503,0.09894847869873047,0.07633587786259542,0.12213740458015267,-0.015267175572519083,1.2807366943359375,7.334148559570313,6.3953009033203125,5,8,-1,2139,12249,10681
2026-02-06T07:04:06.685156,11.440880764531727,46.67886819184283,11.115067156228477,48.91443790610526,0.10174226760864258,0.3816793893129771,0.2900763358778626,-0.3969465648854962,1.2579840087890626,7.343728637695313,6.403084716796875,25,19,-26,2101,12265,10694
2026-02-06T07:04:06.784683,11.465225521844763,46.65300188719773,10.947410090248809,48.859757847332325,0.09966135025024414,-0.2595419847328244,-0.24427480916030533,-0.04580152671755725,1.2406201171875,7.341932373046875,6.4138623046875,-17,-16,-3,2072,12262,10712
2026-02-06T07:04:06.884944,11.456051881076727,46.683580689757854,10.732058528582058,48.703089930996306,0.10014557838439941,0.3053435114503817,0.0916030534351145,0.0,1.2184661865234376,7.318580932617188,6.428831176757813,20,6,0,2035,12223,10737
2026-02-06T07:04:06.985095,11.446875990802097,46.68969794994094,11.14476781328778,48.97242693704308,0.10017013549804688,0.061068702290076333,0.0916030534351145,0.2595419847328244,1.2597802734375,7.349117431640625,6.3947021484375,4,6,17,2104,12274,10680
2026-02-06T07:04:07.085208,11.456044193442542,46.720258625409095,10.904269152715015,48.60395143258791,0.10008621215820312,0.3053435114503817,-0.0916030534351145,-0.3816793893129771,1.2424163818359375,7.3161859130859375,6.449188842773438,20,-6,-25,2075,12219,10771
2026-02-06T07:04:07.184737,11.437767847803714,46.738534971047926,10.883945581627572,48.68497831689284,0.09975838661193848,0.183206106870229,0.183206106870229,-0.2900763358778626,1.2376263427734375,7.322772216796875,6.436614990234375,12,12,-19,2067,12230,10750
2026-02-06T07:04:07.284256,11.381601639376344,46.73549895978158,11.17600148954885,48.92396100636536,0.09942936897277832,-0.030534351145038167,0.5648854961832062,0.24427480916030533,1.265767822265625,7.350314941406251,6.40667724609375,-2,37,16,2114,12276,10700
2026-02-06T07:04:07.384449,11.418459564674903,46.7324274660067,11.07076091185262,48.684893982807694,0.10059142112731934,-0.030534351145038167,-0.366412213740458,0.21374045801526717,1.2585827636718752,7.317982177734375,6.432423706054688,-2,-24,14,2102,12222,10743
2026-02-06T07:04:07.481970,11.430368175943391,46.77857333467209,10.841181710765463,48.72199998115728,0.09750175476074219,0.4732824427480916,-0.12213740458015267,-0.22900763358778625,1.2310400390625,7.322772216796875,6.428232421875,31,-8,-15,2056,12230,10736
2026-02-06T07:04:07.581915,11.39372812518637,46.83811341715225,10.900962766209611,48.686494825641375,0.09999680519104004,0.5954198473282443,0.366412213740458,-0.22900763358778625,1.23822509765625,7.314988403320313,6.429429931640625,39,24,-15,2068,12217,10738
2026-02-06T07:04:07.681996,11.434956437758819,46.935839787694356,10.965907783884582,48.91988440072627,0.10001683235168457,0.9770992366412213,-0.4122137404580153,-0.07633587786259542,1.2388238525390625,7.334148559570313,6.3935046386718755,64,-27,-5,2069,12249,10678
2026-02-06T07:04:07.781912,11.344896938964613,47.02437285430561,10.817966022508118,49.15024299436488,0.09998130798339844,0.8854961832061069,0.9007633587786259,0.10687022900763359,1.2166699218750001,7.363487548828125,6.3671594238281255,58,59,7,2032,12298,10634
2026-02-06T07:04:07.881942,11.332679948733965,47.0091016165173,11.314078183611988,49.14671368907519,0.10002660751342773,-0.15267175572519084,0.12213740458015267,-0.16793893129770993,1.2735516357421877,7.360493774414063,6.3653631591796875,-10,8,-11,2127,12293,10631
2026-02-06T07:04:07.981970,11.370852219239447,47.0091016165173,10.690448374233872,48.69026455334786,0.10001134872436523,0.0,-0.3816793893129771,0.0,1.2148736572265626,7.322772216796875,6.43541748046875,0,-25,0,2029,12230,10748
2026-02-06T07:04:08.081971,11.344893899582726,47.00299377659807,10.689627366306706,49.21266214580171,0.10001587867736816,-0.061068702290076333,0.2595419847328244,0.2595419847328244,1.201102294921875,7.374863891601563,6.362968139648438,-4,17,17,2006,12317,10627
2026-02-06T07:04:08.181912,11.065657393622946,47.05487378316983,11.116642255136428,48.96302912760454,0.0999453067779541,0.5190839694656488,2.7938931297709924,-0.4732824427480916,1.2549902343750001,7.337741088867188,6.386918334960938,34,183,-31,2096,12255,10667
2026-02-06T07:04:08.281959,10.925135215730158,47.0319625585134,10.262577365764471,48.77967229655651,0.10004568099975586,-0.22900763358778625,1.4045801526717556,0.549618320610687,1.1639794921875,7.33833984375,6.428831176757813,-15,92,36,1944,12256,10737
2026-02-06T07:04:08.381914,11.598103996451576,47.06706070353969,10.53333123641654,48.65591179537471,0.09995341300964355,0.3511450381679389,-6.732824427480916,1.0229007633587786,1.2005035400390625,7.337741088867188,6.456373901367188,23,-441,67,2005,12255,10783
2026-02-06T07:04:08.481917,14.372226518529063,47.49608020200076,12.682656181898258,48.34595970810608,0.10000276565551758,4.290076335877862,-27.740458015267176,8.946564885496183,1.4549743652343752,7.268285522460938,6.465355224609375,281,-1817,586,2430,12139,10798
2026-02-06T07:04:08.581916,16.53864183134705,48.9540975548839,16.73906166439234,49.7502985697423,0.10000014305114746,14.580152671755725,-21.66412213740458,7.0534351145038165,1.8776953125,7.374863891601563,6.243217163085938,955,-1419,462,3136,12317,10427
2026-02-06T07:04:08.681971,18.568697274186228,51.30951177072891,20.000307726110545,52.983912546938,0.1000516414642334,23.541984732824428,-20.290076335877863,1.7404580152671756,2.0980371093750003,7.64490234375,5.764213256835938,1542,-1329,114,3504,12768,9627
2026-02-06T07:04:08.781914,18.269626435432723,54.21782309044411,26.355369479999762,56.154339387294826,0.0999445915222168,29.099236641221374,2.9923664122137406,0.07633587786259542,2.59859619140625,7.821535034179688,5.2450927734375,1906,196,5,4340,13063,8760
2026-02-06T07:04:08.881962,15.06527018365059,57.80248663807645,22.619373185206772,58.81236089071018,0.10004067420959473,35.83206106870229,32.030534351145036,-1.0534351145038168,2.0639080810546875,8.183182983398439,4.953499145507813,2347,2098,-69,3447,13667,8273
2026-02-06T07:04:08.981923,14.865333793727494,60.822899734700925,23.446645652197954,60.89014444310892,0.09996819496154785,30.213740458015266,2.0,7.236641221374046,2.023192749023438,8.377778320312501,4.664899291992188,1979,131,474,3379,13992,7791
2026-02-06T07:04:09.081944,14.089850771518153,64.89113251853537,26.582282989945835,65.37208261981905,0.09998846054077148,40.68702290076336,7.755725190839694,-3.114503816793893,1.9920574951171877,8.684340820312501,3.9811212158203126,2665,508,-204,3327,14504,6649
2026-02-06T07:04:09.181906,12.671524750367375,69.21023296399883,25.23283132320835,69.20387269658016,0.10000038146972656,43.19083969465649,14.183206106870228,3.648854961832061,1.620230712890625,9.052575073242188,3.4380505371093752,2829,929,239,2706,15119,5742
2026-02-06T07:04:09.281909,13.97993916591615,72.30493077067021,29.436842439542367,71.16073831503338,0.10000133514404297,30.946564885496183,-13.083969465648854,4.687022900763359,1.76512939453125,9.167536010742188,3.1278955078125,2027,-857,307,2948,15311,5224
2026-02-06T07:04:09.381914,16.88382934613992,75.37829088254742,36.77430843837755,75.16857136162072,0.10000252723693848,30.732824427480917,-29.0381679389313,0.6106870229007634,1.847757568359375,9.336384887695313,2.472258911132813,2013,-1902,40,3086,15593,4129
2026-02-06T07:04:09.481900,18.57993005432245,78.45142384885834,55.52821781222275,79.87354021836543,0.09999513626098633,30.732824427480917,-16.9618320610687,-2.519083969465649,2.4183709716796877,9.296268310546875,1.6603472900390626,2013,-1111,-165,4039,15526,2773
2026-02-06T07:04:09.581905,18.425727316441424,81.57364760100388,58.47129786968665,82.19566935497696,0.10000276565551758,31.221374045801525,1.5419847328244274,-18.061068702290076,2.139351196289063,9.575886840820313,1.312470703125,2045,101,-1183,3573,15993,2192
2026-02-06T07:04:09.681908,20.53260558252116,83.81335080124951,58.3329442555854,84.78021589383489,0.10000038146972656,22.396946564885496,-21.068702290076335,-12.213740458015268,1.445394287109375,9.759105834960938,0.8915460205078125,1467,-1380,-800,2414,16299,1489
2026-02-06T07:04:09.781915,21.576894334254373,86.67140422704567,78.6627000455233,88.02578835051246,0.10000133514404297,28.580152671755727,-10.442748091603054,2.4580152671755724,1.687291259765625,9.814191284179689,0.33829650878906253,1872,-684,161,2818,16391,565
2026-02-06T07:04:09.881912,17.303585401928153,87.96912219506186,96.6885260781633,91.08918210924617,0.10000061988830566,12.977099236641221,42.732824427480914,-17.221374045801525,1.5878979492187502,9.794432373046876,-0.18621276855468752,850,2799,-1128,2652,16358,-311
2026-02-06T07:04:09.981908,17.497473261738552,88.74772698642646,92.53661597852715,90.38042150852176,0.09999728202819824,7.786259541984733,-1.9389312977099236,6.290076335877862,1.4867083740234375,9.919572143554689,-0.06586303710937501,510,-127,412,2483,16567,-110
2026-02-06T07:04:10.081902,19.280643656053616,89.64083887056542,92.87650738224522,90.38912307583362,0.09999799728393555,8.931297709923664,-17.83206106870229,14.320610687022901,1.3346246337890626,9.874066772460939,-0.067060546875,585,-1168,938,2229,16491,-112
2026-02-06T07:04:10.181909,23.514419184386277,89.53243711704518,108.36951781271345,94.73513558370777,0.10000443458557129,-1.083969465648855,-42.33587786259542,2.8702290076335877,2.3602917480468752,9.462123413085939,-0.7837701416015626,-71,-2773,188,3942,15803,-1309
2026-02-06T07:04:10.281910,22.386197505106455,89.92021561032945,108.52747736541922,93.99496460162621,0.09999799728393555,3.877862595419847,11.282442748091603,-0.24427480916030533,2.0010388183593752,9.602232055664063,-0.67060546875,254,739,-16,3342,16037,-1120
2026-02-06T07:04:10.381964,18.169024853305963,91.0336958215437,105.14114964306553,93.556220196849,0.10004520416259766,11.129770992366412,42.152671755725194,-4.091603053435114,2.26808349609375,9.875264282226563,-0.6137237548828125,729,2761,-268,3788,16493,-1025
2026-02-06T07:04:10.481925,18.40404327771136,91.25650549662934,93.5473758415946,90.60358279817615,0.09995913505554199,2.2290076335877864,-2.351145038167939,-1.5267175572519085,1.6226257324218751,9.548344116210938,-0.10059082031250001,146,-154,-100,2710,15947,-168
2026-02-06T07:04:10.581910,19.291006117376664,91.25497888244747,115.40771810894849,94.86934635667058,0.09999322891235352,-0.015267175572519083,-8.870229007633588,-2.0763358778625953,1.7483642578125,9.748328247070313,-0.8304730224609376,-1,-581,-136,2920,16281,-1387
2026-02-06T07:04:10.681917,21.291080503973344,91.28551436926574,119.38093588805721,94.42572529145659,0.10000371932983398,0.3053435114503817,-20.0,-7.511450381679389,1.3346246337890626,9.708810424804687,-0.7514373779296876,20,-1310,-492,2229,16215,-1255
2026-02-06T07:04:10.781897,22.371943961573013,90.94507291298788,118.0591442827229,94.57266710823502,0.09999513626098633,-3.404580152671756,-10.80916030534351,-15.129770992366412,1.4681469726562502,9.784852294921876,-0.7825726318359375,-223,-708,-991,2452,16342,-1307
2026-02-06T07:04:10.881901,20.468083592771578,91.22294186817783,119.05460409907717,93.84786809129494,0.10000228881835938,2.7786259541984735,19.0381679389313,-2.2595419847328246,1.1909234619140625,9.836943969726564,-0.6616241455078126,182,1247,-148,1989,16429,-1105
2026-02-06T07:04:10.981905,20.471136966734445,91.40614430594992,108.33524629099446,92.42253962751872,0.09999799728393555,1.83206106870229,-0.030534351145038167,-2.687022900763359,1.239422607421875,9.708810424804687,-0.41074584960937505,120,-2,-176,2070,16215,-686
2026-02-06T07:04:11.081899,20.709297864491706,91.5282780996716,123.56196467862867,94.53331800202801,0.09999704360961914,1.2213740458015268,-2.381679389312977,3.145038167938931,1.17595458984375,9.839937744140625,-0.7801776123046875,80,-156,206,1964,16434,-1303
2026-02-06T07:04:11.181900,20.649753381277772,91.60003683585249,117.05294615753635,93.69082114542175,0.10000419616699219,0.7175572519083969,0.5954198473282443,1.1908396946564885,1.232237548828125,9.755513305664063,-0.6292913818359376,47,39,78,2058,16293,-1051
2026-02-06T07:04:11.281911,21.1428897362629,91.65957961555658,117.74174121810366,94.40945654490793,0.10000133514404297,0.5954198473282443,-4.931297709923665,4.015267175572519,1.431024169921875,9.760303344726562,-0.7526348876953125,39,-323,263,2390,16301,-1257
2026-02-06T07:04:11.381906,21.303191104918042,91.65652625615363,119.45165457704593,93.99415040417442,0.09999752044677734,-0.030534351145038167,-1.6030534351145038,-3.8625954198473282,1.213077392578125,9.81,-0.6849755859375001,-2,-105,-253,2026,16384,-1144
2026-02-06T07:04:11.481958,21.109217261540078,91.67943655261558,121.38164198947314,94.0172883459684,0.10004162788391113,0.22900763358778625,1.9389312977099236,-0.030534351145038167,1.1298504638671876,9.812993774414062,-0.6891668701171876,15,127,-2,1887,16389,-1151
2026-02-06T07:04:11.581899,20.990182807427335,91.6718061388904,118.15879426385764,94.07064121097677,0.09995841979980469,-0.07633587786259542,1.1908396946564885,1.450381679389313,1.2986993408203125,9.768087158203125,-0.6951544189453125,-5,78,95,2169,16314,-1161
2026-02-06T07:04:11.681905,21.165760182242366,91.59394139005938,118.63239144533891,93.84032118129237,0.10000276565551758,-0.7786259541984732,-1.7557251908396947,1.7709923664122138,1.2052935791015627,9.80281494140625,-0.6580316162109375,-51,-115,116,2013,16372,-1099
2026-02-06T07:04:11.781941,21.597921790057477,91.4626131276138,116.04277047925399,93.77401144562728,0.10002326965332031,-1.3129770992366412,-4.320610687022901,1.786259541984733,1.31965576171875,9.775870971679687,-0.6448590087890625,-86,-283,117,2204,16327,-1077
2026-02-06T07:04:11.881904,21.825333067479036,91.32372436086641,116.51430204994816,93.95326478606984,0.09996938705444336,-1.3893129770992367,-2.2748091603053435,-1.251908396946565,1.3525872802734376,9.76449462890625,-0.6747967529296875,-91,-149,-82,2259,16308,-1127
2026-02-06T07:04:11.981902,22.049759799287532,91.19242708919613,116.73043633423926,93.90962986122211,0.09999966621398926,-1.3129770992366412,-2.2442748091603053,-1.0076335877862594,1.325643310546875,9.768685913085937,-0.6676116943359376,-86,-147,-66,2214,16315,-1115
2026-02-06T07:04:12.081906,21.892504291680037,91.14967801916691,115.41020996651841,93.90517984451384,0.10000228881835938,-0.42748091603053434,1.5725190839694656,-1.3740458015267176,1.4040802001953125,9.771080932617188,-0.667012939453125,-28,103,-90,2345,16319,-1114
2026-02-06T07:04:12.181908,21.526072334697243,91.1221956223932,115.99005129672533,93.63300630695286,0.1000053882598877,-0.2748091603053435,3.66412213740458,-3.1297709923664123,1.2711566162109376,9.760303344726562,-0.6197113037109375,-18,240,-205,2123,16301,-1035
2026-02-06T07:04:12.281903,21.460427142281585,91.1038760338121,117.08749061403674,93.51057154775883,0.09999442100524902,-0.183206106870229,0.6564885496183206,-1.0076335877862594,1.1765533447265626,9.808802490234376,-0.6017486572265626,-12,43,-66,1965,16382,-1005
2026-02-06T07:04:12.382160,21.504702648133737,91.02295873001334,117.40757543781842,93.52359912151812,0.10000157356262207,-0.8091603053435115,-0.44274809160305345,-0.48854961832061067,1.1639794921875,9.801617431640626,-0.6035449218750001,-53,-29,-32,1944,16370,-1008
2026-02-06T07:04:12.485066,20.88736641862012,90.95245078501813,116.16323092831445,93.35533758929627,0.10262823104858398,-0.6870229007633588,6.015267175572519,-3.282442748091603,1.1651770019531251,9.763297119140626,-0.57240966796875,-45,394,-215,1946,16306,-956
2026-02-06T07:04:12.585177,20.630629226451628,90.90966125299005,121.09731288577944,93.43730933604441,0.1000969409942627,-0.42748091603053434,2.564885496183206,-7.00763358778626,0.980760498046875,9.848919067382813,-0.59156982421875,-28,168,-459,1638,16449,-988
2026-02-06T07:04:12.683985,20.598879144391958,90.93838751771071,118.85044302487549,93.30722657643773,0.0990300178527832,0.2900763358778626,0.32061068702290074,-0.061068702290076333,1.0292596435546875,9.81239501953125,-0.5670208740234375,19,21,-4,1719,16388,-947
2026-02-06T07:04:12.785167,20.793101019531733,90.9075586486409,117.20624553624269,93.06045239580095,0.10096454620361328,-0.3053435114503817,-1.9236641221374047,-0.44274809160305345,1.021475830078125,9.821376342773439,-0.5251080322265625,-20,-126,-29,1706,16403,-877
2026-02-06T07:04:12.884460,20.96159075598682,90.87871806312157,119.15255535639936,93.28451888438877,0.09942412376403809,-0.2900763358778626,-1.6946564885496183,-0.549618320610687,1.0100994873046876,9.817783813476563,-0.5634283447265626,-19,-111,-36,1687,16397,-941
2026-02-06T07:04:12.985197,20.791128103969676,90.85875396874118,117.69610064315124,93.05093138125925,0.10058832168579102,-0.1984732824427481,1.6946564885496183,-1.3893129770992367,0.9969268798828126,9.818382568359375,-0.523311767578125,-13,111,-91,1665,16398,-874
2026-02-06T07:04:13.083633,20.94331728957083,90.87382220493932,118.27699323769103,92.96537405518916,0.09869694709777832,0.15267175572519084,-1.5419847328244274,0.5038167938931297,0.947230224609375,9.836345214843751,-0.5095404052734376,10,-101,33,1582,16428,-851
2026-02-06T07:04:13.183602,20.721962455574808,90.85245001407074,118.98882252119154,93.1473300019409,0.0999913215637207,-0.21374045801526717,2.213740458015267,-1.633587786259542,0.97477294921875,9.821975097656251,-0.540076904296875,-14,145,-107,1628,16404,-902
2026-02-06T07:04:13.284445,20.934165772590944,90.91857133748881,118.64293259283149,92.81606880389498,0.10071969032287598,0.6564885496183206,-2.1068702290076335,1.7709923664122138,0.8879534912109376,9.859696655273439,-0.484991455078125,43,-138,116,1483,16467,-810
2026-02-06T07:04:13.385421,20.752883641774435,90.9154987590004,118.5886511656178,93.15081225477722,0.10062694549560547,-0.030534351145038167,1.8015267175572518,-2.0916030534351147,0.9921368408203125,9.821975097656251,-0.5406756591796875,-2,118,-137,1657,16404,-903
2026-02-06T07:04:13.484177,20.783159379740724,90.88825059483074,119.69751637564603,93.11004636229279,0.09915304183959961,-0.2748091603053435,-0.3053435114503817,-0.6564885496183206,0.93645263671875,9.829758911132814,-0.53408935546875,-18,-20,-43,1564,16417,-892
2026-02-06T07:04:13.581918,20.77716957703803,90.90921490429017,118.59421410351207,93.29830861864842,0.0980830192565918,0.21374045801526717,0.061068702290076333,-0.1984732824427481,1.035845947265625,9.797426147460937,-0.5646258544921875,14,4,-13,1730,16363,-943
2026-02-06T07:04:13.681903,20.734426214494793,90.87257773639597,119.48813116782014,93.03583237866656,0.09998893737792969,-0.366412213740458,0.42748091603053434,-1.465648854961832,0.923280029296875,9.844727783203126,-0.5221142578125,-24,28,-96,1542,16442,-872
2026-02-06T07:04:13.781912,20.5130339069221,90.92754410241402,118.33022024009075,93.04829263988323,0.10000824928283691,0.549618320610687,2.213740458015267,-2.717557251908397,0.9717791748046876,9.838141479492188,-0.5239105224609375,36,145,-178,1623,16431,-875
2026-02-06T07:04:13.881896,20.494714798818123,90.93670365646601,119.33666177878429,93.02925023129848,0.0999917984008789,0.0916030534351145,0.183206106870229,1.0534351145038168,0.9268725585937501,9.8435302734375,-0.520916748046875,6,12,69,1548,16440,-870
2026-02-06T07:04:13.981891,20.448913424979654,90.90769611970164,118.33554621255473,93.14170338652532,0.09999966621398926,-0.2900763358778626,0.4580152671755725,-0.1984732824427481,0.9993218994140626,9.817783813476563,-0.53887939453125,-19,30,-13,1669,16397,-900
2026-02-06T07:04:14.081913,20.209194995064788,90.8573094433501,118.53085806110359,93.05946750630223,0.10000991821289062,-0.5038167938931297,2.3969465648854964,-2.33587786259542,0.9669891357421876,9.835746459960937,-0.525706787109375,-33,157,-153,1615,16427,-878
2026-02-06T07:04:14.181911,20.13591227276636,90.8206680822009,117.72238424520751,92.87162504457395,0.10000038146972656,-0.366412213740458,0.732824427480916,-1.5725190839694656,0.93884765625,9.835746459960937,-0.49337402343750003,-24,48,-103,1568,16427,-824
2026-02-06T07:04:14.281904,20.134385633104646,90.8298279201712,119.83596490756779,92.97346026005276,0.09999489784240723,0.0916030534351145,0.015267175572519083,-0.7938931297709924,0.8915460205078125,9.844129028320314,-0.511336669921875,6,1,-52,1489,16441,-854
2026-02-06T07:04:14.381909,20.171028392005528,90.84356895475904,118.86751400066684,93.05455307555994,0.10000419616699219,0.13740458015267176,-0.366412213740458,-0.015267175572519083,0.9514215087890625,9.829160156250001,-0.5245092773437501,9,-24,-1,1589,16416,-876
2026-02-06T07:04:14.481906,20.3374344956784,90.82066903223524,119.48534570289382,93.15177099033981,0.09999632835388184,-0.22900763358778625,-1.6641221374045803,0.4732824427480916,0.9562115478515626,9.818981323242188,-0.5406756591796875,-15,-109,31,1597,16399,-903
2026-02-06T07:04:14.581905,20.099273030084525,90.66036804577783,118.17309579844449,92.69130628573315,0.09999728202819824,-1.6030534351145038,2.381679389312977,-3.0839694656488548,0.8663983154296876,9.871671752929688,-0.4640350341796875,-105,156,-202,1447,16487,-775
2026-02-06T07:04:14.681904,20.18935078336994,90.68479591107557,118.48340098593317,92.9354054256663,0.10000157356262207,0.24427480916030533,-0.9007633587786259,0.3969465648854962,0.928070068359375,9.820178833007812,-0.5035528564453126,16,-59,26,1550,16401,-841
2026-02-06T07:04:14.781907,20.201564337461065,90.68784929959835,119.7659072701316,92.92061514223653,0.09999847412109375,0.030534351145038167,-0.12213740458015267,-0.42748091603053434,0.8783734130859375,9.846524047851563,-0.5023553466796875,2,-8,-28,1467,16445,-839
2026-02-06T07:04:14.881943,20.172548639865337,90.6710507378324,118.6239651766318,92.82759729292341,0.10002779960632324,-0.16793893129770993,0.2900763358778626,-0.7480916030534351,0.889749755859375,9.83155517578125,-0.48559020996093755,-11,19,-49,1486,16420,-811
2026-02-06T07:04:14.981908,20.04738627499298,90.74889562330179,119.72479161350427,93.0611974734978,0.09997725486755371,0.7786259541984732,1.251908396946565,-0.5038167938931297,0.9196875,9.818981323242188,-0.5251080322265625,51,82,-33,1536,16399,-877
2026-02-06T07:04:15.081911,19.734400519887927,90.8008054558558,118.70669316256179,92.70066212119028,0.10000276565551758,0.5190839694656488,3.1297709923664123,-0.2748091603053435,0.8484356689453125,9.850116577148437,-0.4646337890625,34,205,-18,1417,16451,-776
2026-02-06T07:04:15.181902,19.658069082798868,90.82828477320786,117.74862366975952,93.06063863125279,0.09999418258666992,0.2748091603053435,0.7633587786259542,0.42748091603053434,0.9981243896484375,9.820777587890625,-0.5251080322265625,18,50,28,1667,16402,-877
2026-02-06T07:04:15.281904,19.6122679273591,90.78095691258676,117.77888143735986,92.98857647132087,0.09999918937683105,-0.4732824427480916,0.4580152671755725,-3.0381679389312977,0.9729766845703125,9.81718505859375,-0.5125341796875,-31,30,-199,1625,16396,-856
2026-02-06T07:04:15.381907,19.549672268729193,90.86645342193492,121.42632865659145,93.03391735521376,0.10000038146972656,0.8549618320610687,0.6259541984732825,-1.1908396946564885,0.8574169921875,9.884844360351563,-0.5239105224609375,56,41,-78,1432,16509,-875
2026-02-06T07:04:15.481935,18.925129260725665,90.78552242089779,126.1557750664683,93.05013291539248,0.10001850128173828,-0.8091603053435115,6.244274809160306,1.0229007633587786,0.7137158203125,9.787247314453126,-0.5215155029296875,-53,409,67,1192,16346,-871
2026-02-06T07:04:15.581912,19.01519133662451,91.05112922100626,114.61696617056306,92.38608900188454,0.09998416900634766,2.6564885496183206,-0.9007633587786259,-0.6259541984732825,0.8951385498046875,9.842931518554687,-0.4101470947265625,174,-59,-41,1495,16439,-685
2026-02-06T07:04:15.681902,19.047251381036904,91.10761596592334,118.77940427107082,92.94930990835496,0.09999680519104004,0.5648854961832062,-0.32061068702290074,0.5648854961832062,0.923280029296875,9.8435302734375,-0.5071453857421875,37,-21,37,1542,16440,-847
2026-02-06T07:04:15.781900,19.3205316084942,91.09998244001672,117.73139094574239,93.03905977258542,0.09999918937683105,-0.07633587786259542,-2.732824427480916,-0.8244274809160306,0.9897418212890625,9.800419921875001,-0.5203179931640626,-5,-179,-54,1653,16368,-869
2026-02-06T07:04:15.881905,19.367860936026553,91.28624624514404,123.143387293343,93.09649815802611,0.10000228881835938,1.8625954198473282,-0.4732824427480916,-0.030534351145038167,0.8161029052734375,9.85071533203125,-0.532891845703125,122,-31,-2,1363,16452,-890
2026-02-06T07:04:15.981909,19.621304872381796,91.22517541710664,119.94312120355082,92.9141210436153,0.10000348091125488,-0.6106870229007634,-2.5343511450381677,2.5343511450381677,0.87418212890625,9.892029418945313,-0.5035528564453126,-40,-166,166,1460,16521,-841
2026-02-06T07:04:16.081909,19.456423464622222,91.54425147471544,115.82587264140842,93.04347272860109,0.09999752044677734,3.1908396946564888,1.6488549618320612,-2.198473282442748,1.1023077392578124,10.033934326171876,-0.5334906005859376,209,108,-144,1841,16758,-891
2026-02-06T07:04:16.181903,18.312934915528057,92.64499278832945,122.47377935814762,93.2006490992583,0.09999799728393555,11.007633587786259,11.435114503816793,-10.80916030534351,0.8580157470703126,9.765093383789063,-0.5460644531250001,721,749,-708,1433,16309,-912
2026-02-06T07:04:16.281921,17.90834743193999,96.1488730707242,146.3622846923959,95.91037372981239,0.10000181198120117,35.038167938931295,4.0458015267175576,9.083969465648854,0.7047344970703125,10.2315234375,-1.0591973876953125,2295,265,595,1177,17088,-1769
2026-02-06T07:04:16.381903,16.94194766037338,100.44500096517672,155.96297264375724,100.5751871831174,0.09999871253967285,42.961832061068705,9.664122137404581,-16.106870229007633,0.8184979248046875,9.829758911132814,-1.8351837158203126,2814,633,-1055,1367,16417,-3065
2026-02-06T07:04:16.482027,14.909585283002793,106.19062693428454,173.33151406519727,104.17250858122013,0.10009002685546875,57.404580152671755,20.30534351145038,-14.702290076335878,0.281414794921875,9.531578979492188,-2.4069946289062503,3760,1330,-963,470,15919,-4020
2026-02-06T07:04:16.581909,15.415998225903705,114.1284972802374,175.58430410993952,111.00593598295531,0.09990978240966797,79.45038167938931,-5.068702290076335,2.7938931297709924,0.27422973632812503,9.248367919921876,-3.5512152099609375,5204,-332,183,458,15446,-5931
2026-02-06T07:04:16.681906,13.025092408857285,117.78050667639003,179.9860746680314,119.44389039590233,0.10000276565551758,36.51908396946565,23.908396946564885,-3.877862595419847,0.001197509765625,8.728648681640625,-4.927153930664063,2392,1566,-254,2,14578,-8229
2026-02-06T07:04:16.781922,7.439952144186018,120.3623744149245,173.65452760662717,121.46647313051106,0.10000729560852051,25.81679389312977,55.847328244274806,16.442748091603054,0.5550457763671875,8.155640258789063,-4.991220703125,1691,3658,1077,927,13621,-8336
2026-02-06T07:04:16.881902,-0.6921858714736935,121.71645859361611,158.850608191808,120.46717611602922,0.0999915599822998,13.541984732824428,81.32824427480917,0.0,1.8824853515625002,8.271798706054687,-4.866080932617188,887,5327,0,3144,13815,-8127
2026-02-06T07:04:16.981898,2.297010221554135,122.40192797347795,169.6454941043838,115.46738406469441,0.09999608993530273,6.854961832061068,-29.893129770992367,-31.908396946564885,0.688568115234375,7.912545776367188,-3.7685632324218754,449,-1958,-2090,1150,13215,-6294
2026-02-06T07:04:17.081904,9.161338562273809,123.17447026449311,171.12426222412932,123.15731778697001,0.10000300407409668,7.7251908396946565,-68.6412213740458,19.587786259541986,0.863404541015625,8.462801513671875,-5.5289025878906255,506,-4496,1283,1442,14134,-9234
2026-02-06T07:04:17.181900,7.5583210537451935,124.87672219021636,170.43417069640387,127.20107951952843,0.09999775886535645,17.022900763358777,16.03053435114504,-4.015267175572519,1.0322534179687501,8.069419555664062,-6.125262451171875,1115,1050,-263,1724,13477,-10230
2026-02-06T07:04:17.281903,5.689549260467074,125.88133970653743,171.47880916942486,124.68876660662039,0.10000371932983398,10.045801526717558,18.68702290076336,-5.190839694656488,0.8400531005859375,8.100554809570314,-5.606740722656251,658,1224,-340,1403,13529,-9364
2026-02-06T07:04:17.381901,6.633023818940617,127.824775164364,171.9556006234255,126.46764450863796,0.09999608993530273,19.435114503816795,-9.435114503816793,2.0763358778625953,0.8238867187500001,7.887398071289063,-5.8294775390625,1273,-618,136,1376,13173,-9736
2026-02-06T07:04:17.481899,8.155206949656257,130.35156862608355,171.36032628057282,128.82924514009142,0.10000300407409668,25.267175572519083,-15.221374045801527,3.5572519083969465,0.963995361328125,7.882608032226563,-6.344406738281251,1655,-997,233,1610,13165,-10596
2026-02-06T07:04:17.581897,8.570459868161745,133.04002594037826,174.1414306570372,132.06773521354262,0.09999656677246094,26.885496183206108,-4.152671755725191,-6.99236641221374,0.6640191650390626,7.1700897216796875,-6.471342773437501,1761,-272,-458,1109,11975,-10808
2026-02-06T07:04:17.681899,10.475792477149101,136.2812287680066,175.61098822673463,134.6102058658128,0.09999942779541016,32.412213740458014,-19.053435114503817,5.0534351145038165,0.540076904296875,7.132966918945312,-7.036567382812501,2123,-1248,331,902,11913,-11752
2026-02-06T07:04:17.781899,8.58572245008164,139.07816599707573,175.82609559872074,137.86444614011992,0.09999966621398926,27.96946564885496,18.900763358778626,-0.7175572519083969,0.5460644531250001,6.769522705078125,-7.482639770507813,1832,1238,-47,912,11306,-12497
2026-02-06T07:04:17.881897,8.903288484529696,141.55304360207717,176.90080316003096,139.67098911279183,0.10000276565551758,24.748091603053435,-3.1755725190839694,2.4580152671755724,0.3993695068359375,6.261778564453126,-7.3760614013671875,1621,-208,161,667,10458,-12319
2026-02-06T07:04:17.981942,12.081376989379196,143.97364440947095,176.34805397212696,142.9931278497517,0.10003113746643066,24.198473282442748,-31.770992366412212,9.32824427480916,0.5029541015625,5.939648437500001,-7.880213012695313,1585,-2081,611,840,9920,-13161
2026-02-06T07:04:18.081905,10.707735443843243,145.22976328944438,178.21616435047525,143.8448249808597,0.09997057914733887,12.564885496183207,13.740458015267176,-10.580152671755725,0.25806335449218754,6.054609375,-8.286168823242187,823,900,-693,431,10112,-13839
2026-02-06T07:04:18.181903,9.892474877015337,145.82975842570536,178.41789217551312,144.16739288049294,0.09999918937683105,6.0,8.15267175572519,-5.770992366412214,0.2125579833984375,5.5570440673828125,-7.695796508789063,393,534,-378,355,9281,-12853
2026-02-06T07:04:18.281898,10.419175606647533,145.89845852087478,178.1492006852086,146.33087217355953,0.09999680519104004,0.6870229007633588,-5.267175572519084,-0.4122137404580153,0.26884094238281253,5.5420751953125,-8.319699096679688,45,-345,-27,449,9256,-13895
2026-02-06T07:04:18.381900,10.03902782920664,146.1198297165733,176.11910859910537,146.1654433074751,0.09999871253967285,2.213740458015267,3.801526717557252,-3.114503816793893,0.564027099609375,5.573210449218751,-8.314310302734375,145,249,-204,942,9308,-13886
2026-02-06T07:04:18.481900,9.671078721985575,146.28319301314033,176.48320125216827,146.08417748384508,0.10000276565551758,1.633587786259542,3.6793893129770994,-1.7557251908396947,0.513731689453125,5.620512084960938,-8.359216918945313,107,241,-115,858,9387,-13961
2026-02-06T07:04:18.585062,9.357743565362842,146.06229172772132,177.3496992820406,146.31673350594568,0.10261726379394531,-2.1526717557251906,3.053435114503817,-0.366412213740458,0.377215576171875,5.431305541992188,-8.149053955078125,-141,200,-24,630,9071,-13610
2026-02-06T07:04:18.683977,10.320377761171077,145.89882554352747,177.65104193270744,145.78144337190068,0.09913921356201172,-1.6488549618320612,-9.709923664122137,1.3282442748091603,0.33709899902343754,5.5887780761718755,-8.217910766601562,-108,-636,87,563,9334,-13725
2026-02-06T07:04:18.785062,9.86612763295648,145.71250599941231,177.25822550952327,145.4273561402627,0.10085892677307129,-1.8473282442748091,4.5038167938931295,-1.5114503816793894,0.398770751953125,5.7384667968750005,-8.326884155273438,-121,295,-99,666,9584,-13907
2026-02-06T07:04:18.883983,9.27735515041207,145.23725006234562,176.780066851329,145.45444008757815,0.09913778305053711,-4.793893129770993,5.938931297709924,-3.0076335877862594,0.46643005371093754,5.707930297851563,-8.290958862304688,-314,389,-197,779,9533,-13847
2026-02-06T07:04:18.985049,8.642941802512611,143.40484257690787,178.63195091465005,144.109577895915,0.10085940361022949,-18.16793893129771,6.290076335877862,-8.427480916030534,0.18920654296875,5.7330780029296875,-7.922724609375001,-1190,412,-552,316,9575,-13232
2026-02-06T07:04:19.083964,9.797666811761069,142.08515685205248,176.44793926776578,142.18684997385077,0.09912776947021484,-13.312977099236642,-11.648854961832061,-1.3282442748091603,0.4915777587890625,6.145620117187501,-7.919132080078126,-872,-763,-87,821,10264,-13226
2026-02-06T07:04:19.185056,9.173930612229222,141.1457023293008,176.8952406680786,142.0128286181276,0.1008758544921875,-9.312977099236642,6.183206106870229,1.282442748091603,0.43110351562500004,6.206693115234375,-7.947872314453125,-610,405,84,720,10366,-13274
2026-02-06T07:04:19.283981,9.680968743244213,140.73401763784983,176.65842134580546,140.56723617697145,0.0991373062133789,-4.152671755725191,-5.114503816793893,1.7099236641221374,0.43888732910156253,6.18154541015625,-7.516768798828125,-272,-335,112,733,10324,-12554
2026-02-06T07:04:19.385056,10.232223008425194,140.30286905055743,176.95485043099308,141.33112680180946,0.10085797309875488,-4.2748091603053435,-5.465648854961832,2.427480916030534,0.41733215332031254,6.277944946289063,-7.844886474609376,-280,-358,159,697,10485,-13102
2026-02-06T07:04:19.484099,9.700382975221602,139.59071857874636,177.0210692287649,140.13591273121872,0.09924650192260742,-7.175572519083969,5.358778625954199,0.8549618320610687,0.39577697753906255,6.350993041992187,-7.605384521484376,-470,351,56,661,10607,-12702
2026-02-06T07:04:19.584207,9.37647994238003,139.17667272072717,176.14975570326874,139.35046549256958,0.10007381439208984,-4.137404580152672,3.236641221374046,-1.1603053435114503,0.504151611328125,6.431824951171875,-7.491022338867188,-271,212,-76,842,10742,-12511
2026-02-06T07:04:19.681920,9.159358039157095,138.92511079147576,176.60435012204078,139.3071233211391,0.09807920455932617,-2.564885496183206,2.213740458015267,-2.030534351145038,0.4496649169921875,6.5168481445312505,-7.578440551757813,-168,145,-133,751,10884,-12657
2026-02-06T07:04:19.781900,9.050973601013663,138.48088724922593,175.70365874398587,138.3063094578314,0.09998846054077148,-4.442748091603053,1.083969465648855,0.030534351145038167,0.5526507568359376,6.5527734375,-7.356302490234375,-291,71,2,923,10944,-12286
2026-02-06T07:04:19.881902,9.067767598246814,138.03508295903683,175.63684483361348,137.78479467403133,0.10000061988830566,-4.458015267175573,-0.16793893129770993,3.8625954198473282,0.5574407958984375,6.628216552734376,-7.306007080078126,-292,-11,253,931,11070,-12202
2026-02-06T07:04:19.981897,9.102880310466285,137.29771600242793,176.11714275035658,137.0069755183314,0.09999489784240723,-7.374045801526718,-0.3511450381679389,-6.427480916030534,0.5077441406250001,6.974296875,-7.480843505859375,-483,-23,-421,848,11648,-12494
2026-02-06T07:04:20.081857,9.266243217555635,137.31145680769714,175.97009178768127,137.4940166669068,0.10000252723693848,0.13740458015267176,-1.633587786259542,1.6641221374045803,0.51492919921875,6.69886962890625,-7.309000854492188,9,-107,109,860,11188,-12207
2026-02-06T07:04:20.181896,9.33189263598611,137.3129835383583,175.4115623604432,137.72281516036972,0.10000085830688477,0.015267175572519083,-0.6564885496183206,2.1374045801526718,0.587977294921875,6.6611480712890625,-7.32636474609375,1,-43,140,982,11125,-12236
2026-02-06T07:04:20.281897,9.973084351488668,137.34809641801678,175.76377679913674,137.82570975532187,0.09999537467956543,0.3511450381679389,-6.412213740458015,1.1297709923664123,0.5454656982421875,6.671326904296875,-7.364086303710938,23,-420,74,911,11142,-12299
2026-02-06T07:04:20.381894,9.455504148061054,137.38473926427713,176.3152495363921,137.4179958738036,0.10000443458557129,0.366412213740458,5.175572519083969,-1.2366412213740459,0.47062133789062505,6.715634765625,-7.307803344726563,24,339,-81,786,11216,-12205
2026-02-06T07:04:20.481898,9.449397312775838,137.45802128769972,176.1652836739833,137.56839057268525,0.09999942779541016,0.732824427480916,0.061068702290076333,-1.282442748091603,0.48798522949218753,6.655160522460938,-7.280260620117188,48,4,-84,815,11115,-12159
2026-02-06T07:04:20.581891,8.965435231914972,137.5313026122465,175.94140701117215,137.50209759600085,0.09999847412109375,0.732824427480916,4.8396946564885495,-0.7175572519083969,0.5185217285156251,6.695875854492188,-7.307803344726563,48,317,-47,866,11183,-12205
2026-02-06T07:04:20.681899,8.916579501319493,137.7221453098851,175.30710324569026,138.0585123349014,0.10000157356262207,1.9083969465648856,0.48854961832061067,-0.6717557251908397,0.609532470703125,6.671925659179688,-7.425159301757813,125,32,-44,1018,11143,-12401
2026-02-06T07:04:20.781899,9.002079068249435,137.91757289143925,175.70361163365294,137.51975123740186,0.10000395774841309,1.9541984732824427,-0.8549618320610687,-2.6564885496183206,0.5490582275390625,6.692283325195313,-7.308402099609375,128,-56,-174,917,11177,-12206
2026-02-06T07:04:20.881908,9.05704019269872,138.1419974829405,176.29161464422637,137.94029139642703,0.09999871253967285,2.2442748091603053,-0.549618320610687,-3.480916030534351,0.47900390625,6.668333129882813,-7.390431518554688,147,-36,-228,800,11137,-12343
2026-02-06T07:04:20.981899,9.371538460709681,138.45496906033006,176.41144786258738,138.34442627946282,0.09999823570251465,3.1297709923664123,-3.145038167938931,-0.48854961832061067,0.4604425048828125,6.531218261718751,-7.341932373046875,205,-206,-32,769,10908,-12262
2026-02-06T07:04:21.081900,9.568485307329498,138.6839770215159,176.65951847091804,138.87461516575286,0.10000014305114746,2.2900763358778624,-1.9694656488549618,-0.33587786259541985,0.43828857421875,6.556365966796875,-7.508984985351563,150,-129,-22,732,10950,-12541
2026-02-06T07:04:21.181891,9.52879191900939,138.89160397580568,177.05624499153234,138.53854559971097,0.09999680519104004,2.0763358778625953,0.3969465648854962,0.12213740458015267,0.379610595703125,6.522236938476563,-7.382048950195313,136,26,8,634,10893,-12329
2026-02-06T07:04:21.281888,9.608177938534118,139.1999881285748,176.75584506169096,138.7847432965806,0.09999585151672363,3.0839694656488548,-0.7938931297709924,0.5954198473282443,0.42691223144531254,6.597081298828125,-7.531737670898438,202,-52,39,713,11018,-12579
2026-02-06T07:04:21.381889,9.476872527872347,139.48092063510697,177.1289642154609,139.0658587787117,0.1000058650970459,2.8091603053435112,1.3129770992366412,-0.7938931297709924,0.37781433105468754,6.53361328125,-7.533533935546876,184,86,-52,631,10912,-12582
2026-02-06T07:04:21.481968,9.452435984866323,139.77568643511714,176.38365146380437,139.68358715267308,0.1000370979309082,2.946564885496183,0.24427480916030533,1.2671755725190839,0.47900390625,6.431226196289063,-7.579039306640626,193,16,83,800,10741,-12658
2026-02-06T07:04:21.581936,8.670803932743231,139.75126043348828,178.31435222354304,139.37557034652315,0.09999394416809082,-0.24427480916030533,7.816793893129771,-4.702290076335878,0.21555175781250002,6.283333740234375,-7.324568481445313,-16,512,-308,360,10494,-12233
2026-02-06T07:04:21.681891,8.820378591086131,139.82910030670755,177.02870984026,139.0567552297102,0.09997081756591797,0.7786259541984732,-1.4961832061068703,1.8625954198473282,0.38739440917968754,6.474935302734376,-7.463479614257813,51,-98,122,647,10814,-12465
2026-02-06T07:04:21.781946,8.5653051529222,139.76189532898772,176.40827256229554,139.80094428160893,0.10004377365112305,-0.6717557251908397,2.549618320610687,0.07633587786259542,0.47900390625,6.448590087890626,-7.631130981445313,-44,167,5,800,10770,-12745
2026-02-06T07:04:21.881895,8.261626276351127,139.75731725547158,176.2626677158222,139.3141373870814,0.09995460510253906,-0.04580152671755725,3.0381679389312977,-0.5038167938931297,0.4903802490234375,6.453978881835938,-7.507188720703126,-3,199,-33,819,10779,-12538
2026-02-06T07:04:21.981927,8.200545547572725,139.7863306016413,176.53797552254105,139.14095213868276,0.10001969337463379,0.2900763358778626,0.6106870229007634,-1.0229007633587786,0.4544549560546875,6.497687988281251,-7.511978759765626,19,40,-67,759,10852,-12546
2026-02-06T07:04:22.081899,8.391341380490616,139.76801420168118,176.3092017801227,139.11924341157902,0.09997701644897461,-0.183206106870229,-1.9083969465648856,-0.183206106870229,0.48379394531250003,6.492299194335938,-7.500003662109376,-12,-125,-12,808,10843,-12526
2026-02-06T07:04:22.181926,8.366906875872445,139.8031388020698,176.3903087679311,139.64152715584325,0.10002875328063965,0.3511450381679389,0.24427480916030533,-0.24427480916030533,0.47660888671875,6.420448608398438,-7.555089111328125,23,16,-16,796,10723,-12618
2026-02-06T07:04:22.281922,8.328744524307849,139.78176788519363,176.23667642076245,139.52637419450377,0.09998536109924316,-0.21374045801526717,0.3816793893129771,0.6870229007633588,0.49876281738281253,6.470145263671875,-7.582631835937501,-14,25,45,833,10806,-12664
2026-02-06T07:04:22.381933,8.322637863741592,139.67490132528414,175.95832219182637,139.21103843845432,0.09999656677246094,-1.0687022900763359,0.061068702290076333,-0.8244274809160306,0.52929931640625,6.463558959960938,-7.491022338867188,-70,4,-54,884,10795,-12511
2026-02-06T07:04:22.481893,8.102804373238849,139.66726821797502,176.31990971897835,138.88041670707597,0.09999370574951172,-0.07633587786259542,2.198473282442748,-0.9923664122137404,0.4831951904296875,6.558162231445313,-7.512577514648438,-5,144,-65,807,10953,-12547
2026-02-06T07:04:22.582032,8.202078775595178,139.69628688943303,176.7365683842819,139.1408638543341,0.10003805160522461,0.2900763358778626,-0.9923664122137404,0.07633587786259542,0.4263134765625,6.467151489257813,-7.476652221679688,19,-65,5,712,10801,-12487
2026-02-06T07:04:22.681916,8.298223823081461,139.75275302843292,176.2800660440561,139.07755376574255,0.0999603271484375,0.5648854961832062,-0.9618320610687023,-0.916030534351145,0.4843927001953125,6.458768920898438,-7.450307006835938,37,-63,-60,809,10787,-12443
2026-02-06T07:04:22.781952,8.256986370523482,139.81537286379873,176.1991903105864,139.24978563180582,0.10003900527954102,0.6259541984732825,0.4122137404580153,0.015267175572519083,0.501756591796875,6.5078668212890625,-7.552694091796876,41,27,1,838,10869,-12614
2026-02-06T07:04:22.881902,8.687354022309995,139.89320531146225,176.76829217336297,139.1094581880105,0.0999612808227539,0.7786259541984732,-4.305343511450381,0.2900763358778626,0.42391845703125003,6.501280517578126,-7.507787475585938,51,-282,19,708,10858,-12539
2026-02-06T07:04:22.981947,8.859923533810928,139.99094379585216,176.82142326056373,139.5571199188479,0.10002923011779785,0.9770992366412213,-1.7251908396946565,0.5038167938931297,0.4209246826171875,6.4605651855468755,-7.579638061523438,64,-113,33,703,10790,-12659
2026-02-06T07:04:23.081906,8.641656744571147,139.95736428981527,176.5993804361048,139.04127615534503,0.0999753475189209,-0.33587786259541985,2.183206106870229,-0.24427480916030533,0.444276123046875,6.489904174804688,-7.476652221679688,-22,143,-16,742,10839,-12487
2026-02-06T07:04:23.181896,8.122594309217162,139.74973931567368,176.5937767070844,138.5376338833078,0.09999585151672363,-2.0763358778625953,5.190839694656488,-1.1908396946564885,0.439486083984375,6.524033203125001,-7.383845214843751,-136,340,-78,734,10896,-12332
2026-02-06T07:04:23.281894,8.168394481862789,139.76805938473194,176.28861764292495,139.05409185150157,0.09999704360961914,0.183206106870229,-0.4580152671755725,-0.48854961832061067,0.48618896484375,6.503076782226563,-7.495213623046875,12,-30,-32,812,10861,-12518
2026-02-06T07:04:23.381901,8.221830819399317,139.87340530730395,176.2518400465159,139.17139871906699,0.10000228881835938,1.0534351145038168,-0.5343511450381679,-0.6412213740458015,0.49337402343750003,6.50726806640625,-7.5311389160156255,69,-35,-42,824,10868,-12578
2026-02-06T07:04:23.481895,8.029472387474016,139.8505054939795,176.39764600196435,139.09443867385582,0.09999585151672363,-0.22900763358778625,1.9236641221374047,0.6106870229007634,0.475411376953125,6.542594604492188,-7.55149658203125,-15,126,40,794,10927,-12612
2026-02-06T07:04:23.581903,7.968399666647889,139.78790595513274,176.302291534081,138.82768736225887,0.1000065803527832,-0.6259541984732825,0.6106870229007634,-0.366412213740458,0.4843927001953125,6.55516845703125,-7.495213623046875,-41,40,-24,809,10948,-12518
2026-02-06T07:04:23.681898,7.936339775114583,139.91461885976437,176.22162955038155,139.0210911853641,0.09999632835388184,1.2671755725190839,0.32061068702290074,-0.030534351145038167,0.4927752685546875,6.4815216064453125,-7.461683349609375,83,21,-2,823,10825,-12462
2026-02-06T07:04:23.781909,7.898170143593373,139.9879045522851,176.50268757108122,139.1395417124374,0.10000443458557129,0.732824427480916,0.3816793893129771,-0.549618320610687,0.4592449951171875,6.5000830078125,-7.514373779296875,48,25,-36,767,10856,-12550
2026-02-06T07:04:23.881898,7.895116915229637,140.035229591923,176.48692663959594,139.20378305386402,0.09999322891235352,0.4732824427480916,0.030534351145038167,-0.549618320610687,0.46223876953125004,6.498286743164063,-7.5293426513671875,31,2,-36,772,10853,-12575
2026-02-06T07:04:23.981897,8.089014482862181,140.00469454190215,176.39323680683154,139.63020899418223,0.10000228881835938,-0.3053435114503817,-1.9389312977099236,0.1984732824427481,0.477806396484375,6.444398803710937,-7.58023681640625,-20,-127,13,798,10763,-12660
2026-02-06T07:04:24.081896,7.805058151711049,139.94210201729356,176.0305325808247,139.19109656622635,0.09999537467956543,-0.6259541984732825,2.8396946564885495,-0.8396946564885496,0.5215155029296875,6.489305419921875,-7.515571289062501,-41,186,-55,871,10838,-12552
2026-02-06T07:04:24.181916,7.915006870531868,140.05968606381026,176.19625738071917,139.20208600735793,0.10002279281616211,1.1755725190839694,-1.099236641221374,-0.3053435114503817,0.4981640625,6.467151489257813,-7.492818603515626,77,-72,-20,832,10801,-12514
2026-02-06T07:04:24.281892,7.948587657841121,140.11158364419728,176.231335225886,139.55690826591908,0.09997916221618652,0.5190839694656488,-0.33587786259541985,2.0610687022900764,0.49876281738281253,6.453978881835938,-7.571854248046876,34,-22,135,833,10779,-12646
2026-02-06T07:04:24.382071,8.006668571297462,140.01834849364894,175.85060566779478,139.5960128581951,0.1001131534576416,-0.9312977099236641,-0.5801526717557252,-0.07633587786259542,0.5490582275390625,6.442003784179688,-7.5682617187500005,-61,-38,-5,917,10759,-12640
2026-02-06T07:04:24.481888,7.910599657597445,139.77283904752667,176.42622960244512,139.1053086255468,0.09988117218017578,-2.4580152671755724,0.9618320610687023,-1.2061068702290076,0.468226318359375,6.49289794921875,-7.497009887695313,-161,63,-79,782,10844,-12521
2026-02-06T07:04:24.581967,8.0587846850621,139.59562808684728,176.54715695837555,139.03845862042442,0.10006308555603027,-1.7709923664122138,-1.4809160305343512,0.10687022900763359,0.4508624267578125,6.4869104003906255,-7.4724609375,-116,-97,7,753,10834,-12480
2026-02-06T07:04:24.685040,7.859922722095764,139.41555623061794,176.1904362418389,139.39497406787157,0.10256266593933105,-1.7557251908396947,1.9389312977099236,1.8931297709923665,0.504151611328125,6.4905029296875005,-7.571255493164063,-115,127,124,842,10840,-12645
2026-02-06T07:04:24.785101,7.75606568169049,139.39264658935207,175.7936926709326,138.32299415361416,0.10003876686096191,-0.22900763358778625,1.0381679389312977,0.5343511450381679,0.54366943359375,6.580914916992188,-7.392227783203126,-15,68,35,908,10991,-12346
2026-02-06T07:04:24.884448,7.602667335335547,139.54908252672394,175.88671635347174,138.46874872034786,0.09948110580444336,1.5725190839694656,1.5419847328244274,-0.6870229007633588,0.5322930908203125,6.555767211914063,-7.401807861328125,103,101,-45,889,10949,-12362
2026-02-06T07:04:24.985078,7.8021866674641736,139.66112030553464,176.03839776254645,139.10400616670745,0.10052704811096191,1.1145038167938932,-1.984732824427481,0.21374045801526717,0.5215155029296875,6.522236938476563,-7.530540161132813,73,-130,14,871,10893,-12577
2026-02-06T07:04:25.083975,7.815801773362499,139.6157366192069,175.83885986225675,138.9560751593758,0.09908771514892578,-0.4580152671755725,-0.13740458015267176,0.061068702290076333,0.542471923828125,6.491700439453125,-7.456294555664063,-30,-9,4,906,10842,-12453
2026-02-06T07:04:25.185157,7.743385238501873,139.64347061128117,176.03425554453466,138.5871568923686,0.1009209156036377,0.2748091603053435,0.7175572519083969,-0.04580152671755725,0.5161267089843751,6.566544799804688,-7.4449182128906255,18,47,-3,862,10967,-12434
2026-02-06T07:04:25.283989,7.849267766675887,139.65405886409857,175.89681880335306,138.94199597542897,0.0990757942199707,0.10687022900763359,-1.0687022900763359,-0.04580152671755725,0.5376818847656251,6.5288232421875,-7.495213623046875,7,-70,-3,898,10904,-12518
2026-02-06T07:04:25.385883,7.99182533307841,139.6556084028638,176.0868255783003,139.00263188793625,0.10149478912353516,0.015267175572519083,-1.4045801526717556,-0.2900763358778626,0.5107379150390625,6.489904174804688,-7.466473388671876,1,-92,-19,853,10839,-12470
2026-02-06T07:04:25.483978,7.916628295228692,139.60748229863998,176.16913264425855,138.78314989522337,0.09850811958312988,-0.48854961832061067,0.7633587786259542,-0.6564885496183206,0.499361572265625,6.532415771484375,-7.457492065429688,-32,50,-43,834,10910,-12455
2026-02-06T07:04:25.585155,8.107716280085452,139.66912358407765,176.25820386376824,138.84680620212222,0.1009376049041748,0.6106870229007634,-1.8931297709923665,-0.061068702290076333,0.4903802490234375,6.553372192382813,-7.498207397460938,40,-124,-4,819,10945,-12523
2026-02-06T07:04:25.683694,8.36237131730292,139.8921350959604,176.0511623763339,138.62272498123048,0.09869766235351562,2.2595419847328246,-2.5801526717557253,1.3893129770992367,0.5119354248046876,6.533014526367188,-7.416177978515625,148,-169,91,855,10911,-12386
2026-02-06T07:04:25.781948,10.940320957708007,142.89171201400185,-178.48223725101474,139.10421894986274,0.09863066673278809,30.412213740458014,-26.137404580152673,23.954198473282442,-0.1898052978515625,6.204298095703125,-7.163503417968751,1992,-1712,1569,-317,10362,-11964
2026-02-06T07:04:25.881897,10.891475244332828,149.1409104689388,170.42461811671473,147.16948376399176,0.09998106956481934,62.50381679389313,0.48854961832061067,36.36641221374046,1.4687457275390625,5.617518310546875,-8.706494750976564,4094,32,2382,2453,9382,-14541
2026-02-06T07:04:25.981873,7.093793479540887,151.32518804346344,172.3045520757561,150.43386577191583,0.09997916221618652,21.84732824427481,37.98473282442748,-16.290076335877863,1.222657470703125,5.133125610351563,-9.0483837890625,1431,2488,-1067,2042,8573,-15112
2026-02-06T07:04:26.081892,6.959416196546493,153.6233449855835,172.3246500572875,149.34838715079923,0.10001945495605469,22.977099236641223,1.3435114503816794,-5.267175572519084,1.07296875,4.7181884765625,-7.961643676757813,1505,88,-345,1792,7880,-13297
2026-02-06T07:04:26.181931,9.049500505432839,154.89510556213742,170.3901845146539,155.20602531105513,0.10000038146972656,12.717557251908397,-20.900763358778626,-10.610687022900763,1.5447875976562502,4.214635620117187,-9.123826904296875,833,-1369,-695,2580,7039,-15238
2026-02-06T07:04:26.281899,2.0325125519556053,158.38680518128504,174.2274052171578,153.38012884942543,0.10000276565551758,34.916030534351144,70.16793893129771,-21.450381679389313,0.9358538818359375,4.639751586914063,-9.257349243164063,2287,4596,-1405,1563,7749,-15461
2026-02-06T07:04:26.381967,2.4037283467882573,161.80107391153598,168.29054038318822,157.8236382021008,0.10006022453308105,34.12213740458015,-3.7099236641221376,-0.3816793893129771,1.8489550781250002,3.636238403320313,-8.920848999023438,2235,-243,-25,3088,6073,-14899
2026-02-06T07:04:26.481895,4.6786509797773395,165.1028395572693,170.07676396255334,162.97525304286023,0.09993791580200195,33.038167938931295,-22.763358778625953,7.679389312977099,1.6447796630859375,2.8788134765625,-9.401649169921875,2164,-1491,503,2747,4808,-15702
2026-02-06T07:04:26.581958,4.174809441311679,168.26788049435814,171.23474696310717,164.59389006915066,0.10000491142272949,31.64885496183206,5.038167938931298,1.3893129770992367,1.457369384765625,2.604583740234375,-9.451944580078125,2073,330,91,2434,4350,-15786
2026-02-06T07:04:26.681895,5.889193079853797,171.87373459430157,171.2227664205632,170.40304238242095,0.09999299049377441,36.06106870229008,-17.14503816793893,7.511450381679389,1.4986834716796875,1.6411871337890627,-9.706415405273438,2362,-1123,492,2503,2741,-16211
2026-02-06T07:04:26.781941,5.0812329190378085,174.63210141931796,171.72026308399285,171.41846478216064,0.10004043579101562,27.572519083969464,8.076335877862595,0.3969465648854962,1.4567706298828125,1.5106585693359376,-10.010582885742188,1806,529,26,2433,2523,-16719
2026-02-06T07:04:26.881891,5.093441377159305,175.970453640887,172.19229411044464,176.6133697977006,0.09995675086975098,13.389312977099237,-0.12213740458015267,-4.0458015267175576,1.312470703125,0.566422119140625,-9.571695556640625,877,-8,-265,2192,946,-15986
2026-02-06T07:04:26.981948,5.241619343066045,177.05963807069634,170.25437115404043,177.9431829333895,0.10005831718444824,10.885496183206106,-1.4809160305343512,-7.419847328244275,1.6579522705078127,0.34667907714843754,-9.653126220703125,713,-97,-486,2769,579,-16122
2026-02-06T07:04:27.081896,5.377418030309324,177.71269243182132,173.15599960067837,176.4262485811714,0.09994173049926758,6.534351145038168,-1.3587786259541985,-0.04580152671755725,1.1909234619140625,0.6197113037109375,-9.92256591796875,428,-89,-3,1989,1035,-16572
2026-02-06T07:04:27.181953,5.368252492132999,178.03806903708087,173.88829251865312,176.81613627816262,0.10005712509155273,3.2519083969465647,0.0916030534351145,-4.229007633587786,1.0591973876953125,0.5502557373046876,-9.892029418945313,213,6,-277,1769,919,-16521
2026-02-06T07:04:27.281893,5.39419144346515,178.34781063240007,172.5705296558293,177.22002267727768,0.09994125366210938,3.099236641221374,-0.2595419847328244,0.0,1.2831317138671876,0.477806396484375,-9.839937744140625,203,-17,0,2143,798,-16434
2026-02-06T07:04:27.381958,5.285725855645344,178.58612938873654,172.90440403986855,177.8708430407268,0.10006332397460938,2.381679389312977,1.083969465648855,-2.2442748091603053,1.2148736572265626,0.36284545898437504,-9.75970458984375,156,71,-147,2029,606,-16300
2026-02-06T07:04:27.481894,5.288777540658278,178.74176532439617,172.45693003019136,177.2397617978321,0.09994268417358398,1.5572519083969465,-0.030534351145038167,-1.5877862595419847,1.304088134765625,0.47481262207031255,-9.8483203125,102,-2,-104,2178,793,-16448
2026-02-06T07:04:27.581922,6.412681703349118,179.54346326653297,173.81573785756134,177.56521832788354,0.1000213623046875,8.01526717557252,-11.236641221374045,1.6641221374045803,1.057401123046875,0.4149371337890625,-9.758507080078125,525,-736,109,1766,693,-16298
2026-02-06T07:04:27.681920,6.589743191959306,-179.88719246405668,173.92754359279232,178.45760857852014,0.09997868537902832,5.694656488549619,-1.7709923664122138,1.6946564885496183,1.059796142578125,0.2682421875,-9.962083740234375,373,-116,111,1770,448,-16638
2026-02-06T07:04:27.781941,6.169715084192419,-179.75583821944593,174.26883737766656,179.01412113947816,0.10004305839538574,1.3129770992366412,4.198473282442748,-1.7099236641221374,0.9777667236328126,0.1676513671875,-9.742340698242188,86,275,-112,1633,280,-16271
2026-02-06T07:04:27.881892,5.795847106525929,-179.55288131728412,173.6927628460215,179.11682402380399,0.09995245933532715,2.030534351145038,3.7404580152671754,-0.4580152671755725,1.086141357421875,0.15148498535156252,-9.82676513671875,133,245,-30,1814,253,-16412
2026-02-06T07:04:27.981965,5.724068696262285,-179.3192196838727,173.19284879226424,179.47686096301305,0.10003161430358887,2.33587786259542,0.7175572519083969,0.9312977099236641,1.1741583251953125,0.089813232421875,-9.836345214843751,153,47,61,1961,150,-16428
2026-02-06T07:04:28.081899,5.77443651388621,-178.9910657205653,173.29036530373892,179.41480081209374,0.09997248649597168,3.282442748091603,-0.5038167938931297,1.0229007633587786,1.1585906982421876,0.10059082031250001,-9.8483203125,215,-33,67,1935,168,-16448
2026-02-06T07:04:28.181932,5.751527254818063,-179.02008411538495,172.97368243721698,179.66739762218737,0.1000370979309082,-0.2900763358778626,0.22900763358778625,-1.6946564885496183,1.2076885986328125,0.0568817138671875,-9.798623657226562,-19,15,-111,2017,95,-16365
2026-02-06T07:04:28.281882,6.2352931772479705,-178.7667555881819,173.45550141450332,179.5846448921911,0.09995794296264648,2.5343511450381677,-4.8396946564885495,-1.3435114503816794,1.1370355224609376,0.0718505859375,-9.911189575195314,166,-317,-88,1899,120,-16553
2026-02-06T07:04:28.381889,6.45056681960595,-178.38506473293725,173.8339984134581,-179.28488138102233,0.10000300407409668,3.816793893129771,-2.1526717557251906,0.9312977099236641,1.0675799560546875,-0.12334350585937501,-9.881850585937501,250,-141,61,1783,-206,-16504
2026-02-06T07:04:28.481888,6.555907719007898,-178.13621594159642,174.28141067963924,-179.7928273421048,0.09999752044677734,2.4885496183206106,-1.0534351145038168,0.5648854961832062,0.978365478515625,-0.035326538085937505,-9.769883422851564,163,-69,37,1634,-59,-16317
2026-02-06T07:04:28.581891,8.513181093084915,-177.5789579216759,175.1436703546548,-178.6476396515765,0.10000109672546387,5.572519083969466,-19.572519083969464,3.2519083969465647,0.827479248046875,-0.229921875,-9.739346923828126,365,-1282,213,1382,-384,-16266
2026-02-06T07:04:28.681984,8.791162006727625,-177.00924978547408,175.8481908161125,-179.4294327793811,0.10004258155822754,5.694656488549619,-2.7786259541984735,4.549618320610687,0.724493408203125,-0.099393310546875,-9.980645141601563,373,-182,298,1210,-166,-16669
2026-02-06T07:04:28.781897,7.880136242349652,-176.57128597579825,176.15158484572962,-178.55365750047994,0.09995341300964355,4.3816793893129775,9.114503816793894,14.0,0.6556365966796875,-0.24608825683593752,-9.746531982421876,287,597,917,1095,-411,-16278
2026-02-06T07:04:28.881889,7.880136242349652,-175.90256200309912,174.48046652513816,-176.42210591955828,0.10000324249267578,6.687022900763359,0.0,11.19083969465649,0.9262738037109376,-0.5993536376953126,-9.585466918945313,438,0,733,1547,-1001,-16009
2026-02-06T07:04:28.981888,13.223591637065404,-174.51326360047304,177.3757205479349,-177.293720476513,0.09999895095825195,13.893129770992367,-53.43511450381679,11.938931297709924,0.4400848388671875,-0.45385620117187503,-9.60163330078125,910,-3500,782,735,-758,-16036
2026-02-06T07:04:29.081895,20.192668459797645,-174.28579537559088,-176.074837840906,-175.95041829672863,0.09999442100524902,2.2748091603053435,-69.69465648854961,7.297709923664122,-0.67779052734375,-0.699345703125,-9.878258056640625,149,-4565,478,-1132,-1168,-16498
2026-02-06T07:04:29.181894,31.4732033787793,-174.55452495676857,-161.74627577844868,-177.36178202060452,0.10001015663146973,-2.687022900763359,-112.79389312977099,13.358778625954198,-2.8500732421875004,-0.39817199707031253,-8.64123046875,-176,-7388,875,-4760,-665,-14432
2026-02-06T07:04:29.281882,29.166445349918988,-173.7270842872502,-166.28203594071636,-175.22431933353698,0.09999513626098633,8.274809160305344,23.068702290076335,0.33587786259541985,-2.417772216796875,-0.827479248046875,-9.904603271484376,542,1511,22,-4038,-1382,-16542
2026-02-06T07:04:29.381892,26.059489195583442,-173.70112937097318,-166.36637462340747,-175.75125071429528,0.10000276565551758,0.2595419847328244,31.068702290076335,-8.610687022900763,-2.4063958740234375,-0.7370672607421875,-9.921368408203126,17,2035,-564,-4019,-1231,-16570
2026-02-06T07:04:29.481880,22.76203401216115,-175.51014992298957,-167.13326295001443,-176.33194698431026,0.09999227523803711,-18.091603053435115,32.97709923664122,-11.541984732824428,-2.2656884765625,-0.6358776855468751,-9.918973388671876,-1185,2160,-756,-3784,-1062,-16566
2026-02-06T07:04:29.581898,17.687120797979933,-174.31623231363648,-175.67657279277876,-176.6773284226982,0.10000205039978027,11.938931297709924,50.74809160305343,10.82442748091603,-0.7430548095703126,-0.5706134033203125,-9.828561401367187,782,3324,709,-1241,-953,-16415
2026-02-06T07:04:29.681888,14.967929214011633,-173.8673595872543,-178.81046020141605,-175.76271604155562,0.10000395774841309,4.488549618320611,27.19083969465649,10.51908396946565,-0.20657043457031252,-0.7370672607421875,-9.948312377929687,294,1781,689,-345,-1231,-16615
2026-02-06T07:04:29.781888,13.49618892815278,-173.0994287119566,-179.3258429425051,-175.44353718611148,0.09999895095825195,7.679389312977099,14.717557251908397,12.50381679389313,-0.118553466796875,-0.8029302978515626,-10.075248413085937,503,964,819,-198,-1341,-16827
2026-02-06T07:04:29.881883,12.54809144799037,-173.11774943621094,179.26610024485433,-175.89765359193868,0.10000061988830566,-0.183206106870229,9.48091603053435,8.122137404580153,0.12693603515625002,-0.7107220458984376,-9.909393310546875,-12,621,532,212,-1187,-16550
2026-02-06T07:04:29.981884,11.876344371387987,-173.9482730945557,178.86255253718738,-176.0212635935582,0.09999871253967285,-8.305343511450381,6.717557251908397,8.106870229007633,0.19160156250000002,-0.6712042236328125,-9.650132446289064,-544,440,531,320,-1121,-16117
2026-02-06T07:04:30.081888,11.465641094528092,-174.36355670535826,178.20607218583538,-176.90088113051877,0.10000395774841309,-4.152671755725191,4.106870229007634,3.816793893129771,0.30895751953125,-0.53408935546875,-9.864486694335938,-272,269,250,516,-892,-16475
2026-02-06T07:04:30.181891,11.322132860431244,-174.4001971055532,178.52216855471826,-176.90981469180733,0.09999775886535645,-0.366412213740458,1.4351145038167938,2.366412213740458,0.258662109375,-0.5412744140625,-10.026150512695313,-24,94,155,432,-904,-16745
2026-02-06T07:04:30.281887,11.995419476778462,-175.32997386146124,178.4672191920654,-176.61866107628964,0.10000061988830566,-9.297709923664122,-6.732824427480916,1.0534351145038168,0.26764343261718754,-0.5909710693359376,-10.002200317382814,-609,-441,69,447,-987,-16705
2026-02-06T07:04:30.381890,12.328249141460166,-175.85975319010598,179.26343019374912,-177.44093956524964,0.10000157356262207,-5.297709923664122,-3.3282442748091605,0.8091603053435115,0.12693603515625002,-0.4412823486328125,-9.873468017578125,-347,-218,53,212,-737,-16490
2026-02-06T07:04:30.481882,12.687014594332872,-176.30859167157226,179.2536764460959,-178.5738292016252,0.09999632835388184,-4.488549618320611,-3.5877862595419847,1.984732824427481,0.128133544921875,-0.24489074707031253,-9.836345214843751,-294,-235,130,214,-409,-16428
2026-02-06T07:04:30.581886,12.795412729714673,-176.23683515941812,179.65244427914593,-178.99183598737403,0.10000109672546387,0.7175572519083969,-1.083969465648855,1.0381679389312977,0.060474243164062504,-0.1754351806640625,-9.969268798828125,47,-71,68,101,-293,-16650
2026-02-06T07:04:30.681888,13.009150945503304,-176.1238592453584,179.6665089798548,-178.81402815683728,0.09999895095825195,1.1297709923664123,-2.1374045801526718,0.916030534351145,0.0580792236328125,-0.20657043457031252,-9.978250122070312,74,-140,60,97,-345,-16665
2026-02-06T07:04:30.785040,12.98251690027369,-175.920187134779,-179.70739277494556,-178.37366594364048,0.10261940956115723,1.984732824427481,0.2595419847328244,0.183206106870229,-0.050295410156250005,-0.2796185302734375,-9.8483203125,130,17,12,-84,-467,-16448
2026-02-06T07:04:30.884434,12.870079703003407,-175.80926935909346,-179.99653257205017,-178.7865816602649,0.09952211380004883,1.1145038167938932,1.1297709923664123,-0.7633587786259542,-0.0005987548828125,-0.209564208984375,-9.89382568359375,73,74,-50,-1,-350,-16524
2026-02-06T07:04:30.984451,12.683820338649616,-175.86423113873883,179.81352693046722,-178.21526417863228,0.09999990463256836,-0.549618320610687,1.8625954198473282,-0.061068702290076333,0.032332763671875,-0.3095562744140625,-9.934541015625001,-36,122,-4,54,-517,-16592
2026-02-06T07:04:31.085026,12.100868640055195,-176.2861040785111,179.13351124197783,-178.3017749286111,0.10048246383666992,-4.198473282442748,5.801526717557252,-0.7175572519083969,0.15088623046875002,-0.295784912109375,-9.976453857421875,-275,380,-47,252,-494,-16662
2026-02-06T07:04:31.183987,11.186730428506412,-177.15786502197483,179.12024114526025,-178.8236110264897,0.09913253784179688,-8.793893129770993,9.221374045801527,3.1755725190839694,0.1526824951171875,-0.2041754150390625,-9.942923583984376,-576,604,208,255,-341,-16606
2026-02-06T07:04:31.284454,10.599757824235303,-176.90499170681886,175.86110742546708,-178.18036997253984,0.10038304328918457,2.519083969465649,5.847328244274809,6.0,0.7119195556640625,-0.31255004882812504,-9.838141479492188,165,383,393,1189,-522,-16431
2026-02-06T07:04:31.384447,11.36158734241516,-175.26835594832426,177.68324072010674,-177.97345100846536,0.09999966621398926,16.366412213740457,-7.6183206106870225,1.1908396946564885,0.396375732421875,-0.34667907714843754,-9.797426147460937,1072,-499,78,662,-579,-16363
2026-02-06T07:04:31.485100,11.930947008933742,-173.77512965311513,178.04190338605258,-177.5435309477452,0.10052037239074707,14.854961832061068,-5.66412213740458,-2.7938931297709924,0.3430865478515625,-0.4305047607421875,-10.0351318359375,973,-371,-183,573,-719,-16760
2026-02-06T07:04:31.583594,12.145081363561513,-173.27447750004174,179.19793240796326,-175.52422939741066,0.09877324104309082,5.068702290076335,-2.16793893129771,-4.076335877862595,0.137713623046875,-0.769998779296875,-9.836943969726564,332,-142,-267,230,-1286,-16429
2026-02-06T07:04:31.684602,12.108137738613696,-173.0728268805349,179.13637910513935,-174.72274464234553,0.10082530975341797,2.0,0.366412213740458,3.9083969465648853,0.1502874755859375,-0.920885009765625,-9.969867553710937,131,24,256,251,-1538,-16651
2026-02-06T07:04:31.781985,12.200754453207715,-172.99216070975947,178.5672102599404,-174.61665847014604,0.09784507751464844,0.8244274809160306,-0.9465648854961832,2.519083969465649,0.2472857666015625,-0.93166259765625,-9.886640625,54,-62,165,413,-1556,-16512
2026-02-06T07:04:31.881887,12.310563746299467,-172.73898928402016,179.1398709563618,-175.50868868301234,0.09989595413208008,2.5343511450381677,-1.099236641221374,-0.07633587786259542,0.149688720703125,-0.7831713867187501,-9.97046630859375,166,-72,-5,250,-1308,-16652
2026-02-06T07:04:31.981886,12.408274508614591,-172.65654582831678,179.01384443091933,-175.15959758538315,0.10000085830688477,0.8244274809160306,-0.9770992366412213,-0.1984732824427481,0.17124389648437502,-0.8424481201171875,-9.948312377929687,54,-64,-13,286,-1407,-16615
2026-02-06T07:04:32.081880,12.580787669611356,-172.61379920435297,179.06945946669293,-174.96058922052475,0.09999656677246094,0.42748091603053434,-1.7251908396946565,-0.48854961832061067,0.16046630859375,-0.8711883544921876,-9.87945556640625,28,-113,-32,268,-1455,-16500
2026-02-06T07:04:32.181879,12.631170502145796,-172.6351737393676,179.57017705961772,-174.68401573963874,0.10000228881835938,-0.21374045801526717,-0.5038167938931297,0.10687022900763359,0.07424560546875,-0.920885009765625,-9.896819458007814,-14,-33,7,124,-1538,-16529
2026-02-06T07:04:32.281884,12.70139927536478,-172.82143265964402,179.08178783148537,-174.8623421131498,0.09999966621398926,-1.8625954198473282,-0.7022900763358778,-0.33587786259541985,0.1580712890625,-0.8867559814453125,-9.8626904296875,-122,-46,-22,264,-1481,-16472
2026-02-06T07:04:32.381883,12.594529912671984,-172.88708098244103,179.307164293864,-175.33434159043387,0.09999918937683105,-0.6564885496183206,1.0687022900763359,-0.13740458015267176,0.1191522216796875,-0.8041278076171875,-9.853110351562501,-43,70,-9,199,-1343,-16456
2026-02-06T07:04:32.481880,12.541094594329381,-172.91608872668417,179.3212616172132,-175.1704955491369,0.10000038146972656,-0.2900763358778626,0.5343511450381679,0.48854961832061067,0.11795471191406251,-0.8412506103515626,-9.956694946289064,-19,35,32,197,-1405,-16629
2026-02-06T07:04:32.581886,12.72277684248132,-173.07028962637614,179.14283107918905,-175.0907687736127,0.10000157356262207,-1.5419847328244274,-1.816793893129771,-0.3816793893129771,0.1478924560546875,-0.849034423828125,-9.884844360351563,-101,-119,-25,247,-1418,-16509
2026-02-06T07:04:32.681877,12.901395386411956,-173.84735662518548,179.32486343359187,-175.39800633690055,0.09999585151672363,-7.770992366412214,-1.786259541984733,-3.6946564885496183,0.1167572021484375,-0.79754150390625,-9.90819580078125,-509,-117,-242,195,-1332,-16548
2026-02-06T07:04:32.781883,13.215904152120356,-174.64126224736202,180.0,-176.11373609658176,0.10000157356262207,-7.938931297709924,-3.145038167938931,-0.13740458015267176,0.0,-0.67060546875,-9.871671752929688,-520,-206,-9,0,-1120,-16487
2026-02-06T07:04:32.881886,13.139566527068173,-174.47789972975036,180.0,-176.69134640422664,0.10000228881835938,1.633587786259542,0.7633587786259542,1.5877862595419847,0.0,-0.571212158203125,-9.880653076171875,107,50,104,0,-954,-16502
2026-02-06T07:04:32.981934,13.199136704888975,-174.55427175259754,179.86206278947859,-177.47737544960285,0.10004734992980957,-0.7633587786259542,-0.5954198473282443,-0.061068702290076333,0.023950195312500002,-0.43828857421875,-9.948312377929687,-50,-39,-4,40,-732,-16615
2026-02-06T07:04:33.081888,13.22202674487166,-174.62599387787662,179.94798859497553,-176.48843147302313,0.09995317459106445,-0.7175572519083969,-0.22900763358778625,1.0381679389312977,0.0089813232421875,-0.607137451171875,-9.89382568359375,-47,-15,68,15,-1014,-16524
2026-02-06T07:04:33.181885,13.231186713881177,-174.54355415679098,179.8512879225801,-176.88357472145483,0.09999632835388184,0.8244274809160306,-0.0916030534351145,0.030534351145038167,0.025746459960937502,-0.540076904296875,-9.919572143554689,54,-6,2,43,-902,-16567
2026-02-06T07:04:33.281887,13.290729209666956,-174.49927896761693,-179.69429571627484,-176.7414830562291,0.10000085830688477,0.44274809160305345,-0.5954198473282443,-0.6870229007633588,-0.052690429687500005,-0.5622308349609375,-9.875264282226563,29,-39,-45,-88,-939,-16493
2026-02-06T07:04:33.381904,13.244924123050614,-174.54508405423329,179.79653083057116,-176.52115042378483,0.10000777244567871,-0.4580152671755725,0.4580152671755725,0.061068702290076333,0.035326538085937505,-0.604742431640625,-9.947713623046875,-30,30,4,59,-1010,-16614
2026-02-06T07:04:33.481881,13.29224792145592,-174.5924078526386,179.8101309671652,-176.55887094640053,0.0999906063079834,-0.4732824427480916,-0.4732824427480916,-0.10687022900763359,0.032931518554687504,-0.5975573730468751,-9.937534790039063,-31,-31,-7,55,-998,-16597
2026-02-06T07:04:33.581879,13.383851324328951,-174.69317159579893,179.72647255286353,-176.77299819308527,0.10000038146972656,-1.0076335877862594,-0.916030534351145,-0.4122137404580153,0.0473016357421875,-0.5586383056640625,-9.90819580078125,-66,-60,-27,79,-933,-16548
2026-02-06T07:04:33.681889,13.36247678931434,-174.61988747574884,179.79969007398003,-176.85689659009176,0.10000228881835938,0.732824427480916,0.21374045801526717,-0.4732824427480916,0.034727783203125,-0.5454656982421875,-9.933343505859375,48,14,-31,58,-911,-16590
2026-02-06T07:04:33.781896,13.40827914594695,-174.6840107750345,-179.95154399408344,-176.87423044380745,0.10000181198120117,-0.6412213740458015,-0.4580152671755725,-0.1984732824427481,-0.008382568359375,-0.5412744140625,-9.911788330078126,-42,-30,-13,-14,-904,-16554
2026-02-06T07:04:33.881891,13.435760756485346,-174.45041708545813,179.92735112154557,-177.06892710348706,0.10000252723693848,2.33587786259542,-0.2748091603053435,-0.16793893129770993,0.012573852539062501,-0.5077441406250001,-9.916578369140625,153,-18,-11,21,-848,-16562
2026-02-06T07:04:33.981885,13.420494250668835,-174.14050701738296,179.92375354432554,-176.68006625516492,0.09999561309814453,3.099236641221374,0.15267175572519084,0.32061068702290074,0.013172607421875001,-0.5742059326171876,-9.89861572265625,203,10,21,22,-959,-16532
2026-02-06T07:04:34.081876,13.36859122487426,-173.8336685413621,179.66871447707635,-176.07554028275518,0.09998965263366699,3.068702290076336,0.5190839694656488,0.3969465648854962,0.05748046875,-0.6819818115234375,-9.941127319335939,201,34,26,96,-1139,-16603
2026-02-06T07:04:34.181885,13.504481592251155,-173.85962512838915,179.88291538695833,-176.06663245094768,0.10000920295715332,-0.2595419847328244,-1.3587786259541985,0.5954198473282443,0.020357666015625,-0.6849755859375001,-9.962083740234375,-17,-89,39,34,-1144,-16638
2026-02-06T07:04:34.281883,13.647994958717415,-173.89321336309402,-179.8195523781664,-176.18845869564447,0.10000133514404297,-0.33587786259541985,-1.4351145038167938,0.8702290076335878,-0.03113525390625,-0.65863037109375,-9.886041870117188,-22,-94,57,-52,-1100,-16511
2026-02-06T07:04:34.381887,13.63730797148844,-173.92374761231966,179.9616400803119,-175.74292479287354,0.09999966621398926,-0.3053435114503817,0.10687022900763359,0.15267175572519084,0.006586303710937501,-0.7322772216796876,-9.837542724609376,-20,7,10,11,-1223,-16430
2026-02-06T07:04:34.481879,13.641887857713783,-173.9451204147046,179.88933711585295,-176.0844859414843,0.09999418258666992,-0.21374045801526717,-0.04580152671755725,0.42748091603053434,0.01916015625,-0.678988037109375,-9.920170898437501,-14,-3,28,32,-1134,-16568
2026-02-06T07:04:34.581887,13.719756876239352,-173.9481741017056,179.96555295340005,-176.31237643274625,0.10000824928283691,-0.030534351145038167,-0.7786259541984732,0.061068702290076333,0.0059875488281250005,-0.641865234375,-9.959089965820313,-2,-51,4,10,-1072,-16633
2026-02-06T07:04:34.681877,13.832724709547215,-173.96496661746758,-179.92708255740948,-176.20344046721542,0.0999917984008789,-0.16793893129770993,-1.1297709923664123,-0.5343511450381679,-0.012573852539062501,-0.6556365966796875,-9.880054321289062,-11,-74,-35,-21,-1095,-16501
2026-02-06T07:04:34.782244,13.829661784281269,-173.86695300895732,-179.8126348292306,-176.1163825441903,0.1003108024597168,0.9770992366412213,0.030534351145038167,0.10687022900763359,-0.032332763671875,-0.6712042236328125,-9.887239379882812,64,2,7,-54,-1121,-16513
2026-02-06T07:04:34.881888,13.840316029905374,-173.89434964056215,179.8411236902471,-176.34045849858413,0.09969329833984375,-0.2748091603053435,-0.10687022900763359,1.251908396946565,0.027542724609375003,-0.6352789306640625,-9.932744750976562,-18,-7,82,46,-1061,-16589
2026-02-06T07:04:34.981885,13.843369542187418,-173.90198342126726,-179.58011839295312,-175.65676004831062,0.10000252723693848,-0.07633587786259542,-0.030534351145038167,0.5038167938931297,-0.0724493408203125,-0.750838623046875,-9.886041870117188,-5,-2,33,-121,-1254,-16511
2026-02-06T07:04:35.081878,13.855582746840627,-173.92182987882873,179.9271708297465,-176.00780271432947,0.09999561309814453,-0.1984732824427481,-0.12213740458015267,-0.32061068702290074,0.012573852539062501,-0.6903643798828125,-9.892029418945313,-13,-8,-21,21,-1153,-16521
2026-02-06T07:04:35.181881,13.883065078094727,-173.87449919722445,179.8268282504769,-176.04066921852444,0.1000051498413086,0.4732824427480916,-0.2748091603053435,0.0,0.029937744140625,-0.6855743408203125,-9.905202026367188,31,-18,0,50,-1145,-16543
2026-02-06T07:04:35.281877,13.907491953318367,-173.9111395100599,-179.8789332710431,-176.16273788267236,0.09999752044677734,-0.366412213740458,-0.24427480916030533,0.07633587786259542,-0.0209564208984375,-0.6652166748046875,-9.91777587890625,-24,-16,5,-35,-1111,-16564
2026-02-06T07:04:35.381885,13.971613265175867,-173.93709337438318,-179.95842860913555,-176.44329248921505,0.09999871253967285,-0.2595419847328244,-0.6412213740458015,-0.13740458015267176,-0.00718505859375,-0.61552001953125,-9.902807006835937,-17,-42,-9,-12,-1028,-16539
2026-02-06T07:04:35.481880,13.99146024325423,-173.94167344624742,-179.94825477397592,-176.3654676898228,0.09999823570251465,-0.04580152671755725,-0.1984732824427481,-0.48854961832061067,-0.0089813232421875,-0.6316864013671876,-9.944719848632813,-3,-13,-32,-15,-1055,-16609
2026-02-06T07:04:35.581885,14.037264674674475,-173.82258192455478,-179.69194253371225,-175.88806374491355,0.1000063419342041,1.1908396946564885,-0.4580152671755725,-0.366412213740458,-0.0532891845703125,-0.7125183105468751,-9.911189575195314,78,-30,-24,-89,-1190,-16553
2026-02-06T07:04:35.681883,14.041844724698842,-173.79662830775004,-179.4784166099467,-175.7653984199033,0.09999775886535645,0.2595419847328244,-0.04580152671755725,0.12213740458015267,-0.089813232421875,-0.73048095703125,-9.865684204101562,17,-3,8,-150,-1220,-16477
2026-02-06T07:04:35.781878,13.97619859316878,-173.8470078970638,179.93387077345645,-175.94159200999158,0.09999585151672363,-0.5038167938931297,0.6564885496183206,-0.7786259541984732,0.011376342773437501,-0.699345703125,-9.856702880859375,-33,43,-51,19,-1168,-16462
2026-02-06T07:04:35.881876,13.899860240120935,-173.75845540752832,179.9101839474785,-176.24003833981178,0.10000324249267578,0.8854961832061069,0.7633587786259542,-0.16793893129770993,0.015567626953125,-0.652642822265625,-9.930948486328125,58,50,-11,26,-1090,-16586
2026-02-06T07:04:35.981872,13.92275950744863,-173.7477690827754,179.7653098477809,-176.01667510114044,0.09999346733093262,0.10687022900763359,-0.22900763358778625,-0.07633587786259542,0.04071533203125,-0.69216064453125,-9.939929809570312,7,-15,-5,68,-1156,-16601
2026-02-06T07:04:36.081878,14.005205321857959,-173.70043907820707,179.67365054654923,-176.0829345721307,0.10000371932983398,0.4732824427480916,-0.8244274809160306,-0.8244274809160306,0.056282958984375006,-0.6765930175781251,-9.881251831054689,31,-54,-54,94,-1130,-16503
2026-02-06T07:04:36.181884,13.967036327332952,-173.60425321200404,-179.96534669618555,-175.76271168557236,0.10000276565551758,0.9618320610687023,0.3816793893129771,-0.4122137404580153,-0.0059875488281250005,-0.7334747314453125,-9.899813232421875,63,25,-27,-10,-1225,-16534
2026-02-06T07:04:36.281877,14.009781830183433,-173.67753121689057,179.87624378383765,-175.9058327415465,0.09999394416809082,-0.732824427480916,-0.42748091603053434,0.1984732824427481,0.02155517578125,-0.7143145751953125,-9.979447631835939,-48,-28,13,36,-1193,-16667
2026-02-06T07:04:36.381877,14.11054821596802,-173.6760044534696,179.85788734768815,-175.90994936292512,0.10000300407409668,0.015267175572519083,-1.0076335877862594,0.21374045801526717,0.024548950195312502,-0.707728271484375,-9.897418212890626,1,-66,14,41,-1182,-16530
2026-02-06T07:04:36.481880,14.15940336416697,-173.66226394303865,179.8850043677712,-176.064979382567,0.10000038146972656,0.13740458015267176,-0.48854961832061067,-0.6259541984732825,0.0197589111328125,-0.6771917724609375,-9.844727783203126,9,-32,-41,33,-1131,-16442
2026-02-06T07:04:36.581877,14.10596868282057,-173.62714972386817,179.82656615656038,-175.85177568204222,0.09999918937683105,0.3511450381679389,0.5343511450381679,-2.8091603053435112,0.029937744140625,-0.7173083496093751,-9.890233154296876,23,35,-184,50,-1198,-16518
2026-02-06T07:04:36.681875,14.095281593672203,-173.617989361741,179.82382276945148,-175.7622055083621,0.10000061988830566,0.0916030534351145,0.10687022900763359,0.6564885496183206,0.0305364990234375,-0.7358697509765625,-9.930948486328125,6,7,43,51,-1229,-16586
2026-02-06T07:04:36.785114,14.16267541710658,-173.68224858873657,179.72704984983355,-176.05018928985814,0.10265803337097168,-0.6259541984732825,-0.6564885496183206,0.2748091603053435,0.0473016357421875,-0.6855743408203125,-9.929152221679688,-41,-43,18,79,-1145,-16583
2026-02-06T07:04:36.885059,14.177938646942614,-173.6059324395564,179.95844368488397,-175.91709036691327,0.09997415542602539,0.7633587786259542,-0.15267175572519084,0.5190839694656488,0.00718505859375,-0.7071295166015625,-9.906399536132813,50,-10,34,12,-1181,-16545
2026-02-06T07:04:36.984457,14.188573553361975,-173.44640884326597,179.81970525260044,-175.7362752187375,0.09951233863830566,1.6030534351145038,-0.10687022900763359,0.8244274809160306,0.03113525390625,-0.737666015625,-9.894424438476562,105,-7,54,52,-1232,-16525
2026-02-06T07:04:37.085071,14.117998181408607,-173.39271019069275,-179.93071855914354,-175.47840162641603,0.10049319267272949,0.5343511450381679,0.7022900763358778,0.7938931297709924,-0.011975097656250001,-0.7831713867187501,-9.90340576171875,35,46,52,-20,-1308,-16540
2026-02-06T07:04:37.183966,14.186090418400664,-173.4638287493289,179.98623442166843,-176.10005121918073,0.09911203384399414,-0.7175572519083969,-0.6870229007633588,1.0534351145038168,0.00239501953125,-0.6795867919921875,-9.968670043945313,-47,-45,69,4,-1135,-16649
2026-02-06T07:04:37.285026,14.312353570952679,-173.5438980655814,-179.7283590251844,-175.5235383412228,0.10085654258728027,-0.7938931297709924,-1.251908396946565,-0.04580152671755725,-0.046702880859375004,-0.7711962890625,-9.85071533203125,-52,-82,-3,-78,-1288,-16452
2026-02-06T07:04:37.384456,14.3746589595125,-173.5712516508028,179.97219495298015,-175.52555407750742,0.09953665733337402,-0.2748091603053435,-0.6259541984732825,-0.44274809160305345,0.0047900390625,-0.7723937988281251,-9.870474243164063,-18,-41,-29,8,-1290,-16485
2026-02-06T07:04:37.484457,14.396032322454095,-173.63689840840914,179.79681211635787,-175.76829886242012,0.09999680519104004,-0.6564885496183206,-0.21374045801526717,-0.21374045801526717,0.035326538085937505,-0.7370672607421875,-9.961484985351563,-43,-14,-14,59,-1231,-16637
2026-02-06T07:04:37.584456,14.418933937567799,-173.54376517361342,-179.77834059149916,-175.66857302672918,0.10000371932983398,0.9312977099236641,-0.22900763358778625,0.5648854961832062,-0.0383203125,-0.7502398681640625,-9.905202026367188,61,-15,37,-64,-1253,-16543
2026-02-06T07:04:37.685038,14.468018549999215,-173.50848560842834,179.8957817565202,-175.95265134073043,0.10047006607055664,0.3511450381679389,-0.48854961832061067,-0.16793893129770993,0.017962646484375,-0.6987469482421875,-9.875264282226563,23,-32,-11,30,-1167,-16493
2026-02-06T07:04:37.784078,14.481647185696907,-173.47668545846707,-179.9965350883259,-175.8424883877603,0.09918618202209473,0.32061068702290074,-0.13740458015267176,-0.2595419847328244,-0.0005987548828125,-0.719703369140625,-9.9010107421875,21,-9,-17,-1,-1202,-16536
2026-02-06T07:04:37.881999,14.505653803585147,-173.36265402349792,179.95156155059897,-175.51134844022346,0.09827709197998047,1.1603053435114503,-0.24427480916030533,-0.15267175572519084,0.008382568359375,-0.77838134765625,-9.915380859375,76,-16,-10,14,-1300,-16560
2026-02-06T07:04:37.981932,14.575851935466744,-173.29856007699735,-179.9093918237635,-175.07056402983355,0.09995603561401367,0.6412213740458015,-0.7022900763358778,0.16793893129770993,-0.015567626953125,-0.849034423828125,-9.844129028320314,42,-46,11,-26,-1418,-16441
2026-02-06T07:04:38.081884,14.58348258579051,-173.33060880835717,-179.73288065762128,-175.40980905110516,0.09996151924133301,-0.32061068702290074,-0.07633587786259542,0.5190839694656488,-0.0461041259765625,-0.7939489746093751,-9.889035644531251,-21,-5,34,-77,-1326,-16516
2026-02-06T07:04:38.181885,14.556000647654066,-173.34893010044814,-179.9131566999562,-175.5003657849319,0.10000371932983398,-0.183206106870229,0.2748091603053435,0.3969465648854962,-0.0149688720703125,-0.7771838378906251,-9.875863037109376,-12,18,26,-25,-1298,-16494
2026-02-06T07:04:38.281885,14.557527407435067,-173.30618082658015,-179.8825695475469,-175.54319339046555,0.10000276565551758,0.42748091603053434,-0.015267175572519083,-0.183206106870229,-0.020357666015625,-0.7741900634765625,-9.932744750976562,28,-1,-12,-34,-1293,-16589
2026-02-06T07:04:38.381885,14.629282893115334,-173.33366165088322,-179.90977050055346,-175.5736960353721,0.09999966621398926,-0.2748091603053435,-0.7175572519083969,-0.366412213740458,-0.015567626953125,-0.765208740234375,-9.885443115234375,-18,-47,-24,-26,-1278,-16510
2026-02-06T07:04:38.481881,14.643022977668828,-173.40846877789667,-179.8605181271321,-175.10911663483606,0.09999728202819824,-0.7480916030534351,-0.13740458015267176,0.5343511450381679,-0.023950195312500002,-0.841849365234375,-9.838141479492188,-49,-9,35,-40,-1406,-16431
2026-02-06T07:04:38.581886,14.60179977562592,-173.38862056950563,-179.88273919318485,-175.9097264214267,0.10000443458557129,0.1984732824427481,0.4122137404580153,0.07633587786259542,-0.020357666015625,-0.71132080078125,-9.947114868164062,13,27,5,-34,-1188,-16613
2026-02-06T07:04:38.681887,14.673554063753325,-173.40083406535712,180.0,-175.80843836968756,0.09999799728393555,-0.12213740458015267,-0.7175572519083969,-0.183206106870229,0.0,-0.7250921630859375,-9.89382568359375,-8,-47,-12,0,-1211,-16524
2026-02-06T07:04:38.781878,14.646074287763996,-173.48480004754674,-179.7920559111478,-175.5141107249299,0.09999585151672363,-0.8396946564885496,0.2748091603053435,-0.3053435114503817,-0.03592529296875,-0.7765850830078126,-9.89861572265625,-55,18,-20,-60,-1297,-16532
2026-02-06T07:04:38.881883,14.571264485366479,-173.47105947159616,-179.61056994247843,-175.35090596878342,0.10000085830688477,0.13740458015267176,0.7480916030534351,1.0381679389312977,-0.067060546875,-0.8023315429687501,-9.866282958984376,9,49,68,-112,-1340,-16478
2026-02-06T07:04:38.981887,14.531568636421035,-173.4970144497528,179.69488768916193,-176.00186514910698,0.10000300407409668,-0.2595419847328244,0.3969465648854962,0.6259541984732825,0.052690429687500005,-0.6915618896484376,-9.894424438476562,-17,26,41,88,-1155,-16525
2026-02-06T07:04:39.081872,14.523935984109201,-173.5534960768604,-179.73625387728046,-176.0880443855617,0.09998774528503418,-0.5648854961832062,0.07633587786259542,-0.3053435114503817,-0.045505371093750004,-0.6759942626953125,-9.885443115234375,-37,5,-20,-76,-1129,-16510
2026-02-06T07:04:39.181878,14.513248079605692,-173.53212026785337,179.88272507477183,-175.3502742159662,0.10000824928283691,0.21374045801526717,0.10687022900763359,-0.2595419847328244,0.020357666015625,-0.8089178466796876,-9.945917358398438,14,7,-17,34,-1351,-16611
2026-02-06T07:04:39.281882,14.546835913912947,-173.48784539535745,-179.9172076734761,-175.48682351226302,0.10000014305114746,0.44274809160305345,-0.33587786259541985,-0.07633587786259542,-0.0143701171875,-0.7849676513671875,-9.944719848632813,29,-22,-5,-24,-1311,-16609
2026-02-06T07:04:39.381883,14.592638925741653,-173.50311306596703,-179.96527949793983,-175.93757789263503,0.10000324249267578,-0.15267175572519084,-0.4580152671755725,0.7175572519083969,-0.0059875488281250005,-0.70174072265625,-9.880653076171875,-10,-30,47,-10,-1172,-16502
2026-02-06T07:04:39.481877,14.60179876371195,-173.51532618326075,179.9095952766674,-175.56859081925415,0.09999489784240723,-0.12213740458015267,-0.0916030534351145,-0.42748091603053434,0.015567626953125,-0.7646099853515625,-9.866282958984376,-8,-6,-28,26,-1277,-16478
2026-02-06T07:04:39.581893,14.58347707850333,-173.45425389923201,179.85511363656934,-175.60340504508872,0.1000058650970459,0.6106870229007634,0.183206106870229,-0.7480916030534351,0.025147705078125002,-0.7646099853515625,-9.944719848632813,40,12,-49,42,-1277,-16609
2026-02-06T07:04:39.681880,14.716294412394522,-173.49089316375373,179.89980245359374,-175.68585229907976,0.09999465942382812,-0.366412213740458,-1.3282442748091603,-0.030534351145038167,0.0173638916015625,-0.7490423583984376,-9.929152221679688,-24,-87,-2,29,-1251,-16583
2026-02-06T07:04:39.781875,14.668964633504858,-173.46951842490031,-179.9162751017077,-175.50553636558718,0.10000324249267578,0.21374045801526717,0.4732824427480916,0.8396946564885496,-0.0143701171875,-0.7729925537109376,-9.8339501953125,14,31,55,-24,-1291,-16424
2026-02-06T07:04:39.881875,14.60637091498339,-173.5382188476678,179.88912296470033,-175.70119930751127,0.09999728202819824,-0.6870229007633588,0.6259541984732825,-0.04580152671755725,0.01916015625,-0.7442523193359375,-9.9010107421875,-45,41,-3,32,-1243,-16536
2026-02-06T07:04:39.981881,14.59721015973856,-173.47103997587237,179.700457460292,-176.0022342163477,0.10000491142272949,0.6717557251908397,0.0916030534351145,0.6106870229007634,0.0520916748046875,-0.6963519287109375,-9.963880004882814,44,6,40,87,-1163,-16641
2026-02-06T07:04:40.081882,14.739190356422021,-173.53210672713408,179.58768262793942,-175.76666832734898,0.09999680519104004,-0.6106870229007634,-1.4198473282442747,-0.5954198473282443,0.0712518310546875,-0.7328759765625,-9.9010107421875,-40,-93,-39,119,-1224,-16536
2026-02-06T07:04:40.181883,14.7865185555611,-173.58248835847567,179.87105770554768,-175.61062208175994,0.09999990463256836,-0.5038167938931297,-0.4732824427480916,0.0916030534351145,0.0221539306640625,-0.7556286621093751,-9.844129028320314,-33,-31,6,37,-1262,-16441
2026-02-06T07:04:40.281881,14.762091330899542,-173.59012186618241,-179.95515683434178,-176.1836356972618,0.09999895095825195,-0.07633587786259542,0.24427480916030533,0.5038167938931297,-0.0077838134765625,-0.6634204101562501,-9.945318603515625,-5,16,33,-13,-1108,-16610
2026-02-06T07:04:40.381885,14.838430047945216,-173.6084431582734,179.80961477313,-175.657152142,0.10000371932983398,-0.183206106870229,-0.7633587786259542,-0.10687022900763359,0.032931518554687504,-0.7526348876953125,-9.9105908203125,-12,-50,-7,55,-1257,-16552
2026-02-06T07:04:40.481882,14.888810478093975,-173.60691647857192,179.94087124956351,-175.546507394353,0.09999752044677734,0.015267175572519083,-0.5038167938931297,-0.3511450381679389,0.0101788330078125,-0.7682025146484376,-9.863289184570313,1,-33,-23,17,-1283,-16473
2026-02-06T07:04:40.581881,14.942245923835817,-173.71073391601323,-179.69308617165092,-175.3125667345366,0.10000061988830566,-1.0381679389312977,-0.5343511450381679,0.2900763358778626,-0.052690429687500005,-0.8065228271484376,-9.836345214843751,-68,-35,19,-88,-1347,-16428
2026-02-06T07:04:40.681885,14.89491535507086,-173.79623429829832,179.7623167132511,-175.8837842182425,0.10000491142272949,-0.8549618320610687,0.4732824427480916,0.33587786259541985,0.0413140869140625,-0.7167095947265625,-9.959089965820313,-56,31,22,69,-1197,-16633
2026-02-06T07:04:40.782020,15.431311425361928,-174.95002071730048,-178.7439544148058,-177.39712809979116,0.1000967025756836,-11.526717557251908,-5.358778625954199,-1.83206106870229,-0.22034179687500002,-0.45684997558593754,-10.049501953125,-755,-351,-120,-368,-763,-16784
2026-02-06T07:04:40.881971,15.623682240493428,-175.4370547651334,179.99295947662515,-178.19118664057007,0.10000228881835938,-4.870229007633588,-1.9236641221374047,6.778625954198473,0.001197509765625,-0.307760009765625,-9.74533447265625,-319,-126,444,2,-514,-16276
2026-02-06T07:04:40.981879,15.995821727141173,-175.68108065801718,-178.78180663830832,-177.831470060939,0.09989809989929199,-2.4427480916030535,-3.7251908396946565,-3.099236641221374,-0.204774169921875,-0.3646417236328125,-9.629774780273438,-160,-244,-203,-342,-609,-16083
2026-02-06T07:04:41.081870,15.808053555379391,-175.7039792155491,-178.9593352059173,-178.3669481521126,0.0999903678894043,-0.22900763358778625,1.8778625954198473,-2.885496183206107,-0.17663269042968752,-0.27722351074218754,-9.723779296875,-15,123,-189,-295,-463,-16240
2026-02-06T07:04:41.181875,15.896611111764694,-175.75283855700306,179.93596356720758,-179.47424172175326,0.10000896453857422,-0.48854961832061067,-0.8854961832061069,-4.152671755725191,0.011376342773437501,-0.09340576171875001,-10.1788330078125,-32,-58,-272,19,-156,-17000
2026-02-06T07:04:41.281896,16.302755355834964,-176.08874733029427,-179.16722071764,-176.89378515410442,0.10000920295715332,-3.3587786259541983,-4.061068702290076,-4.442748091603053,-0.143701171875,-0.536484375,-9.886041870117188,-220,-266,-291,-240,-896,-16511
2026-02-06T07:04:41.381874,16.608062904299675,-176.285670699054,-177.39679733853214,-177.47782051179146,0.09998822212219238,-1.9694656488549618,-3.053435114503817,-3.877862595419847,-0.44188110351562504,-0.42810974121093753,-9.7189892578125,-129,-200,-254,-738,-715,-16232
2026-02-06T07:04:41.481953,16.643191941821854,-176.21999467238211,-178.20016395352047,179.25360746127208,0.10004138946533203,0.6564885496183206,-0.3511450381679389,-3.954198473282443,-0.3119512939453125,0.1293310546875,-9.927355957031251,43,-23,-259,-521,216,-16580
2026-02-06T07:04:41.581890,16.214341210954977,-175.42333957803154,-178.49725702154782,-176.42879318470048,0.09996342658996582,7.969465648854962,4.290076335877862,-4.824427480916031,-0.26225463867187504,-0.623902587890625,-9.9968115234375,522,281,-316,-438,-1042,-16696
2026-02-06T07:04:41.681889,16.133419084184958,-175.020255776762,-178.87006599615407,-175.9746204386601,0.10000753402709961,4.030534351145038,0.8091603053435115,-1.3282442748091603,-0.19399658203125,-0.69216064453125,-9.835746459960937,264,53,-87,-324,-1156,-16427
2026-02-06T07:04:41.781906,15.893716084138132,-175.06453212708914,-178.6311772255265,-176.64497499723603,0.10000348091125488,-0.44274809160305345,2.3969465648854964,0.4732824427480916,-0.23111938476562502,-0.5670208740234375,-9.672286376953126,-29,157,31,-386,-947,-16154
2026-02-06T07:04:41.881910,14.928665874568566,-174.1880466519421,-179.875968440139,-177.5931335436207,0.10001707077026367,8.763358778625955,9.648854961832061,4.0,-0.02155517578125,-0.41852966308593753,-9.957293701171876,574,632,262,-36,-699,-16630
2026-02-06T07:04:41.981879,14.734836261691033,-174.34219461178958,179.43734251870595,-177.87754096067098,0.09996724128723145,-1.5419847328244274,1.9389312977099236,-0.4580152671755725,0.10059082031250001,-0.379610595703125,-10.242899780273438,-101,127,-30,168,-634,-17107
2026-02-06T07:04:42.081909,14.713456630706792,-174.40175215524567,-179.52826660693847,-177.05244246982147,0.10002613067626953,-0.5954198473282443,0.21374045801526717,-2.900763358778626,-0.080233154296875,-0.501756591796875,-9.744735717773438,-39,14,-190,-134,-838,-16275
2026-02-06T07:04:42.181863,13.935063467680958,-173.60962264228408,178.0899834570966,-176.4071050425964,0.09997010231018066,7.923664122137405,7.786259541984733,0.33587786259541985,0.3526666259765625,-0.6640191650390626,-10.575208740234375,519,510,22,589,-1109,-17662
2026-02-06T07:04:42.281887,13.684667103163164,-173.4844244600252,-179.7821730920387,-177.40190013526296,0.1000058650970459,1.251908396946565,2.50381679389313,0.7175572519083969,-0.037122802734375,-0.44307861328125003,-9.76449462890625,82,164,47,-62,-740,-16308
2026-02-06T07:04:42.381883,13.73199496378426,-173.3607613403378,178.72451941331053,-178.07684213127482,0.09999918937683105,1.2366412213740459,-0.4732824427480916,3.7251908396946565,0.22153930664062502,-0.33410522460937503,-9.950108642578126,81,-31,244,370,-558,-16618
2026-02-06T07:04:42.481876,12.593081044786764,-170.2111910790887,-179.37420048871914,-175.71712153475386,0.09999847412109375,31.49618320610687,11.389312977099237,21.450381679389313,-0.10837463378906251,-0.7430548095703126,-9.921967163085938,2063,746,1405,-181,-1241,-16571
2026-02-06T07:04:42.581881,13.02361087944672,-171.14858582547598,178.92917554521304,-171.9781564264374,0.09999895095825195,-9.374045801526718,-4.305343511450381,-6.8396946564885495,0.18082397460937502,-1.3633648681640627,-9.674082641601563,-614,-282,-448,302,-2277,-16157
2026-02-06T07:04:42.681913,13.249649979686014,-171.9152860168282,-178.90344585257344,-175.68139234014336,0.1000375747680664,-7.66412213740458,-2.2595419847328246,-4.427480916030534,-0.18621276855468752,-0.7346722412109375,-9.7285693359375,-502,-148,-290,-311,-1227,-16248
2026-02-06T07:04:42.781878,13.522824655052364,-172.78211962357727,178.28209108141183,-175.33909984061222,0.0999605655670166,-8.67175572519084,-2.732824427480916,0.0,0.29758117675781254,-0.8089178466796876,-9.921967163085938,-568,-179,0,497,-1351,-16571
2026-02-06T07:04:42.885207,13.783110964389252,-172.59082486611283,178.77571178758677,-175.11398026573562,0.10270333290100098,1.8625954198473282,-2.5343511450381677,5.236641221374046,0.21315673828125,-0.852626953125,-9.974058837890626,122,-166,343,356,-1424,-16658
2026-02-06T07:04:42.983810,14.24503548090695,-172.5742197364341,179.86365664877766,-178.03253133135144,0.0988759994506836,0.16793893129770993,-4.67175572519084,2.900763358778626,0.023351440429687502,-0.33709899902343754,-9.812993774414062,11,-306,190,39,-563,-16389
2026-02-06T07:04:43.083342,14.424511490887362,-172.2502503285881,179.29697729697153,-174.55739105485554,0.0996243953704834,3.2519083969465647,-1.8015267175572518,2.4732824427480917,0.12214599609375,-0.948427734375,-9.954299926757812,213,-118,162,204,-1584,-16625
2026-02-06T07:04:43.184447,14.4861562707042,-171.9636021024398,-179.30783721107383,-175.97173633351485,0.10094332695007324,2.8396946564885495,-0.6106870229007634,5.221374045801527,-0.1191522216796875,-0.6945556640625,-9.8626904296875,186,-40,342,-199,-1160,-16472
2026-02-06T07:04:43.285129,14.55981988033266,-171.83315612705607,179.9688384116042,-175.15384377978938,0.10052013397216797,1.297709923664122,-0.732824427480916,6.2748091603053435,0.0053887939453125,-0.8400531005859375,-9.90819580078125,85,-48,411,9,-1403,-16548
2026-02-06T07:04:43.383984,14.558306956109204,-171.74691944631908,-179.88171390273547,-175.36565753239694,0.09909653663635254,0.8702290076335878,0.015267175572519083,2.4885496183206106,-0.020357666015625,-0.7993377685546875,-9.860894165039063,57,1,163,-34,-1335,-16469
2026-02-06T07:04:43.485125,14.69541475791058,-171.88248671102156,-179.61902660564786,-175.52740838679196,0.10090517997741699,-1.3435114503816794,-1.3587786259541985,0.366412213740458,-0.06586303710937501,-0.7747888183593751,-9.905202026367188,-88,-89,24,-110,-1294,-16543
2026-02-06T07:04:43.583964,14.824002178570701,-171.96266474978611,-179.86815019813207,-175.49862508160106,0.09908795356750488,-0.8091603053435115,-1.297709923664122,0.5954198473282443,-0.022752685546875002,-0.77838134765625,-9.887239379882812,-53,-85,39,-38,-1300,-16513
2026-02-06T07:04:43.685128,14.981126938157415,-172.0242823025652,-179.64649798238523,-175.57956298873847,0.10089874267578125,-0.6106870229007634,-1.5572519083969465,0.6106870229007634,-0.061072998046875,-0.765208740234375,-9.89861572265625,-40,-102,40,-102,-1278,-16532
2026-02-06T07:04:43.783973,14.93724780774299,-171.89718413170965,-179.24139030315763,-175.75168390928255,0.0991063117980957,1.282442748091603,0.44274809160305345,0.2900763358778626,-0.130528564453125,-0.7322772216796876,-9.857900390625,84,29,19,-218,-1223,-16464
2026-02-06T07:04:43.883704,14.873295274399624,-171.97179542061025,-179.68507710618854,-175.12525130129058,0.09973549842834473,-0.7480916030534351,0.6412213740458015,0.5648854961832062,-0.0544866943359375,-0.8454418945312501,-9.912985839843751,-49,42,37,-91,-1412,-16556
2026-02-06T07:04:43.981924,14.775506711188168,-172.01993748249896,-179.39137627319602,-175.03951159855256,0.0985407829284668,-0.48854961832061067,0.9923664122137404,-1.0381679389312977,-0.10538085937500001,-0.861009521484375,-9.920170898437501,-32,65,-68,-176,-1438,-16568
2026-02-06T07:04:44.081921,14.744972389162957,-172.14360148670107,-179.44469119951214,-175.97358477590086,0.09999990463256836,-1.2366412213740459,0.3053435114503817,-0.9007633587786259,-0.09580078125000001,-0.6957531738281251,-9.88424560546875,-81,20,-59,-160,-1162,-16508
