# fs_hz,100.0
# duration_s,4500
# gyro_offset_counts_x,6
# gyro_offset_counts_y,-33
# gyro_offset_counts_z,6

t_s,accel_x,accel_y,accel_z,gyro_x_raw,gyro_y_raw,gyro_z_raw,gyro_x_corr,gyro_y_corr,gyro_z_corr
0.000010,-227,1348,16280,-8,-31,3,-14,2,-3
0.010071,-208,1346,16278,-8,-31,9,-14,2,3
0.020068,-202,1395,16276,-8,-30,7,-14,3,1
0.030066,-204,1398,16273,-12,-29,6,-18,4,0
0.040067,-198,1426,16258,-13,-31,2,-19,2,-4
0.050066,-184,1443,16264,-15,-31,-1,-21,2,-7
0.060065,-184,1412,16278,-13,-31,-10,-19,2,-16
0.070065,-193,1425,16281,-13,-32,-18,-19,1,-24
0.080080,-190,1412,16278,-11,-32,-30,-17,1,-36
0.090076,-216,1358,16286,-3,-33,-29,-9,0,-35
0.100088,-202,1357,16292,7,-34,-28,1,-1,-34
0.110067,-201,1346,16280,7,-34,-28,1,-1,-34
0.120064,-198,1334,16270,3,-35,-31,-3,-2,-37
0.130065,-207,1311,16267,-2,-34,-32,-8,-1,-38
0.140069,-210,1306,16255,-3,-33,-36,-9,0,-42
0.150130,-216,1296,16245,-9,-34,-38,-15,-1,-44
0.160079,-221,1232,16281,-9,-35,-34,-15,-2,-40
0.170063,-229,1227,16267,-10,-35,-31,-16,-2,-37
0.180063,-190,1148,16302,-26,-34,-24,-32,-1,-30
0.190062,-221,1072,16335,-10,-34,-37,-16,-1,-43
0.200064,-208,1107,16336,40,-34,-34,34,-1,-40
0.210066,-209,1120,16314,60,-33,-34,54,0,-40
0.220065,-216,1164,16310,78,-34,-37,72,-1,-43
0.230065,-213,1247,16287,107,-35,-45,101,-2,-51
0.240065,-212,1272,16291,119,-35,-45,113,-2,-51
0.250066,-211,1441,16266,135,-35,-35,129,-2,-41
0.260064,-208,1473,16261,132,-35,-19,126,-2,-25
0.270066,-206,1485,16275,131,-30,14,125,3,8
0.280065,-202,1533,16220,122,-30,18,116,3,12
0.290064,-202,1544,16231,103,-30,22,97,3,16
0.300066,-204,1534,16260,93,-31,32,87,2,26
0.310066,-215,1549,16272,95,-31,37,89,2,31
0.320065,-199,1625,16233,95,-30,36,89,3,30
0.330065,-187,1648,16220,82,-32,25,76,1,19
0.340064,-235,1638,16224,62,-31,16,56,2,10
0.350065,-256,1543,16248,41,-33,8,35,0,2
0.360065,-242,1545,16242,34,-35,7,28,-2,1
0.370063,-203,1474,16268,24,-34,13,18,-1,7
0.380065,-180,1449,16301,36,-34,24,30,-1,18
0.390064,-196,1442,16302,71,-31,39,65,2,33
0.400064,-198,1547,16248,71,-31,41,65,2,35
0.410065,-177,1578,16242,64,-32,36,58,1,30
0.420065,-188,1648,16241,49,-35,11,43,-2,5
0.430066,-231,1626,16241,35,-36,4,29,-3,-2
0.440065,-260,1536,16247,20,-36,0,14,-3,-6
0.450065,-245,1538,16243,12,-37,-3,6,-4,-9
0.460064,-237,1540,16247,-8,-37,-10,-14,-4,-16
0.470065,-191,1504,16294,-12,-37,-11,-18,-4,-17
0.480064,-162,1526,16300,-5,-35,-10,-11,-2,-16
0.490064,-180,1513,16287,9,-36,-5,3,-3,-11
0.500063,-177,1510,16287,18,-36,-6,12,-3,-12
0.510065,-255,1472,16266,16,-34,-3,10,-1,-9
0.520065,-252,1467,16286,15,-34,0,9,-1,-6
0.530065,-252,1502,16275,10,-34,2,4,-1,-4
0.540065,-217,1487,16282,4,-34,4,-2,-1,-2
0.550065,-184,1464,16296,11,-34,9,5,-1,3
0.560065,-129,1547,16255,26,-33,3,20,0,-3
0.570064,-160,1535,16260,15,-32,0,9,1,-6
0.580065,-215,1453,16283,15,-28,17,9,5,11
0.590088,-262,1430,16279,26,-27,26,20,6,20
0.600070,-278,1493,16252,28,-28,32,22,5,26
0.610069,-267,1575,16246,19,-30,27,13,3,21
0.620065,-251,1609,16252,14,-32,22,8,1,16
0.630065,-242,1634,16254,7,-32,15,1,1,9
0.640064,-230,1598,16271,5,-33,11,-1,0,5
0.650066,-218,1565,16293,19,-31,9,13,2,3
0.660063,-203,1541,16293,27,-30,10,21,3,4
0.670065,-211,1535,16309,34,-29,11,28,4,5
0.680063,-223,1548,16295,55,-25,18,49,8,12
0.690064,-201,1577,16275,64,-24,25,58,9,19
0.700063,-164,1607,16292,82,-24,41,76,9,35
0.710064,-168,1596,16273,94,-23,41,88,10,35
0.720063,-126,1578,16253,93,-22,44,87,11,38
0.730065,-116,1534,16269,87,-22,49,81,11,43
0.740063,-88,1507,16280,91,-23,56,85,10,50
0.750064,-10,1607,16282,102,-20,73,96,13,67
0.760063,21,1629,16330,97,-11,81,91,22,75
0.770065,167,1719,16517,88,28,73,82,61,67
0.780064,242,1812,16561,80,72,55,74,105,49
0.790064,277,1863,16547,43,177,13,37,210,7
0.800063,139,1776,16492,29,224,3,23,257,-3
0.810064,79,1712,16471,21,264,-1,15,297,-7
0.820063,34,1684,16464,18,329,-11,12,362,-17
0.830065,43,1733,16464,18,360,-21,12,393,-27
0.840063,53,1813,16450,17,422,-65,11,455,-71
0.850065,-37,1997,16439,11,454,-98,5,487,-104
0.860064,-122,2003,16465,7,489,-115,1,522,-121
0.870064,-201,2113,16460,15,564,-171,9,597,-177
0.880063,-239,2109,16466,8,603,-197,2,636,-203
0.890064,-315,2057,16383,9,679,-256,3,712,-262
0.900064,-393,2015,16302,2,703,-287,-4,736,-293
0.910064,-484,1997,16184,-13,710,-333,-19,743,-339
0.920063,-709,1930,16114,-22,701,-347,-28,734,-353
0.930064,-792,1896,16160,-23,689,-353,-29,722,-359
0.940063,-906,1773,16003,1,657,-355,-5,690,-361
0.950065,-1087,1673,15916,29,611,-343,23,644,-349
0.960063,-1199,1544,15805,92,486,-320,86,519,-326
0.970064,-1260,1553,15817,100,416,-320,94,449,-326
0.980062,-1316,1515,15888,81,309,-305,75,342,-311
0.990063,-1412,1372,16111,87,285,-303,81,318,-309
1.000063,-1460,1330,16206,106,268,-307,100,301,-313
1.010064,-1566,1452,16062,113,242,-310,107,275,-316
1.020063,-1560,1474,16052,83,225,-305,77,258,-311
1.030064,-1435,1505,16199,61,201,-290,55,234,-296
1.040064,-1398,1507,16256,63,201,-287,57,234,-293
1.050064,-1381,1554,16287,78,220,-278,72,253,-284
1.060064,-1272,1604,16360,75,240,-270,69,273,-276
1.070064,-1209,1645,16396,75,266,-252,69,299,-258
1.080063,-1103,1756,16443,80,324,-231,74,357,-237
1.090065,-1107,1791,16456,81,362,-232,75,395,-238
1.100064,-1121,1792,16467,94,440,-236,88,473,-242
1.110063,-1227,1847,16375,109,470,-242,103,503,-248
1.120065,-1338,1805,16366,118,497,-243,112,530,-249
1.130064,-1402,1808,16404,165,543,-232,159,576,-238
1.140064,-1385,1867,16431,192,573,-238,186,606,-244
1.150064,-1371,2067,16441,204,662,-278,198,695,-284
1.160064,-1276,2262,16393,181,715,-351,175,748,-357
1.170064,-1408,2346,16336,83,817,-468,77,850,-474
1.180064,-2040,1863,16329,84,860,-435,78,893,-441
1.190064,-2198,1750,16228,167,876,-384,161,909,-390
1.200064,-2335,2000,15951,230,868,-329,224,901,-335
1.210064,-2348,1998,15979,214,859,-324,208,892,-330
1.220064,-2444,1786,16056,236,843,-322,230,876,-328
1.230064,-2546,1620,16061,292,833,-317,286,866,-323
1.240063,-2503,1685,15954,336,798,-337,330,831,-343
1.250064,-2818,1563,15801,318,771,-312,312,804,-318
1.260063,-2842,1425,15781,292,737,-315,286,770,-321
1.270067,-2981,1368,15823,302,649,-330,296,682,-336
1.280064,-3055,1487,15819,319,606,-321,313,639,-327
1.290063,-3056,1848,15733,306,534,-287,300,567,-293
1.300064,-2982,2019,15711,274,501,-267,268,534,-273
1.310064,-2907,2146,15727,243,469,-244,237,502,-250
1.320064,-2934,2348,15736,173,420,-224,167,453,-230
1.330064,-3003,2329,15736,140,397,-212,134,430,-218
1.340064,-2964,2350,15582,65,312,-312,59,345,-318
1.350083,-3050,2432,15521,-40,260,-408,-46,293,-414
1.360062,-3112,2319,15578,-285,188,-585,-291,221,-591
1.370061,-3241,2095,15600,-404,170,-643,-410,203,-649
1.380064,-3207,1984,15652,-525,146,-714,-531,179,-720
1.390063,-3305,1499,16021,-618,136,-730,-624,169,-736
1.400065,-3263,1445,16090,-538,135,-703,-544,168,-709
1.410064,-3207,1484,16037,-367,133,-611,-373,166,-617
1.420064,-3088,1753,16010,-307,122,-578,-313,155,-584
1.430064,-3055,1979,16028,-267,127,-463,-273,160,-469
1.440063,-3007,1627,16103,-250,133,-326,-256,166,-332
1.450065,-3045,1747,16116,-208,149,-239,-214,182,-245
1.460062,-3056,1852,16051,-325,241,-175,-331,274,-181
1.470064,-3052,1853,16049,-414,283,-191,-420,316,-197
1.480064,-3082,2081,15930,-522,358,-187,-528,391,-193
1.490064,-3098,2145,15860,-559,375,-174,-565,408,-180
1.500062,-3108,1997,15882,-569,374,-229,-575,407,-235
1.510064,-3144,1293,15922,-509,358,-270,-515,391,-276
1.520064,-3388,984,15969,-417,338,-283,-423,371,-289
1.530064,-3888,469,16238,-135,309,-248,-141,342,-254
1.540063,-4009,517,16291,43,314,-208,37,347,-214
1.550064,-4125,754,16277,390,344,-114,384,377,-120
1.560064,-4051,1594,16025,486,357,-80,480,390,-86
1.570064,-4011,1731,16038,563,371,-59,557,404,-65
1.580064,-3970,1836,15858,659,408,-59,653,441,-65
1.590063,-3964,1932,15725,629,420,-73,623,453,-79
1.600064,-3908,2078,15746,479,434,-97,473,467,-103
1.610063,-3787,2167,15803,452,441,-105,446,474,-111
1.620062,-3570,2309,15747,368,449,-195,362,482,-201
1.630064,-3363,2507,15642,275,443,-284,269,476,-290
1.640063,-3363,2409,15642,192,436,-378,186,469,-384
1.650081,-3636,2075,15714,118,424,-510,112,457,-516
1.660063,-3789,2038,15732,111,425,-546,105,458,-552
1.670064,-3746,1964,15796,139,436,-615,133,469,-621
1.680063,-3613,1995,15814,175,463,-662,169,496,-668
1.690063,-3315,1841,15640,323,552,-744,317,585,-750
1.700063,-3895,1658,16105,497,552,-677,491,585,-683
1.710164,-3968,1118,16173,699,550,-625,693,583,-631
1.720192,-4478,1254,15866,1005,562,-553,999,595,-559
1.730126,-4453,1681,15653,1033,574,-541,1027,607,-547
1.740090,-4858,2070,15455,830,607,-532,824,640,-538
1.750088,-5071,2252,15338,677,622,-511,671,655,-517
1.760086,-5177,2251,15301,354,626,-372,348,659,-378
1.770088,-5074,2128,15289,213,617,-313,207,650,-319
1.780086,-5036,2186,15212,40,604,-278,34,637,-284
1.790087,-5135,2051,15187,-353,570,-286,-359,603,-292
1.800095,-5206,1961,15159,-529,545,-320,-535,578,-326
1.810117,-5236,1913,15158,-724,458,-393,-730,491,-399
1.820090,-5158,1739,15398,-724,415,-400,-730,448,-406
1.830074,-5050,1757,15483,-698,386,-404,-704,419,-410
1.840061,-5031,1611,15634,-604,369,-353,-610,402,-359
1.850062,-5091,1498,15648,-517,370,-314,-523,403,-320
1.860061,-5070,1289,15844,-298,382,-189,-304,415,-195
1.870061,-5074,1098,15953,-140,405,-95,-146,438,-101
1.880063,-4982,1061,16013,254,485,127,248,518,121
1.890063,-4812,1042,15965,456,552,242,450,585,236
1.900064,-4758,1265,15785,590,617,334,584,650,328
1.910063,-5196,1775,15073,454,654,245,448,687,239
1.920064,-5165,1634,15145,230,632,171,224,665,165
1.930063,-5236,1694,15234,-53,612,76,-59,645,70
1.940062,-5237,1821,15230,-179,610,48,-185,643,42
1.950063,-5244,1829,15285,-338,614,-13,-344,647,-19
1.960063,-5376,1859,15356,-366,619,-26,-372,652,-32
1.970064,-5410,1896,15401,-366,629,-32,-372,662,-38
1.980063,-5486,1937,15377,-336,657,-28,-342,690,-34
1.990064,-5567,1863,15362,-321,671,-20,-327,704,-26
2.000063,-5907,1561,15361,-269,698,33,-275,731,27
2.010064,-6150,1361,15395,-212,714,95,-218,747,89
2.020089,-6248,1192,15405,3,751,276,-3,784,270
2.030065,-5924,1871,15078,72,771,317,66,804,311
2.040063,-5914,2163,14873,53,770,293,47,803,287
2.050064,-6012,2214,14874,-109,720,159,-115,753,153
2.060063,-6152,2092,14951,-153,697,128,-159,730,122
2.070062,-6230,1986,15059,-77,677,178,-83,710,172
2.080063,-6227,2137,15069,-17,676,219,-23,709,213
2.090063,-6230,2316,14948,22,674,229,16,707,223
2.100063,-6347,2531,14763,17,642,146,11,675,140
2.110062,-6461,2425,14764,-10,618,89,-16,651,83
2.120063,-6547,2193,14834,6,571,17,0,604,11
2.130062,-6608,2123,14826,31,554,-1,25,587,-7
2.140063,-6674,2026,14803,63,524,-4,57,557,-10
2.150062,-6812,1653,14792,61,512,13,55,545,7
2.160064,-6951,1520,14790,52,502,39,46,535,33
2.170062,-7076,1221,14798,9,482,126,3,515,120
2.180062,-7126,1169,14766,-9,469,190,-15,502,184
2.190062,-7154,1098,14744,-16,426,345,-22,459,339
2.200063,-7153,1272,14705,-15,402,403,-21,435,397
2.210061,-7136,1434,14678,-78,364,443,-84,397,437
2.220062,-7029,1761,14715,-138,354,427,-144,387,421
2.230062,-6927,1941,14768,-183,348,386,-189,381,380
2.240063,-6560,2194,14802,-241,353,287,-247,386,281
2.250064,-6461,2324,14886,-222,361,235,-228,394,229
2.260062,-6286,2472,14964,-102,397,145,-108,430,139
2.270063,-6302,2505,14964,-38,421,83,-44,454,77
2.280062,-6315,2432,14959,57,481,-56,51,514,-62
2.290062,-6399,2235,14886,74,510,-139,68,543,-145
2.300063,-6537,2059,14862,71,540,-213,65,573,-219
2.310062,-6734,1679,14908,95,594,-263,89,627,-269
2.320063,-6775,1616,14907,117,623,-258,111,656,-264
2.330062,-6820,1583,14884,141,682,-249,135,715,-255
2.340063,-6985,1687,14689,126,704,-259,120,737,-265
2.350062,-7040,1727,14641,92,722,-276,86,755,-282
2.360064,-7067,1801,14647,40,759,-318,34,792,-324
2.370062,-7131,1778,14657,22,781,-339,16,814,-345
2.380063,-7297,1738,14577,22,825,-377,16,858,-383
2.390062,-7334,1728,14559,25,847,-393,19,880,-399
2.400063,-7399,1683,14530,37,898,-423,31,931,-429
2.410063,-7547,1492,14454,38,921,-438,32,954,-444
2.420062,-7641,1490,14378,23,942,-452,17,975,-458
2.430061,-7827,1419,14266,-81,966,-463,-87,999,-469
2.440062,-7931,1271,14298,-121,973,-441,-127,1006,-447
2.450064,-8105,1123,14290,-85,993,-298,-91,1026,-304
2.460063,-8083,1243,14290,-42,1008,-220,-48,1041,-226
2.470062,-8083,1408,14221,-5,1040,-146,-11,1073,-152
2.480063,-8241,1689,14013,-15,1050,-135,-21,1083,-141
2.490062,-8322,1789,13933,-34,1057,-145,-40,1090,-151
2.500062,-8519,1940,13855,-48,1058,-164,-54,1091,-170
2.510062,-8653,1980,13767,-29,1054,-169,-35,1087,-175
2.520062,-8758,2011,13662,2,1020,-220,-4,1053,-226
2.530062,-8978,1885,13547,12,996,-244,6,1029,-250
2.540062,-9067,1784,13496,20,971,-265,14,1004,-271
2.550062,-9258,1575,13358,-4,916,-302,-10,949,-308
2.560063,-9385,1428,13299,-35,879,-320,-41,912,-326
2.570061,-9474,1370,13304,-88,800,-338,-94,833,-344
2.580063,-9534,1431,13310,-98,764,-338,-104,797,-344
2.590062,-9564,1505,13311,-64,700,-300,-70,733,-306
2.600063,-9542,1630,13316,-27,674,-279,-33,707,-285
2.610061,-9572,1630,13320,5,650,-261,-1,683,-267
2.620063,-9593,1549,13317,63,616,-218,57,649,-224
2.630062,-9620,1488,13261,81,600,-201,75,633,-207
2.640109,-9754,1394,13098,65,554,-180,59,587,-186
2.650063,-9823,1350,13035,32,522,-179,26,555,-185
2.660062,-9912,1306,12976,-47,446,-188,-53,479,-194
2.670062,-9975,1282,12982,-80,406,-191,-86,439,-197
2.680063,-9951,1307,13013,-105,369,-191,-111,402,-197
2.690062,-9867,1331,13081,-120,309,-182,-126,342,-188
2.700063,-9857,1307,13090,-120,288,-173,-126,321,-179
2.710062,-9834,1261,13092,-120,253,-152,-126,286,-158
2.720063,-9817,1243,13110,-126,238,-143,-132,271,-149
2.730062,-9816,1225,13112,-137,215,-126,-143,248,-132
2.740063,-9851,1210,13080,-149,203,-120,-155,236,-126
2.750061,-9859,1192,13072,-160,190,-117,-166,223,-123
2.760063,-9848,1222,13095,-166,168,-111,-172,201,-117
2.770061,-9870,1229,13077,-165,158,-108,-171,191,-114
2.780063,-9876,1259,13072,-164,139,-102,-170,172,-108
2.790062,-9817,1291,13111,-162,133,-96,-168,166,-102
2.800063,-9789,1263,13139,-155,132,-89,-161,165,-95
2.810062,-9758,1187,13171,-144,136,-76,-150,169,-82
2.820062,-9732,1153,13202,-136,143,-69,-142,176,-75
2.830062,-9729,1131,13156,-127,159,-65,-133,192,-71
2.840063,-9711,1115,13157,-128,165,-65,-134,198,-71
2.850061,-9666,1120,13164,-102,182,-60,-108,215,-66
2.860061,-9759,1190,13170,-90,192,-56,-96,225,-62
2.870062,-9748,1132,13175,-84,205,-54,-90,238,-60
2.880062,-9765,1072,13151,-65,230,-50,-71,263,-56
2.890062,-9780,1038,13131,-67,243,-55,-73,276,-61
2.900063,-9785,1022,13109,-61,268,-57,-67,301,-63
2.910062,-9782,1033,13104,-56,282,-58,-62,315,-64
2.920063,-9779,1013,13130,-17,306,-62,-23,339,-68
2.930062,-9861,952,13072,4,317,-68,-2,350,-74
2.940062,-9905,922,13043,9,326,-75,3,359,-81
2.950062,-9949,861,12966,3,340,-90,-3,373,-96
2.960062,-10053,863,12974,-12,345,-98,-18,378,-104
2.970062,-10010,779,13085,-37,375,-93,-43,408,-99
2.980062,-10003,788,13076,-34,397,-86,-40,430,-92
2.990061,-10024,798,13025,-32,436,-77,-38,469,-83
3.000062,-10100,844,12807,-41,444,-83,-47,477,-89
3.010061,-10138,871,12743,-60,440,-100,-66,473,-106
3.020062,-10291,863,12726,-99,426,-135,-105,459,-141
3.030061,-10318,829,12756,-118,423,-149,-124,456,-155
3.040062,-10284,763,12742,-127,427,-159,-133,460,-165
3.050061,-10402,739,12712,-128,428,-162,-134,461,-168
3.060062,-10467,709,12722,-118,429,-163,-124,462,-169
3.070062,-10500,755,12715,-37,432,-146,-43,465,-152
3.080062,-10507,890,12648,4,431,-140,-2,464,-146
3.090061,-10401,998,12555,73,419,-120,67,452,-126
3.100063,-10408,1119,12529,120,413,-104,114,446,-110
3.110062,-10409,1173,12485,164,404,-84,158,437,-90
3.120063,-10468,1179,12437,179,397,-80,173,430,-86
3.130062,-10497,1193,12369,182,385,-89,176,418,-95
3.140063,-10594,1151,12372,155,368,-114,149,401,-120
3.150061,-10655,1106,12361,138,362,-123,132,395,-129
3.160063,-10839,1063,12379,123,351,-122,117,384,-128
3.170062,-10884,1018,12379,116,347,-120,110,380,-126
3.180062,-10986,989,12384,117,340,-103,111,373,-109
3.190063,-11098,874,12234,109,337,-94,103,370,-100
3.200063,-11184,849,12167,88,326,-85,82,359,-91
3.210062,-11263,767,12131,21,293,-68,15,326,-74
3.220062,-11282,734,12140,-8,272,-55,-14,305,-61
3.230085,-11216,724,12153,-56,232,-30,-62,265,-36
3.240063,-11185,724,12184,-70,217,-16,-76,250,-22
3.250063,-11142,748,12196,-66,192,14,-72,225,8
3.260062,-11088,828,12233,-49,183,32,-55,216,26
3.270062,-11073,858,12253,-26,176,53,-32,209,47
3.280062,-11118,950,12133,9,159,80,3,192,74
3.290062,-11122,980,12121,4,145,81,-2,178,75
3.300082,-11099,987,12148,14,125,87,8,158,81
3.310081,-11027,1001,12180,27,123,92,21,156,86
3.320087,-11032,1033,12164,44,123,91,38,156,85
3.330091,-11023,1115,12100,34,121,78,28,154,72
3.340089,-11003,1148,12093,14,119,62,8,152,56
3.350087,-10986,1107,12137,-21,117,27,-27,150,21
3.360089,-10970,1054,12178,-20,120,17,-26,153,11
3.370090,-11010,1067,12150,7,129,11,1,162,5
3.380086,-11023,1066,12139,14,132,11,8,165,5
3.390090,-11089,1052,12107,26,131,11,20,164,5
3.400092,-11145,1017,12064,36,127,13,30,160,7
3.410089,-11137,1076,12020,39,122,5,33,155,-1
3.420090,-11208,921,12070,35,107,-1,29,140,-7
3.430090,-11227,905,12045,46,98,4,40,131,-2
3.440091,-11214,921,12043,55,81,18,49,114,12
3.450086,-11194,944,12035,60,73,18,54,106,12
3.460086,-11210,968,12006,63,65,16,57,98,10
3.470087,-11240,1012,11975,54,44,6,48,77,0
3.480089,-11236,1028,11985,42,32,1,36,65,-5
3.490090,-11201,1039,12011,21,17,-3,15,50,-9
3.500089,-11180,1017,12022,13,12,-2,7,45,-8
3.510088,-11156,983,12041,3,9,-2,-3,42,-8
3.520090,-11143,958,12049,-3,8,-2,-9,41,-8
3.530091,-11128,960,12060,-12,10,-2,-18,43,-8
3.540090,-11113,1034,12066,-24,16,2,-30,49,-4
3.550090,-11106,1034,12080,-26,21,5,-32,54,-1
3.560090,-11083,1098,12060,-28,37,8,-34,70,2
3.570090,-11086,1115,12062,-38,46,7,-44,79,1
3.580090,-11086,1113,12059,-55,59,-3,-61,92,-9
3.590091,-11160,1097,12009,-64,60,-10,-70,93,-16
3.600090,-11196,1070,11996,-69,60,-17,-75,93,-23
3.610090,-11174,1060,12016,-65,60,-23,-71,93,-29
3.620116,-11158,1051,12049,-56,63,-22,-62,96,-28
3.630090,-11157,1043,12051,-33,74,-13,-39,107,-19
3.640089,-11167,993,12047,-22,80,-6,-28,113,-12
3.650090,-11183,989,12040,-7,86,0,-13,119,-6
3.660087,-11207,986,12013,24,94,12,18,127,6
3.670086,-11222,987,12003,36,97,19,30,130,13
3.680114,-11263,969,11951,45,96,24,39,129,18
3.690156,-11297,941,11922,41,91,23,35,124,17
3.700087,-11311,960,11901,27,75,14,21,108,8
3.710090,-11306,999,11884,17,67,7,11,100,1
3.720089,-11313,1021,11893,9,62,1,3,95,-5
3.730078,-11371,1034,11851,-2,47,-9,-8,80,-15
3.740079,-11397,1021,11831,-11,37,-13,-17,70,-19
3.750079,-11383,1052,11844,-27,15,-19,-33,48,-25
3.760079,-11346,1057,11878,-26,8,-18,-32,41,-24
3.770079,-11324,1061,11898,-8,2,-12,-14,35,-18
3.780079,-11309,1045,11925,0,1,-9,-6,34,-15
3.790080,-11313,1044,11912,7,2,-9,1,35,-15
3.800079,-11301,1047,11889,8,1,-11,2,34,-17
3.810079,-11301,1026,11885,5,0,-12,-1,33,-18
3.820078,-11273,1008,11905,-10,-1,-19,-16,32,-25
3.830089,-11256,1014,11923,-16,0,-21,-22,33,-27
3.840089,-11253,1008,11932,-16,9,-20,-22,42,-26
3.850090,-11273,954,11943,-6,14,-19,-12,47,-25
3.860087,-11309,945,11914,4,18,-18,-2,51,-24
3.870087,-11343,954,11885,15,15,-19,9,48,-25
3.880088,-11332,986,11899,16,14,-19,10,47,-25
3.890090,-11292,1011,11926,26,20,-15,20,53,-21
3.900087,-11253,1035,11958,33,29,-12,27,62,-18
3.910089,-11252,1025,11946,41,37,-11,35,70,-17
3.920089,-11274,1014,11930,44,51,-15,38,84,-21
3.930089,-11276,1030,11927,38,57,-19,32,90,-25
3.940090,-11239,1053,11945,30,72,-29,24,105,-35
3.950089,-11229,1040,11945,27,82,-32,21,115,-38
3.960088,-11241,1017,11931,26,105,-39,20,138,-45
3.970089,-11314,1009,11863,20,112,-43,14,145,-49
3.980089,-11331,1031,11844,10,116,-46,4,149,-52
3.990086,-11322,1023,11874,8,126,-42,2,159,-48
4.000091,-11331,1027,11887,19,135,-38,13,168,-44
4.010090,-11319,1022,11874,42,157,-38,36,190,-44
4.020089,-11350,942,11866,48,166,-37,42,199,-43
4.030090,-11387,912,11845,63,176,-33,57,209,-39
4.040090,-11423,938,11784,60,180,-34,54,213,-40
4.050089,-11456,959,11758,56,181,-36,50,214,-42
4.060086,-11523,1008,11686,41,178,-43,35,211,-49
4.070085,-11564,1007,11672,32,174,-47,26,207,-53
4.080089,-11593,992,11646,20,158,-53,14,191,-59
4.090089,-11605,1005,11631,10,148,-57,4,181,-63
4.100121,-11612,1012,11629,-11,129,-64,-17,162,-70
4.110149,-11642,964,11590,-19,121,-66,-25,154,-72
4.120125,-11634,992,11611,-25,115,-67,-31,148,-73
4.130084,-11637,994,11634,-18,105,-62,-24,138,-68
4.140087,-11628,1003,11633,-9,102,-57,-15,135,-63
4.150091,-11631,1021,11643,6,102,-41,0,135,-47
4.160125,-11604,1063,11630,14,102,-33,8,135,-39
4.170205,-11623,1065,11608,13,104,-27,7,137,-33
4.180099,-11633,1038,11610,11,104,-19,5,137,-25
4.190141,-11626,1032,11602,11,103,-16,5,136,-22
4.200078,-11652,994,11570,6,102,-12,0,135,-18
4.210077,-11663,982,11571,4,100,-11,-2,133,-17
4.220076,-11670,987,11586,18,98,-2,12,131,-8
4.230070,-11710,1000,11559,29,95,1,23,128,-5
4.240070,-11716,1007,11534,38,91,5,32,124,-1
4.250071,-11721,1006,11507,45,82,6,39,115,0
4.260066,-11719,1001,11505,42,77,4,36,110,-2
4.270069,-11696,1032,11522,28,69,1,22,102,-5
4.280071,-11699,1030,11525,21,66,0,15,99,-6
4.290068,-11696,1012,11544,18,66,-1,12,99,-7
4.300070,-11688,1016,11537,13,70,-3,7,103,-9
4.310068,-11688,1020,11535,14,71,-4,8,104,-10
4.320070,-11688,1073,11534,18,77,-6,12,110,-12
4.330152,-11694,1080,11535,21,81,-5,15,114,-11
4.340100,-11718,1097,11514,31,90,-3,25,123,-9
4.350090,-11736,1094,11495,34,92,-2,28,125,-8
4.360115,-11720,1091,11486,36,98,0,30,131,-6
4.370145,-11728,1076,11515,37,102,2,31,135,-4
4.380097,-11787,1052,11515,37,109,3,31,142,-3
4.390090,-11810,1049,11475,1,122,-13,-5,155,-19
4.400095,-11815,1020,11456,-2,125,-13,-8,158,-19
4.410089,-11800,1036,11444,5,126,-14,-1,159,-20
4.420094,-11709,1019,11460,17,128,-12,11,161,-18
4.430089,-11744,1007,11449,39,129,-7,33,162,-13
4.440086,-11788,973,11380,43,126,-12,37,159,-18
4.450084,-11837,981,11339,45,122,-11,39,155,-17
4.460084,-11893,1022,11306,8,112,-24,2,145,-30
4.470080,-11905,991,11347,2,108,-22,-4,141,-28
4.480086,-11898,1005,11349,16,101,-14,10,134,-20
4.490083,-11920,1029,11319,19,97,-12,13,130,-18
4.500086,-11923,1005,11295,15,93,-12,9,126,-18
4.510082,-11918,965,11273,0,81,-14,-6,114,-20
4.520086,-11920,958,11276,-4,75,-15,-10,108,-21
4.530083,-11945,950,11302,-13,64,-12,-19,97,-18
4.540089,-11949,950,11319,-9,60,-7,-15,93,-13
4.550088,-11966,957,11318,9,57,14,3,90,8
4.560092,-11923,1000,11286,19,55,22,13,88,16
4.570089,-11906,1044,11276,19,53,24,13,86,18
4.580089,-11906,1056,11276,6,51,18,0,84,12
4.590089,-11926,1027,11276,3,51,19,-3,84,13
4.600092,-11944,1028,11282,3,51,26,-3,84,20
4.610156,-11991,1045,11278,5,50,30,-1,83,24
4.620093,-12014,1019,11296,12,50,38,6,83,32
4.630089,-12001,1059,11257,27,45,48,21,78,42
4.640679,-11989,1113,11217,28,42,43,22,75,37
4.650088,-11998,1124,11218,10,27,30,4,60,24
4.660087,-11964,1107,11232,11,18,27,5,51,21
4.670086,-11919,1142,11240,13,10,19,7,43,13
4.680087,-11931,1122,11232,12,5,19,6,38,13
4.690088,-11993,1057,11230,9,2,18,3,35,12
4.700085,-11977,1075,11209,17,3,28,11,36,22
4.710089,-11971,1086,11207,17,8,31,11,41,25
4.720086,-11971,1143,11210,4,12,17,-2,45,11
4.730088,-11988,1124,11209,-2,12,8,-8,45,2
4.740085,-12010,1094,11202,-15,7,-7,-21,40,-13
4.750089,-12050,1053,11134,-31,1,-20,-37,34,-26
4.760086,-12072,1046,11097,-57,-9,-36,-63,24,-42
4.770088,-12128,973,11138,-107,-31,-53,-113,2,-59
4.780084,-12143,866,11205,-105,-40,-31,-111,-7,-37
4.790088,-12110,871,11246,-42,-54,31,-48,-21,25
4.800086,-12094,906,11231,-14,-59,57,-20,-26,51
4.810088,-12084,950,11227,31,-69,87,25,-36,81
4.820085,-11973,1203,11225,49,-70,85,43,-37,79
4.830088,-11940,1321,11208,50,-72,72,44,-39,66
4.840085,-11962,1270,11242,49,-72,41,43,-39,35
4.850089,-11980,1235,11228,58,-71,32,52,-38,26
4.860087,-11981,1202,11228,59,-74,18,53,-41,12
4.870085,-11997,1160,11221,54,-77,12,48,-44,6
4.880088,-12012,1146,11208,42,-80,7,36,-47,1
4.890087,-12029,1167,11217,23,-90,1,17,-57,-5
4.900085,-12009,1155,11228,20,-96,2,14,-63,-4
4.910089,-11996,1132,11240,34,-105,14,28,-72,8
4.920085,-11990,1103,11245,46,-109,23,40,-76,17
4.930088,-11964,1106,11259,59,-114,33,53,-81,27
4.940085,-11949,1133,11268,53,-115,29,47,-82,23
4.950089,-11947,1139,11280,47,-116,26,41,-83,20
4.960101,-11896,1170,11316,42,-112,25,36,-79,19
4.970090,-11891,1203,11340,48,-108,26,42,-75,20
4.980085,-11876,1237,11348,64,-98,31,58,-65,25
4.990090,-11868,1248,11353,71,-91,33,65,-58,27
5.000090,-11852,1247,11346,75,-80,29,69,-47,23
5.010089,-11838,1224,11323,72,-76,26,66,-43,20
5.020089,-11833,1220,11332,67,-71,24,61,-38,18
5.030090,-11840,1199,11341,62,-58,17,56,-25,11
5.040130,-11845,1203,11340,55,-53,14,49,-20,8
5.050158,-11862,1193,11332,35,-47,0,29,-14,-6
5.060173,-11887,1163,11332,29,-44,-4,23,-11,-10
5.070256,-11907,1129,11328,35,-41,0,29,-8,-6
5.080143,-11925,1183,11297,33,-41,1,27,-8,-5
5.090155,-11932,1192,11305,28,-42,3,22,-9,-3
5.100159,-11917,1217,11305,26,-43,10,20,-10,4
5.110157,-11925,1233,11298,28,-43,15,22,-10,9
5.120130,-11912,1232,11306,29,-42,24,23,-9,18
5.130193,-11909,1242,11303,26,-42,28,20,-9,22
5.140093,-11892,1236,11319,23,-40,30,17,-7,24
5.150088,-11892,1267,11315,27,-39,32,21,-6,26
5.160084,-11896,1286,11304,27,-39,31,21,-6,25
5.170116,-11904,1308,11280,22,-42,22,16,-9,16
5.180081,-11918,1310,11275,16,-44,17,10,-11,11
5.190089,-11930,1298,11272,1,-50,7,-5,-17,1
5.200097,-11915,1259,11274,-7,-54,2,-13,-21,-4
5.210087,-11892,1256,11290,-14,-57,-3,-20,-24,-9
5.220149,-11897,1246,11322,-26,-60,-7,-32,-27,-13
5.230091,-11904,1229,11323,-26,-61,-4,-32,-28,-10
5.240088,-11903,1191,11336,-20,-60,15,-26,-27,9
5.250137,-11858,1247,11338,-15,-57,20,-21,-24,14
5.260062,-11855,1250,11344,-18,-55,20,-24,-22,14
5.270060,-11887,1247,11322,-14,-52,19,-20,-19,13
5.280059,-11907,1253,11307,-14,-54,20,-20,-21,14
5.290058,-11918,1234,11318,-11,-61,22,-17,-28,16
5.300058,-11889,1234,11331,-5,-64,27,-11,-31,21
5.310059,-11887,1228,11334,7,-66,31,1,-33,25
5.320060,-11896,1226,11322,9,-69,29,3,-36,23
5.330060,-11890,1246,11309,4,-73,25,-2,-40,19
5.340060,-11907,1256,11313,-9,-82,14,-15,-49,8
5.350059,-11904,1280,11321,-11,-86,11,-17,-53,5
5.360060,-11960,1251,11309,0,-98,8,-6,-65,2
5.370060,-11986,1234,11305,10,-106,7,4,-73,1
5.380060,-11984,1183,11322,37,-129,9,31,-96,3
5.390060,-11989,1164,11311,52,-142,9,46,-109,3
5.400060,-11978,1181,11307,61,-155,8,55,-122,2
5.410060,-11985,1211,11301,66,-181,6,60,-148,0
5.420061,-11983,1240,11296,62,-193,7,56,-160,1
5.430059,-11954,1336,11298,30,-218,12,24,-185,6
5.440060,-11911,1365,11314,11,-229,16,5,-196,10
5.450060,-11875,1371,11350,-12,-243,27,-18,-210,21
5.460059,-11817,1357,11408,-16,-245,36,-22,-212,30
5.470058,-11791,1340,11433,-17,-244,47,-23,-211,41
5.480060,-11718,1286,11518,-12,-240,70,-18,-207,64
5.490060,-11677,1283,11556,-1,-233,82,-7,-200,76
5.500060,-11644,1276,11571,18,-212,102,12,-179,96
5.510060,-11597,1271,11590,26,-203,108,20,-170,102
5.520059,-11585,1288,11558,33,-193,107,27,-160,101
5.530060,-11577,1325,11543,20,-172,88,14,-139,82
5.540059,-11586,1324,11538,13,-160,76,7,-127,70
5.550060,-11572,1351,11550,-2,-147,56,-8,-114,50
5.560060,-11558,1341,11568,-10,-138,45,-16,-105,39
5.570059,-11545,1316,11589,-22,-117,31,-28,-84,25
5.580060,-11551,1303,11639,-29,-108,27,-35,-75,21
5.590060,-11543,1287,11640,-28,-101,24,-34,-68,18
5.600060,-11526,1340,11616,-29,-80,10,-35,-47,4
5.610062,-11523,1356,11621,-36,-69,1,-42,-36,-5
5.620059,-11513,1348,11675,-37,-49,-9,-43,-16,-15
5.630059,-11503,1321,11711,-30,-43,-10,-36,-10,-16
5.640059,-11509,1313,11714,-1,-32,-9,-7,1,-15
5.650060,-11541,1319,11665,9,-27,-11,3,6,-17
5.660060,-11570,1321,11632,14,-23,-12,8,10,-18
5.670058,-11614,1340,11601,16,-19,-15,10,14,-21
5.680060,-11623,1364,11596,15,-17,-16,9,16,-22
5.690060,-11624,1377,11585,13,-16,-14,7,17,-20
5.700061,-11619,1455,11535,9,-17,-16,3,16,-22
5.710058,-11642,1478,11523,-1,-17,-22,-7,16,-28
5.720060,-11681,1414,11551,1,-22,-22,-5,11,-28
5.730060,-11693,1384,11547,10,-24,-15,4,9,-21
5.740059,-11713,1344,11516,26,-32,4,20,1,-2
5.750060,-11723,1357,11507,19,-36,9,13,-3,3
5.760060,-11714,1327,11523,13,-41,25,7,-8,19
5.770060,-11692,1363,11531,20,-44,35,14,-11,29
5.780060,-11680,1435,11516,18,-46,36,12,-13,30
5.790061,-11669,1471,11525,2,-51,31,-4,-18,25
5.800059,-11656,1479,11527,-3,-53,29,-9,-20,23
5.810060,-11640,1458,11557,-4,-54,29,-10,-21,23
5.820060,-11628,1438,11568,0,-54,29,-6,-21,23
5.830060,-11631,1422,11575,6,-54,24,0,-21,18
5.840060,-11629,1387,11580,0,-54,22,-6,-21,16
5.850060,-11623,1376,11571,-3,-53,18,-9,-20,12
5.860060,-11629,1338,11575,-12,-52,8,-18,-19,2
5.870058,-11619,1319,11582,-12,-50,9,-18,-17,3
5.880061,-11592,1337,11605,-4,-48,7,-10,-15,1
5.890059,-11585,1331,11600,0,-44,5,-6,-11,-1
5.900060,-11583,1322,11598,12,-37,1,6,-4,-5
5.910060,-11616,1321,11593,16,-36,1,10,-3,-5
5.920060,-11600,1328,11595,22,-35,3,16,-2,-3
5.930060,-11581,1362,11598,26,-29,8,20,4,2
5.940059,-11583,1374,11596,21,-25,9,15,8,3
5.950058,-11588,1373,11581,13,-19,10,7,14,4
5.960059,-11613,1387,11574,8,-18,10,2,15,4
5.970059,-11600,1391,11574,2,-16,10,-4,17,4
5.980059,-11609,1374,11589,1,-12,10,-5,21,4
5.990059,-11617,1359,11583,5,-10,9,-1,23,3
6.000059,-11634,1371,11559,8,-10,8,2,23,2
6.010060,-11643,1394,11562,8,-11,7,2,22,1
6.020059,-11648,1405,11552,9,-14,3,3,19,-3
6.030130,-11667,1434,11548,7,-17,0,1,16,-6
6.040076,-11663,1465,11539,2,-20,-4,-4,13,-10
6.050084,-11634,1480,11546,-7,-24,-8,-13,9,-14
6.060063,-11645,1495,11534,-7,-26,-8,-13,7,-14
6.070062,-11680,1462,11522,-15,-30,-10,-21,3,-16
6.080069,-11691,1445,11513,-20,-34,-13,-26,-1,-19
6.090068,-11692,1427,11522,-26,-44,-18,-32,-11,-24
6.100060,-11676,1420,11548,-24,-47,-16,-30,-14,-22
6.110058,-11650,1444,11548,-22,-49,-15,-28,-16,-21
6.120058,-11624,1453,11551,-10,-49,-11,-16,-16,-17
6.130059,-11616,1452,11539,-11,-47,-12,-17,-14,-18
6.140059,-11623,1398,11552,-19,-40,-15,-25,-7,-21
6.150059,-11625,1349,11575,-18,-40,-11,-24,-7,-17
6.160059,-11628,1330,11577,4,-40,8,-2,-7,2
6.170059,-11592,1416,11580,15,-40,8,9,-7,2
6.180059,-11582,1437,11587,9,-39,4,3,-6,-2
6.190059,-11589,1381,11611,14,-34,3,8,-1,-3
6.200061,-11587,1384,11603,22,-32,3,16,1,-3
6.210124,-11597,1392,11590,29,-28,7,23,5,1
6.220061,-11596,1393,11587,30,-25,8,24,8,2
6.230059,-11600,1380,11589,29,-20,9,23,13,3
6.240058,-11625,1344,11552,23,-10,8,17,23,2
6.250058,-11635,1347,11524,15,-5,4,9,28,-2
6.260060,-11681,1349,11505,-19,0,-15,-25,33,-21
6.270058,-11706,1352,11524,-32,-2,-22,-38,31,-28
6.280060,-11696,1359,11556,-39,-21,-21,-45,12,-27
6.290058,-11693,1335,11571,-31,-28,-12,-37,5,-18
6.300058,-11697,1373,11544,-23,-33,-3,-29,0,-9
6.310059,-11717,1382,11509,-30,-47,1,-36,-14,-5
6.320060,-11687,1424,11521,-27,-53,2,-33,-20,-4
6.330059,-11610,1436,11581,-13,-54,2,-19,-21,-4
6.340059,-11605,1431,11586,1,-48,3,-5,-15,-3
6.350059,-11617,1441,11563,14,-36,6,8,-3,0
6.360059,-11607,1404,11533,13,-30,5,7,3,-1
6.370059,-11625,1390,11519,11,-20,3,5,13,-3
6.380059,-11667,1393,11522,-7,-7,-2,-13,26,-8
6.390059,-11662,1389,11528,-14,-3,-2,-20,30,-8
6.400059,-11674,1397,11541,-18,-1,4,-24,32,-2
6.410058,-11668,1455,11530,-19,-3,3,-25,30,-3
6.420059,-11654,1489,11525,-26,-12,-2,-32,21,-8
6.430058,-11686,1438,11546,-22,-17,0,-28,16,-6
6.440059,-11684,1400,11552,-11,-17,7,-17,16,1
6.450058,-11671,1403,11527,-7,-19,10,-13,14,4
6.460059,-11661,1392,11529,-7,-20,10,-13,13,4
6.470057,-11664,1385,11539,-1,-25,14,-7,8,8
6.480059,-11661,1358,11563,9,-28,20,3,5,14
6.490058,-11653,1372,11557,18,-26,24,12,7,18
6.500059,-11640,1482,11508,7,-24,4,1,9,-2
6.510058,-11650,1464,11527,-4,-25,-6,-10,8,-12
6.520059,-11637,1454,11574,-9,-26,-12,-15,7,-18
6.530058,-11631,1451,11573,-9,-24,-13,-15,9,-19
6.540059,-11637,1419,11590,-13,-23,-8,-19,10,-14
6.550058,-11636,1398,11586,-14,-21,-4,-20,12,-10
6.560059,-11638,1385,11582,-14,-20,0,-20,13,-6
6.570058,-11633,1371,11592,-4,-19,7,-10,14,1
6.580058,-11621,1374,11594,6,-19,11,0,14,5
6.590058,-11629,1393,11571,24,-17,14,18,16,8
6.600059,-11641,1397,11561,28,-15,12,22,18,6
6.610058,-11638,1402,11532,26,-14,3,20,19,-3
6.620059,-11656,1419,11520,19,-14,-3,13,19,-9
6.630058,-11667,1416,11519,13,-15,-9,7,18,-15
6.640059,-11675,1400,11513,2,-17,-15,-4,16,-21
6.650057,-11674,1384,11531,0,-17,-14,-6,16,-20
6.660059,-11660,1374,11555,8,-13,-9,2,20,-15
6.670057,-11669,1421,11538,18,-11,-5,12,22,-11
6.680059,-11696,1397,11521,15,-9,0,9,24,-6
6.690057,-11700,1411,11507,16,-9,10,10,24,4
6.700059,-11698,1436,11507,16,-9,15,10,24,9
6.710057,-11693,1414,11504,12,-10,25,6,23,19
6.720058,-11694,1431,11489,8,-10,27,2,23,21
6.730067,-11704,1428,11487,-3,-18,25,-9,15,19
6.740059,-11717,1435,11503,-4,-21,23,-10,12,17
6.750057,-11718,1453,11498,-2,-24,23,-8,9,17
6.760059,-11714,1481,11495,5,-30,24,-1,3,18
6.770057,-11713,1488,11489,10,-33,25,4,0,19
6.780059,-11702,1508,11493,16,-37,26,10,-4,20
6.790057,-11697,1510,11500,17,-39,26,11,-6,20
6.800076,-11679,1497,11507,20,-41,24,14,-8,18
6.810083,-11667,1492,11504,19,-40,21,13,-7,15
6.820065,-11674,1496,11488,11,-40,17,5,-7,11
6.830058,-11684,1486,11518,-15,-40,6,-21,-7,0
6.840059,-11667,1488,11538,-21,-40,3,-27,-7,-3
6.850058,-11677,1468,11541,-20,-38,0,-26,-5,-6
6.860059,-11690,1455,11525,-17,-37,-1,-23,-4,-7
6.870057,-11696,1441,11527,-17,-38,-3,-23,-5,-9
6.880059,-11661,1429,11548,-17,-38,-2,-23,-5,-8
6.890058,-11650,1441,11557,-17,-37,-2,-23,-4,-8
6.900059,-11641,1482,11556,-14,-32,-1,-20,1,-7
6.910058,-11650,1481,11552,-12,-29,-2,-18,4,-8
6.920059,-11643,1482,11548,-6,-25,-3,-12,8,-9
6.930058,-11629,1465,11557,-2,-22,-4,-8,11,-10
6.940058,-11642,1452,11560,2,-18,-5,-4,15,-11
6.950057,-11656,1416,11540,8,-13,-9,2,20,-15
6.960058,-11657,1421,11529,6,-11,-11,0,22,-17
6.970058,-11688,1413,11498,6,-7,-9,0,26,-15
6.980058,-11689,1411,11497,5,-7,-8,-1,26,-14
6.990057,-11694,1410,11489,11,-11,-5,5,22,-11
7.000058,-11700,1415,11485,13,-13,-3,7,20,-9
7.010057,-11701,1431,11490,15,-14,-1,9,19,-7
7.020081,-11705,1420,11481,11,-15,1,5,18,-5
7.030059,-11706,1413,11478,4,-17,0,-2,16,-6
7.040059,-11721,1432,11472,-14,-23,-6,-20,10,-12
7.050057,-11729,1469,11469,-24,-27,-9,-30,6,-15
7.060062,-11733,1504,11476,-35,-32,-10,-41,1,-16
7.070058,-11708,1544,11496,-33,-34,-8,-39,-1,-14
7.080059,-11692,1553,11506,-28,-36,-7,-34,-3,-13
7.090057,-11685,1499,11504,-13,-35,-4,-19,-2,-10
7.100058,-11687,1468,11504,-8,-35,-2,-14,-2,-8
7.110058,-11674,1426,11513,1,-33,5,-5,0,-1
7.120058,-11679,1430,11527,6,-33,10,0,0,4
7.130058,-11681,1425,11523,17,-31,20,11,2,14
7.140059,-11688,1430,11496,20,-30,23,14,3,17
7.150058,-11683,1430,11492,20,-31,24,14,2,18
7.160059,-11692,1433,11481,15,-32,23,9,1,17
7.170058,-11690,1431,11487,12,-32,24,6,1,18
7.180058,-11680,1441,11508,9,-31,28,3,2,22
7.190058,-11680,1452,11523,9,-30,28,3,3,22
7.200059,-11683,1453,11523,10,-29,28,4,4,22
7.210057,-11654,1438,11523,9,-28,24,3,5,18
7.220058,-11659,1441,11513,7,-25,22,1,8,16
7.230058,-11645,1467,11530,1,-18,18,-5,15,12
7.240059,-11639,1489,11527,0,-16,15,-6,17,9
7.250057,-11643,1498,11528,-2,-11,4,-8,22,-2
7.260057,-11663,1532,11493,-4,-12,-3,-10,21,-9
7.270058,-11674,1529,11480,-9,-13,-12,-15,20,-18
7.280058,-11686,1513,11488,-16,-17,-27,-22,16,-33
7.290057,-11674,1511,11499,-18,-18,-31,-24,15,-37
7.300058,-11693,1493,11494,-22,-16,-33,-28,17,-39
7.310057,-11700,1489,11489,-24,-16,-32,-30,17,-38
7.320058,-11708,1495,11491,-22,-16,-28,-28,17,-34
7.330057,-11703,1493,11509,-15,-15,-24,-21,18,-30
7.340057,-11703,1488,11507,-6,-15,-19,-12,18,-25
7.350057,-11720,1447,11509,16,-11,-1,10,22,-7
7.360058,-11721,1452,11493,31,-9,7,25,24,1
7.370057,-11732,1493,11451,30,-9,15,24,24,9
7.380081,-11747,1481,11456,28,-11,17,22,22,11
7.390059,-11746,1484,11449,30,-15,18,24,18,12
7.400059,-11751,1489,11451,32,-16,18,26,17,12
7.410057,-11747,1479,11446,33,-19,19,27,14,13
7.420058,-11742,1473,11430,28,-25,16,22,8,10
7.430057,-11766,1479,11434,16,-30,13,10,3,7
7.440058,-11767,1487,11437,-10,-41,5,-16,-8,-1
7.450057,-11744,1506,11442,-17,-45,4,-23,-12,-2
7.460058,-11744,1501,11446,-22,-48,2,-28,-15,-4
7.470057,-11734,1467,11456,-25,-55,0,-31,-22,-6
7.480058,-11717,1440,11474,-23,-57,-1,-29,-24,-7
7.490057,-11705,1423,11486,-31,-60,-4,-37,-27,-10
7.500058,-11696,1427,11484,-39,-61,-7,-45,-28,-13
7.510057,-11685,1437,11497,-45,-59,-10,-51,-26,-16
7.520057,-11668,1490,11522,-43,-56,-10,-49,-23,-16
7.530056,-11659,1514,11528,-38,-53,-9,-44,-20,-15
7.540058,-11656,1506,11522,-31,-46,-10,-37,-13,-16
7.550056,-11651,1486,11528,-26,-43,-9,-32,-10,-15
7.560058,-11658,1459,11526,-14,-36,-7,-20,-3,-13
7.570057,-11674,1459,11520,-8,-33,-5,-14,0,-11
7.580058,-11683,1465,11526,-1,-28,-5,-7,5,-11
7.590057,-11672,1507,11519,2,-26,-5,-4,7,-11
7.600058,-11674,1510,11512,8,-24,-2,2,9,-8
7.610057,-11688,1493,11502,18,-16,4,12,17,-2
7.620058,-11693,1478,11491,21,-14,7,15,19,1
7.630057,-11705,1437,11494,16,-12,9,10,21,3
7.640070,-11719,1427,11479,14,-12,8,8,21,2
7.650058,-11724,1434,11460,10,-14,5,4,19,-1
7.660058,-11750,1485,11445,7,-18,2,1,15,-4
7.670057,-11757,1509,11430,7,-23,1,1,10,-5
7.680058,-11761,1533,11422,5,-30,0,-1,3,-6
7.690058,-11762,1529,11418,0,-34,-2,-6,-1,-8
7.700057,-11757,1525,11425,-14,-41,-8,-20,-8,-14
7.710058,-11724,1478,11456,-17,-42,-9,-23,-9,-15
7.720058,-11713,1462,11464,-17,-42,-11,-23,-9,-17
7.730058,-11724,1446,11474,-15,-43,-9,-21,-10,-15
7.740058,-11724,1454,11486,-12,-43,-4,-18,-10,-10
7.750057,-11692,1507,11494,4,-40,10,-2,-7,4
7.760058,-11666,1509,11506,14,-35,17,8,-2,11
7.770057,-11668,1504,11513,40,-26,29,34,7,23
7.780058,-11715,1481,11462,38,-24,28,32,9,22
7.790058,-11732,1471,11463,30,-26,24,24,7,18
7.800057,-11712,1500,11477,8,-28,13,2,5,7
7.810058,-11711,1517,11470,4,-28,9,-2,5,3
7.820058,-11719,1554,11468,-2,-31,2,-8,2,-4
7.830056,-11728,1560,11464,-4,-32,0,-10,1,-6
7.840058,-11741,1566,11442,-8,-36,-4,-14,-3,-10
7.850057,-11728,1542,11448,-10,-39,-7,-16,-6,-13
7.860058,-11714,1504,11470,-11,-41,-8,-17,-8,-14
7.870057,-11696,1459,11495,-11,-41,-8,-17,-8,-14
7.880058,-11703,1449,11510,-10,-39,-5,-16,-6,-11
7.890057,-11697,1449,11509,-7,-35,1,-13,-2,-5
7.900058,-11737,1462,11474,-3,-34,2,-9,-1,-4
7.910057,-11734,1455,11456,-3,-35,3,-9,-2,-3
7.920057,-11724,1459,11467,-6,-40,1,-12,-7,-5
7.930058,-11714,1465,11478,-3,-42,0,-9,-9,-6
7.940057,-11683,1477,11489,0,-41,-4,-6,-8,-10
7.950058,-11680,1474,11487,-3,-40,-4,-9,-7,-10
7.960058,-11689,1463,11491,-4,-38,-4,-10,-5,-10
7.970057,-11707,1478,11474,-3,-40,-4,-9,-7,-10
7.980057,-11715,1469,11485,-2,-42,-3,-8,-9,-9
7.990057,-11710,1493,11488,6,-43,0,0,-10,-6
8.000057,-11711,1492,11475,7,-43,0,1,-10,-6
8.010057,-11744,1504,11449,7,-48,-2,1,-15,-8
8.020057,-11738,1518,11457,2,-52,-5,-4,-19,-11
8.030058,-11734,1534,11483,-1,-59,-4,-7,-26,-10
8.040058,-11718,1542,11496,1,-62,-3,-5,-29,-9
8.050058,-11702,1523,11499,5,-63,-3,-1,-30,-9
8.060056,-11692,1508,11491,5,-63,-1,-1,-30,-7
8.070056,-11715,1491,11493,0,-62,1,-6,-29,-5
8.080058,-11765,1338,11540,32,-62,56,26,-29,50
8.090057,-11720,1448,11498,51,-62,77,45,-29,71
8.100058,-11677,1579,11473,29,-61,72,23,-28,66
8.110058,-11663,1578,11491,26,-60,62,20,-27,56
8.120057,-11660,1596,11506,30,-60,63,24,-27,57
8.130058,-11639,1634,11536,26,-56,53,20,-23,47
8.140057,-11607,1656,11539,25,-52,49,19,-19,43
8.150057,-11589,1680,11534,17,-42,36,11,-9,30
8.160058,-11643,1621,11505,12,-39,30,6,-6,24
8.170057,-11656,1608,11485,7,-37,24,1,-4,18
8.180057,-11648,1581,11518,-4,-35,14,-10,-2,8
8.190057,-11635,1590,11520,-5,-33,10,-11,0,4
8.200058,-11637,1614,11517,-9,-28,4,-15,5,-2
8.210057,-11649,1606,11498,-10,-26,0,-16,7,-6
8.220057,-11663,1594,11491,-17,-26,-12,-23,7,-18
8.230058,-11668,1550,11511,-20,-25,-17,-26,8,-23
8.240058,-11668,1522,11517,-24,-25,-20,-30,8,-26
8.250057,-11704,1424,11516,-15,-24,-6,-21,9,-12
8.260056,-11724,1445,11500,-3,-24,4,-9,9,-2
8.270057,-11692,1547,11481,-2,-24,12,-8,9,6
8.280058,-11680,1544,11514,-6,-24,13,-12,9,7
8.290056,-11669,1564,11515,-6,-23,5,-12,10,-1
8.300058,-11665,1550,11517,-7,-20,2,-13,13,-4
8.310057,-11669,1501,11524,-6,-17,3,-12,16,-3
8.320057,-11678,1492,11512,-7,-11,2,-13,22,-4
8.330057,-11669,1493,11520,-8,-7,1,-14,26,-5
8.340057,-11679,1525,11525,-5,-2,-1,-11,31,-7
8.350057,-11694,1540,11506,-2,0,-2,-8,33,-8
8.360057,-11718,1559,11472,-1,-3,-1,-7,30,-7
8.370057,-11753,1567,11455,-1,-8,-3,-7,25,-9
8.380056,-11767,1543,11458,-1,-11,-3,-7,22,-9
8.390057,-11758,1531,11460,-1,-20,-3,-7,13,-9
8.400058,-11758,1530,11455,0,-23,-2,-6,10,-8
8.410057,-11765,1533,11454,7,-30,0,1,3,-6
8.420057,-11763,1536,11440,9,-34,0,3,-1,-6
8.430057,-11762,1526,11435,6,-38,-2,0,-5,-8
8.440057,-11750,1518,11461,0,-47,-5,-6,-14,-11
8.450057,-11733,1534,11474,-2,-50,-3,-8,-17,-9
8.460056,-11734,1553,11478,7,-54,7,1,-21,1
8.470068,-11723,1574,11486,21,-54,14,15,-21,8
8.480060,-11718,1589,11495,40,-51,26,34,-18,20
8.490057,-11720,1538,11494,43,-51,28,37,-18,22
8.500057,-11718,1524,11480,39,-50,29,33,-17,23
8.510222,-11685,1521,11484,18,-52,25,12,-19,19
8.520544,-11694,1562,11483,9,-52,22,3,-19,16
8.530164,-11703,1634,11479,2,-52,19,-4,-19,13
8.540092,-11710,1642,11476,2,-54,18,-4,-21,12
8.550088,-11712,1626,11470,6,-57,14,0,-24,8
8.560075,-11684,1565,11479,8,-58,10,2,-25,4
8.570071,-11680,1538,11486,7,-60,8,1,-27,2
8.580073,-11669,1525,11520,4,-57,4,-2,-24,-2
8.590073,-11655,1531,11522,-1,-54,3,-7,-21,-3
8.600072,-11664,1563,11509,-4,-50,3,-10,-17,-3
8.610179,-11666,1582,11506,-3,-47,4,-9,-14,-2
8.620086,-11671,1594,11494,0,-47,2,-6,-14,-4
8.630076,-11679,1581,11490,1,-46,1,-5,-13,-5
8.640085,-11671,1590,11495,0,-46,0,-6,-13,-6
8.650056,-11680,1595,11504,-4,-44,-2,-10,-11,-8
8.660055,-11678,1613,11501,-4,-43,-2,-10,-10,-8
8.670055,-11680,1628,11493,-3,-41,-3,-9,-8,-9
8.680056,-11680,1655,11502,-4,-39,-3,-10,-6,-9
8.690055,-11676,1655,11491,-7,-39,-4,-13,-6,-10
8.700056,-11665,1646,11490,-18,-39,-5,-24,-6,-11
8.710057,-11670,1633,11496,-20,-37,-7,-26,-4,-13
8.720057,-11677,1620,11503,-12,-37,-6,-18,-4,-12
8.730056,-11677,1616,11518,-3,-37,-4,-9,-4,-10
8.740057,-11673,1605,11525,13,-36,2,7,-3,-4
8.750057,-11676,1574,11507,20,-35,4,14,-2,-2
8.760056,-11680,1562,11490,21,-36,7,15,-3,1
8.770057,-11681,1554,11499,18,-35,10,12,-2,4
8.780056,-11686,1559,11494,16,-36,10,10,-3,4
8.790056,-11694,1558,11470,11,-40,5,5,-7,-1
8.800057,-11693,1552,11457,6,-42,3,0,-9,-3
8.810057,-11693,1555,11456,-5,-48,0,-11,-15,-6
8.820057,-11690,1579,11477,-7,-51,-1,-13,-18,-7
8.830057,-11688,1602,11502,-8,-51,1,-14,-18,-5
8.840057,-11659,1613,11514,-10,-49,5,-16,-16,-1
8.850056,-11645,1607,11520,-10,-47,6,-16,-14,0
8.860057,-11639,1593,11506,-16,-44,7,-22,-11,1
8.870055,-11636,1582,11503,-20,-42,7,-26,-9,1
8.880057,-11636,1571,11503,-24,-40,5,-30,-7,-1
8.890057,-11646,1608,11509,-30,-37,2,-36,-4,-4
8.900057,-11642,1636,11501,-29,-37,0,-35,-4,-6
8.910057,-11628,1648,11510,-15,-33,0,-21,0,-6
8.920056,-11634,1641,11502,-6,-31,0,-12,2,-6
8.930056,-11636,1632,11510,2,-30,-1,-4,3,-7
8.940057,-11640,1555,11527,5,-28,-3,-1,5,-9
8.950057,-11635,1540,11529,10,-27,-5,4,6,-11
8.960056,-11632,1549,11516,6,-22,-6,0,11,-12
8.970056,-11638,1550,11517,2,-19,-6,-4,14,-12
8.980057,-11665,1542,11506,-6,-15,-6,-12,18,-12
8.990056,-11684,1537,11505,-10,-14,-6,-16,19,-12
9.000057,-11683,1539,11508,-11,-11,-4,-17,22,-10
9.010058,-11684,1553,11514,-9,-12,-3,-15,21,-9
9.020057,-11682,1561,11498,-7,-11,-1,-13,22,-7
9.030056,-11675,1562,11523,-3,-10,4,-9,23,-2
9.040056,-11688,1570,11506,1,-8,6,-5,25,0
9.050057,-11698,1594,11483,7,-7,12,1,26,6
9.060056,-11694,1604,11478,7,-9,13,1,24,7
9.070055,-11695,1613,11463,3,-9,11,-3,24,5
9.080057,-11698,1625,11466,-4,-11,10,-10,22,4
9.090056,-11695,1604,11475,-4,-11,11,-10,22,5
9.100056,-11667,1682,11465,-9,-14,3,-15,19,-3
9.110055,-11673,1644,11473,-19,-14,-3,-25,19,-9
9.120056,-11689,1633,11476,-15,-13,-7,-21,20,-13
9.130057,-11714,1654,11459,-13,-14,-5,-19,19,-11
9.140056,-11724,1629,11463,-10,-16,-4,-16,17,-10
9.150056,-11721,1624,11440,-13,-21,-10,-19,12,-16
9.160056,-11734,1571,11460,-12,-23,-5,-18,10,-11
9.170056,-11735,1622,11433,-6,-30,1,-12,3,-5
9.180056,-11733,1621,11441,-9,-35,1,-15,-2,-5
9.190057,-11727,1619,11457,-8,-45,-1,-14,-12,-7
9.200057,-11724,1643,11449,-10,-48,-2,-16,-15,-8
9.210056,-11723,1639,11437,-11,-52,-3,-17,-19,-9
9.220056,-11684,1656,11463,-15,-57,-4,-21,-24,-10
9.230056,-11670,1622,11486,-16,-56,-1,-22,-23,-7
9.240056,-11671,1603,11475,-8,-53,1,-14,-20,-5
9.250057,-11683,1582,11469,-10,-54,1,-16,-21,-5
9.260055,-11684,1566,11482,-18,-52,-1,-24,-19,-7
9.270055,-11673,1548,11506,-23,-51,-4,-29,-18,-10
9.280056,-11660,1566,11520,-26,-49,-4,-32,-16,-10
9.290055,-11641,1596,11536,-26,-42,-3,-32,-9,-9
9.300055,-11648,1601,11543,-23,-38,-2,-29,-5,-8
9.310056,-11633,1601,11546,-13,-29,1,-19,4,-5
9.320056,-11634,1591,11531,-8,-24,2,-14,9,-4
9.330056,-11641,1585,11528,-12,-19,-3,-18,14,-9
9.340057,-11661,1588,11505,-16,-19,-6,-22,14,-12
9.350056,-11686,1600,11497,-19,-19,-10,-25,14,-16
9.360056,-11704,1610,11480,-19,-22,-14,-25,11,-20
9.370056,-11702,1601,11482,-15,-22,-14,-21,11,-20
9.380057,-11708,1597,11493,-2,-24,-10,-8,9,-16
9.390056,-11713,1590,11501,5,-27,-8,-1,6,-14
9.400057,-11700,1587,11500,11,-28,-6,5,5,-12
9.410056,-11698,1595,11468,14,-29,-3,8,4,-9
9.420057,-11702,1599,11462,6,-30,-5,0,3,-11
9.430055,-11698,1619,11486,-8,-34,-5,-14,-1,-11
9.440056,-11694,1620,11494,-9,-34,-4,-15,-1,-10
9.450056,-11690,1617,11492,-3,-33,0,-9,0,-6
9.460056,-11668,1586,11500,-3,-32,2,-9,1,-4
9.470055,-11665,1575,11501,0,-32,6,-6,1,0
9.480056,-11649,1560,11527,10,-24,16,4,9,10
9.490056,-11661,1568,11510,17,-21,20,11,12,14
9.500056,-11684,1597,11478,17,-18,25,11,15,19
9.510056,-11689,1607,11466,13,-18,25,7,15,19
9.520056,-11686,1624,11464,5,-20,21,-1,13,15
9.530056,-11711,1627,11450,1,-23,15,-5,10,9
9.540056,-11721,1643,11445,-5,-26,9,-11,7,3
9.550064,-11715,1638,11451,-14,-35,0,-20,-2,-6
9.560056,-11717,1630,11456,-11,-38,-2,-17,-5,-8
9.570056,-11723,1629,11447,-5,-41,-3,-11,-8,-9
9.580057,-11722,1617,11455,-7,-44,-3,-13,-11,-9
9.590056,-11717,1594,11472,-12,-47,0,-18,-14,-6
9.600056,-11680,1540,11487,-11,-47,2,-17,-14,-4
9.610159,-11672,1539,11495,-10,-46,5,-16,-13,-1
9.620059,-11681,1542,11497,-3,-41,12,-9,-8,6
9.630060,-11676,1556,11484,0,-41,16,-6,-8,10
9.640067,-11683,1574,11478,-1,-41,21,-7,-8,15
9.650060,-11676,1575,11492,-1,-41,24,-7,-8,18
9.660058,-11668,1586,11497,0,-40,24,-6,-7,18
9.670056,-11670,1646,11473,3,-39,25,-3,-6,19
9.680056,-11665,1673,11474,4,-39,23,-2,-6,17
9.690057,-11651,1711,11483,8,-37,21,2,-4,15
9.700056,-11648,1709,11480,10,-36,20,4,-3,14
9.710057,-11639,1711,11492,12,-34,13,6,-1,7
9.720055,-11640,1715,11498,14,-33,8,8,0,2
9.730057,-11658,1715,11495,13,-32,3,7,1,-3
9.740056,-11666,1701,11494,15,-33,-6,9,0,-12
9.750057,-11666,1694,11487,18,-34,-8,12,-1,-14
9.760056,-11657,1669,11483,18,-32,-12,12,1,-18
9.770056,-11660,1652,11489,20,-31,-12,14,2,-18
9.780056,-11668,1648,11488,25,-30,-9,19,3,-15
9.790058,-11676,1605,11484,25,-29,-8,19,4,-14
9.800056,-11674,1593,11485,24,-30,-6,18,3,-12
9.810057,-11667,1588,11482,13,-30,-4,7,3,-10
9.820065,-11671,1582,11481,6,-30,-5,0,3,-11
9.830065,-11674,1576,11497,-2,-30,-6,-8,3,-12
9.840056,-11682,1599,11490,-4,-31,-8,-10,2,-14
9.850057,-11690,1608,11492,-7,-32,-8,-13,1,-14
9.860056,-11669,1600,11486,-19,-32,-5,-25,1,-11
9.870055,-11675,1586,11480,-27,-31,-4,-33,2,-10
9.880068,-11676,1592,11461,-40,-30,-7,-46,3,-13
9.890057,-11701,1624,11477,-44,-27,-11,-50,6,-17
9.900056,-11698,1639,11484,-34,-27,-12,-40,6,-18
9.910058,-11678,1673,11504,-24,-28,-8,-30,5,-14
9.920056,-11665,1664,11506,-16,-29,-3,-22,4,-9
9.930057,-11669,1646,11493,-4,-29,2,-10,4,-4
9.940055,-11676,1643,11482,-5,-30,3,-11,3,-3
9.950057,-11670,1645,11472,-13,-31,-2,-19,2,-8
9.960056,-11672,1645,11472,-19,-33,-7,-25,0,-13
9.970057,-11678,1642,11474,-31,-35,-13,-37,-2,-19
9.980054,-11676,1638,11499,-31,-35,-12,-37,-2,-18
9.990057,-11657,1639,11514,-27,-34,-12,-33,-1,-18
10.000083,-11652,1659,11518,-15,-28,-8,-21,5,-14
10.010059,-11653,1653,11526,-5,-25,-4,-11,8,-10
10.020056,-11674,1629,11513,19,-19,1,13,14,-5
10.030057,-11673,1620,11519,26,-17,4,20,16,-2
10.040055,-11666,1605,11509,23,-12,2,17,21,-4
10.050057,-11664,1589,11501,15,-10,1,9,23,-5
10.060057,-11667,1597,11493,6,-8,0,0,25,-6
10.070055,-11692,1616,11472,-4,-5,0,-10,28,-6
10.080087,-11703,1624,11469,-6,-5,0,-12,28,-6
10.090066,-11729,1618,11454,-11,-8,-2,-17,25,-8
10.100056,-11740,1609,11439,-11,-13,-5,-17,20,-11
10.110056,-11758,1615,11418,-11,-19,-9,-17,14,-15
10.120055,-11742,1616,11418,-18,-30,-15,-24,3,-21
10.130056,-11738,1610,11440,-23,-35,-16,-29,-2,-22
10.140107,-11725,1608,11460,-31,-41,-20,-37,-8,-26
10.150083,-11718,1604,11466,-32,-43,-20,-38,-10,-26
10.160083,-11694,1612,11479,-29,-44,-17,-35,-11,-23
10.170084,-11684,1624,11481,-24,-43,-14,-30,-10,-20
10.180083,-11679,1626,11489,-19,-40,-12,-25,-7,-18
10.190085,-11688,1638,11493,-15,-38,-10,-21,-5,-16
10.200084,-11678,1649,11504,-11,-36,-9,-17,-3,-15
10.210084,-11669,1641,11507,-5,-29,-6,-11,4,-12
10.220082,-11654,1622,11511,-2,-25,-5,-8,8,-11
10.230083,-11655,1610,11520,2,-18,-2,-4,15,-8
10.240112,-11657,1613,11517,4,-16,-2,-2,17,-8
10.250084,-11668,1619,11505,7,-15,-2,1,18,-8
10.260083,-11683,1612,11493,10,-12,-3,4,21,-9
10.270077,-11691,1618,11475,12,-11,-5,6,22,-11
10.280082,-11699,1595,11475,14,-10,-8,8,23,-14
10.290084,-11699,1577,11478,15,-11,-9,9,22,-15
10.300084,-11704,1554,11478,9,-12,-10,3,21,-16
10.310083,-11723,1567,11451,2,-13,-12,-4,20,-18
10.320083,-11725,1585,11439,-3,-13,-13,-9,20,-19
10.330083,-11740,1624,11449,-10,-15,-15,-16,18,-21
10.340083,-11747,1625,11434,-8,-17,-15,-14,16,-21
10.350083,-11761,1607,11430,-7,-24,-18,-13,9,-24
10.360083,-11763,1608,11446,-5,-28,-19,-11,5,-25
10.370083,-11757,1592,11458,8,-34,-22,2,-1,-28
10.380083,-11760,1618,11452,14,-37,-23,8,-4,-29
10.390165,-11770,1619,11442,17,-41,-25,11,-8,-31
10.400109,-11756,1636,11416,16,-50,-29,10,-17,-35
10.410088,-11746,1607,11421,11,-55,-32,5,-22,-38
10.420084,-11696,1617,11450,19,-54,-34,13,-21,-40
10.430084,-11693,1620,11440,24,-44,-35,18,-11,-41
10.440079,-11741,1572,11397,15,-26,-54,9,7,-60
10.450079,-11800,1591,11364,0,-24,-62,-6,9,-68
10.460077,-11780,1568,11394,-9,-23,-62,-15,10,-68
10.470077,-11722,1582,11383,8,0,-51,2,33,-57
10.480077,-11728,1624,11324,2,15,-56,-4,48,-62
10.490077,-11744,1612,11304,-26,45,-72,-32,78,-78
10.500078,-11780,1573,11363,-33,56,-73,-39,89,-79
10.510077,-11745,1567,11369,-27,71,-71,-33,104,-77
10.520077,-11774,1706,11318,-1,115,-76,-7,148,-82
10.530079,-11759,1723,11305,-7,126,-87,-13,159,-93
10.540077,-11778,1710,11286,3,151,-109,-3,184,-115
10.550084,-11785,1691,11278,12,170,-121,6,203,-127
10.560085,-11818,1667,11315,26,198,-125,20,231,-131
10.570082,-11817,1599,11375,48,209,-123,42,242,-129
10.580083,-11898,1645,11326,64,208,-131,58,241,-137
10.590083,-11884,1577,11404,81,182,-133,75,215,-139
10.600079,-11885,1533,11373,96,170,-127,90,203,-133
10.610084,-11854,1483,11342,108,166,-115,102,199,-121
10.620082,-11837,1460,11280,102,171,-110,96,204,-116
10.630085,-11818,1409,11295,87,197,-96,81,230,-102
10.640083,-11926,1427,11253,66,209,-90,60,242,-96
10.650083,-11896,1449,11244,45,215,-90,39,248,-96
10.660082,-11863,1471,11209,26,240,-91,20,273,-97
10.670083,-11900,1506,11217,15,248,-95,9,281,-101
10.680083,-11916,1518,11279,3,247,-102,-3,280,-108
10.690083,-11891,1512,11307,5,234,-105,-1,267,-111
10.700084,-11948,1534,11358,21,193,-110,15,226,-116
10.710084,-11941,1447,11418,41,171,-105,35,204,-111
10.720082,-11930,1432,11385,67,154,-101,61,187,-107
10.730083,-11965,1476,11259,89,139,-100,83,172,-106
10.740083,-11983,1494,11209,78,131,-107,72,164,-113
10.750083,-11993,1514,11206,51,115,-128,45,148,-134
10.760082,-11975,1492,11155,42,119,-137,36,152,-143
10.770083,-11969,1471,11110,34,132,-144,28,165,-150
10.780082,-12033,1449,11052,-1,167,-154,-7,200,-160
10.790083,-12032,1424,11032,-19,187,-158,-25,220,-164
10.800083,-12108,1283,11013,-31,240,-143,-37,273,-149
10.810083,-12132,1301,10960,-33,270,-131,-39,303,-137
10.820082,-12179,1337,10930,-59,320,-119,-65,353,-125
10.830083,-12112,1317,10945,-70,342,-119,-76,375,-125
10.840083,-12126,1316,10953,-82,368,-118,-88,401,-124
10.850083,-12189,1360,11034,-74,418,-104,-80,451,-110
10.860081,-12205,1453,11012,-54,423,-105,-60,456,-111
10.870082,-12224,1562,11016,-27,412,-101,-33,445,-107
10.880082,-12222,1612,11016,13,408,-102,7,441,-108
10.890082,-12184,1639,10922,95,410,-103,89,443,-109
10.900083,-12267,1618,10821,127,409,-110,121,442,-116
10.910178,-12368,1610,10798,157,403,-118,151,436,-124
10.920084,-12374,1524,10754,186,365,-135,180,398,-141
10.930080,-12407,1481,10736,196,354,-138,190,387,-144
10.940083,-12487,1331,10706,184,337,-150,178,370,-156
10.950161,-12489,1287,10667,178,325,-159,172,358,-165
10.960083,-12522,1337,10567,173,310,-163,167,343,-169
10.970082,-12535,1383,10452,132,270,-150,126,303,-156
10.980082,-12517,1346,10504,115,253,-140,109,286,-146
10.990082,-12549,1240,10605,127,226,-104,121,259,-110
11.000080,-12547,1239,10631,148,219,-83,142,252,-89
11.010082,-12473,1240,10655,215,198,-15,209,231,-21
11.020082,-12408,1095,10624,281,183,19,275,216,13
11.030082,-12449,1130,10558,345,172,44,339,205,38
11.040082,-12394,1255,10495,432,173,82,426,206,76
11.050082,-12424,1287,10430,475,186,105,469,219,99
11.060083,-12439,1526,10327,512,230,121,506,263,115
11.070083,-12456,1495,10335,515,249,112,509,282,106
11.080080,-12508,1508,10275,501,280,66,495,313,60
11.090183,-12645,1641,10117,450,295,24,444,328,18
11.100076,-12736,1641,10084,384,302,-27,378,335,-33
11.110084,-12761,1606,10163,285,332,-118,279,365,-124
11.120084,-12761,1650,10119,253,349,-176,247,382,-182
11.130083,-12797,1744,10026,194,363,-288,188,396,-294
11.140084,-12948,1850,10148,141,363,-360,135,396,-366
11.150082,-13037,1808,10021,19,365,-498,13,398,-504
11.160083,-13141,1792,9922,-56,376,-562,-62,409,-568
11.170082,-13307,1809,9916,-140,382,-594,-146,415,-600
11.180082,-13254,1681,9890,-346,381,-622,-352,414,-628
11.190082,-13156,1593,9863,-432,377,-634,-438,410,-640
11.200082,-13280,1591,9993,-574,366,-629,-580,399,-635
11.210081,-13193,1415,10086,-594,354,-607,-600,387,-613
11.220081,-13131,1319,10050,-582,345,-581,-588,378,-587
11.230172,-13067,1273,10013,-577,341,-548,-583,374,-554
11.240115,-12980,1180,10047,-591,347,-535,-597,380,-541
11.250218,-13065,1150,10089,-602,366,-538,-608,399,-544
11.260113,-13074,1051,10072,-610,374,-542,-616,407,-548
11.270146,-13166,939,10120,-600,359,-549,-606,392,-555
11.280071,-13232,808,10084,-593,345,-548,-599,378,-554
11.290066,-13256,734,10101,-578,331,-542,-584,364,-548
11.300067,-13401,658,10017,-513,294,-515,-519,327,-521
11.310067,-13392,608,9991,-485,266,-503,-491,299,-509
11.320067,-13353,454,9999,-419,221,-482,-425,254,-488
11.330070,-13380,337,9944,-383,223,-471,-389,256,-477
11.340072,-13373,195,9849,-365,251,-464,-371,284,-470
11.350069,-13485,-20,9791,-368,272,-448,-374,305,-454
11.360075,-13442,-152,9813,-362,295,-423,-368,328,-429
11.370075,-13198,-206,9772,-334,404,-365,-340,437,-371
11.380075,-13159,-127,9657,-291,478,-331,-297,511,-337
11.390075,-12979,89,9576,-216,580,-255,-222,613,-261
11.400077,-12809,151,9438,-166,619,-235,-172,652,-241
11.410075,-12784,247,9450,-120,704,-272,-126,737,-278
11.420075,-12794,203,9365,-102,746,-306,-108,779,-312
11.430076,-13047,215,9392,-92,771,-333,-98,804,-339
11.440075,-13512,89,9415,-75,768,-349,-81,801,-355
11.450076,-13725,36,9501,-66,739,-330,-72,772,-336
11.460082,-13772,-37,9479,-5,666,-256,-11,699,-262
11.470078,-13658,38,9365,45,650,-223,39,683,-229
11.480082,-13622,98,9241,84,648,-195,78,681,-201
11.490082,-13629,170,9238,106,669,-175,100,702,-181
11.500081,-13734,99,9108,106,679,-195,100,712,-201
11.510081,-13898,-61,8897,49,662,-243,43,695,-249
11.520081,-14053,-156,8880,13,645,-243,7,678,-249
11.530082,-14091,-230,8895,-3,607,-174,-9,640,-180
11.540082,-14072,-131,8790,1,594,-147,-5,627,-153
11.550080,-13966,-103,8746,0,588,-129,-6,621,-135
11.560081,-13786,-233,8614,18,620,-117,12,653,-123
11.570151,-13855,-279,8574,31,661,-117,25,694,-123
11.580084,-13960,-363,8511,54,737,-101,48,770,-107
11.590084,-14057,-394,8491,80,757,-65,74,790,-71
11.600082,-14087,-384,8423,160,793,18,154,826,12
11.610082,-14133,-188,8354,196,814,50,190,847,44
11.620080,-14251,-78,8420,233,837,55,227,870,49
11.630081,-14284,135,8215,262,867,50,256,900,44
11.640082,-14251,190,8187,263,876,36,257,909,30
11.650141,-14272,253,7931,230,889,-18,224,922,-24
11.660090,-14341,234,7925,194,887,-55,188,920,-61
11.670075,-14463,261,7969,160,873,-93,154,906,-99
11.680076,-14460,199,7980,136,830,-130,130,863,-136
11.690076,-14529,246,7925,132,809,-140,126,842,-146
11.700075,-14660,287,7862,105,740,-162,99,773,-168
11.710075,-14811,288,7792,78,696,-169,72,729,-175
11.720075,-14925,284,7712,3,579,-180,-3,612,-186
11.730075,-14892,394,7712,-39,509,-184,-45,542,-190
11.740075,-14901,327,7850,-65,444,-176,-71,477,-182
11.750075,-14753,272,7939,-24,337,-114,-30,370,-120
11.760081,-14766,261,7928,22,306,-78,16,339,-84
11.770082,-14766,223,7829,111,246,-4,105,279,-10
11.780081,-14641,168,7829,163,218,34,157,251,28
11.790081,-14646,-37,7843,299,209,96,293,242,90
11.800081,-14787,-373,7758,374,218,122,368,251,116
11.810077,-14805,-419,7626,425,224,134,419,257,128
11.820081,-14819,-337,7447,432,227,109,426,260,103
11.830081,-14923,-308,7415,415,222,107,409,255,101
11.840081,-15080,-253,7290,372,173,189,366,206,183
11.850080,-14914,-309,7241,360,180,288,354,213,282
11.860077,-14693,-256,7162,340,275,449,334,308,443
11.870079,-14611,-183,6993,309,330,430,303,363,424
11.880141,-14605,-69,7104,242,394,408,236,427,402
11.890149,-14717,-4,7240,163,469,339,157,502,333
11.900133,-14775,-168,7050,120,505,286,114,538,280
11.910143,-14702,314,6901,-77,510,51,-83,543,45
11.920087,-14750,226,7005,-150,508,-27,-156,541,-33
11.930079,-14761,226,7091,-200,486,-143,-206,519,-149
11.940122,-14850,360,7137,-223,467,-184,-229,500,-190
11.950152,-14831,394,7123,-230,449,-216,-236,482,-222
11.960094,-14798,408,7100,-209,430,-254,-215,463,-260
11.970126,-14888,390,7109,-187,413,-261,-193,446,-267
11.980074,-14868,345,7016,-138,411,-282,-144,444,-288
11.990075,-14890,61,7020,-109,428,-279,-115,461,-285
12.000078,-14905,-24,7039,-75,465,-260,-81,498,-266
12.010077,-14937,-115,6921,6,582,-195,0,615,-201
12.020141,-14950,-167,6787,48,642,-154,42,675,-160
12.030119,-15080,-85,6657,99,730,-96,93,763,-102
12.040079,-15078,-155,6558,110,764,-87,104,797,-93
12.050075,-15166,-189,6514,103,813,-90,97,846,-96
12.060115,-15249,-129,6490,99,843,-78,93,876,-84
12.070143,-15218,-72,6474,108,882,-67,102,915,-73
12.080086,-15288,9,6511,130,958,-43,124,991,-49
12.090090,-15367,41,6438,136,985,-50,130,1018,-56
12.100057,-15476,-23,6381,102,987,-80,96,1020,-86
12.110052,-15434,114,6175,66,973,-106,60,1006,-112
12.120052,-15267,139,6179,29,963,-133,23,996,-139
12.130051,-15202,212,6089,-7,937,-192,-13,970,-198
12.140052,-15289,260,6105,-4,883,-214,-10,916,-220
12.150053,-15472,401,6037,12,730,-233,6,763,-239
12.160056,-15455,398,6056,16,655,-235,10,688,-241
12.170053,-15406,306,6041,77,546,-216,71,579,-222
12.180052,-15287,-10,5913,118,528,-206,112,561,-212
12.190052,-15385,-202,5829,154,523,-196,148,556,-202
12.200054,-15639,-437,5693,174,519,-181,168,552,-187
12.210052,-15623,-491,5620,175,523,-171,169,556,-177
12.220053,-15583,-461,5494,131,546,-154,125,579,-160
12.230053,-15530,-421,5444,104,565,-146,98,598,-152
12.240054,-15462,-351,5409,45,619,-131,39,652,-137
12.250052,-15347,-360,5209,28,648,-145,22,681,-151
12.260053,-15306,-386,5112,21,666,-156,15,699,-162
12.270059,-15203,-421,4969,51,696,-187,45,729,-193
12.280055,-15243,-318,5056,76,721,-196,70,754,-202
12.290053,-15292,-283,4937,145,781,-220,139,814,-226
12.300054,-15408,-200,4987,194,809,-217,188,842,-223
12.310053,-15515,-84,4943,241,821,-177,235,854,-183
12.320053,-15617,-547,4788,343,857,-86,337,890,-92
12.330052,-15803,-569,4563,366,876,-73,360,909,-79
12.340053,-15810,-539,4542,386,888,-50,380,921,-56
12.350053,-15745,-442,4322,342,945,-47,336,978,-53
12.360054,-15827,-664,4592,390,1054,-39,384,1087,-45
12.370054,-16207,-243,4625,460,1091,62,454,1124,56
12.380053,-16297,-198,4532,486,1127,142,480,1160,136
12.390054,-16281,-128,4306,446,1152,139,440,1185,133
12.400054,-16303,9,4164,417,1139,115,411,1172,109
12.410053,-16209,-29,4116,306,1134,58,300,1167,52
12.420053,-16276,29,4091,265,1145,61,259,1178,55
12.430053,-16328,201,3963,243,1155,139,237,1188,133
12.440053,-16417,497,3659,203,1145,155,197,1178,149
12.450052,-16225,572,3417,140,1113,97,134,1146,91
12.460052,-15581,542,2774,-122,1084,-257,-128,1117,-263
12.470056,-15743,620,3255,-287,1086,-469,-293,1119,-475
12.480082,-15993,112,3480,-309,1012,-653,-315,1045,-659
12.490053,-16177,-92,3464,-283,978,-680,-289,1011,-686
12.500052,-16775,-471,3249,-265,1008,-635,-271,1041,-641
12.510052,-16719,-552,3355,-221,969,-574,-227,1002,-580
12.520053,-16726,-567,3205,-172,932,-498,-178,965,-504
12.530053,-16721,-513,3183,-104,868,-362,-110,901,-368
12.540052,-16851,-509,3220,-66,840,-283,-72,873,-289
12.550053,-17078,-483,3167,37,748,-107,31,781,-113
12.560052,-17267,-45,3069,70,683,-9,64,716,-15
12.570052,-17308,132,3104,96,609,84,90,642,78
12.580052,-17140,196,3191,155,461,227,149,494,221
12.590052,-16917,149,2923,178,379,257,172,412,251
12.600053,-16491,-366,2737,140,285,326,134,318,320
12.610053,-16346,-455,2669,142,258,397,136,291,391
12.620053,-16279,-421,2642,175,244,592,169,277,586
12.630052,-16104,-334,2479,187,254,667,181,287,661
12.640075,-15977,-228,2505,181,245,670,175,278,664
12.650054,-15916,-140,2326,91,239,511,85,272,505
12.660053,-15927,-349,2405,75,235,478,69,268,472
12.670056,-15915,-652,2458,153,284,577,147,317,571
12.680052,-16087,-716,2346,219,335,657,213,368,651
12.690053,-16258,-644,2368,325,441,801,319,474,795
12.700052,-16369,-90,2237,344,476,825,338,509,819
12.710053,-16338,115,2179,343,505,821,337,538,815
12.720053,-16442,605,1986,279,523,703,273,556,697
12.730053,-16520,681,2053,241,508,621,235,541,615
12.740052,-16505,1076,1985,208,437,412,202,470,406
12.750053,-16512,1038,2094,172,404,322,166,437,316
12.760052,-16493,919,2183,181,364,231,175,397,225
12.770053,-16315,775,2126,172,366,212,166,399,206
12.780052,-16358,628,2099,151,376,198,145,409,192
12.790053,-16296,508,1991,74,408,167,68,441,161
12.800052,-16283,598,1912,6,435,153,0,468,147
12.810053,-16177,638,1792,-158,520,134,-164,553,128
12.820053,-15614,1220,1106,-354,609,106,-360,642,100
12.830053,-15440,1392,1022,-583,704,-15,-589,737,-21
12.840052,-15519,1396,1126,-1032,815,-532,-1038,848,-538
12.850052,-15805,1180,1221,-1202,829,-804,-1208,862,-810
12.860053,-16296,306,1539,-1321,822,-1136,-1327,855,-1142
12.870055,-16463,-32,1660,-1263,811,-1196,-1269,844,-1202
12.880050,-16707,-322,1685,-1033,782,-1120,-1039,815,-1126
12.890053,-16949,-566,1319,-920,778,-980,-926,811,-986
12.900053,-16940,-575,1241,-849,782,-808,-855,815,-814
12.910053,-16808,-417,1327,-729,814,-458,-735,847,-464
12.920052,-16644,-438,1387,-652,833,-310,-658,866,-316
12.930053,-16397,-235,1310,-449,892,-148,-455,925,-154
12.940053,-16369,-33,1221,-362,923,-128,-368,956,-134
12.950052,-16294,124,1208,-240,992,-167,-246,1025,-173
12.960052,-16544,14,817,-205,991,-251,-211,1024,-257
12.970052,-16619,-285,710,-185,951,-361,-191,984,-367
12.980052,-16591,-806,379,-202,871,-559,-208,904,-565
12.990053,-16606,-989,401,-229,856,-609,-235,889,-615
13.000052,-17216,-856,355,-246,841,-618,-252,874,-624
13.010053,-17531,-586,207,-256,815,-569,-262,848,-575
13.020052,-17672,-436,208,-307,763,-422,-313,796,-428
13.030052,-17866,-493,668,-304,686,-343,-310,719,-349
13.040052,-17464,-357,503,-271,586,-266,-277,619,-272
13.050052,-17149,-581,667,-259,454,-119,-265,487,-125
13.060053,-17143,-586,581,-234,400,-45,-240,433,-51
13.070055,-17244,-590,442,-232,230,79,-238,263,73
13.080052,-17306,-903,268,-242,139,166,-248,172,160
13.090052,-17197,-1056,228,-257,68,286,-263,101,280
13.100052,-16860,-1066,160,-283,-14,472,-289,19,466
13.110052,-16712,-905,80,-303,-36,496,-309,-3,490
13.120052,-16482,-504,-159,-383,-54,454,-389,-21,448
13.130072,-16610,-439,-142,-436,-40,433,-442,-7,427
13.140053,-16580,-335,-181,-499,-8,367,-505,25,361
13.150053,-15797,3,-150,-532,0,276,-538,33,270
13.160054,-16157,-89,-134,-530,-4,129,-536,29,123
13.170053,-16746,-335,-168,-501,3,65,-507,36,59
13.180052,-16656,-362,-222,-479,11,99,-485,44,93
13.190053,-16649,-437,-149,-434,41,155,-440,74,149
13.200064,-16630,-401,-156,-411,56,174,-417,89,168
13.210072,-16617,-352,-178,-357,80,193,-363,113,187
13.220054,-16707,-136,-172,-336,76,188,-342,109,182
13.230053,-16690,-28,-163,-317,62,171,-323,95,165
13.240053,-16638,62,-164,-286,28,124,-292,61,118
13.250052,-16653,50,-233,-271,9,98,-277,42,92
13.260051,-16675,53,-247,-237,-46,40,-243,-13,34
13.270059,-16636,3,-272,-209,-79,10,-215,-46,4
13.280055,-16583,-74,-233,-182,-105,-14,-188,-72,-20
13.290052,-16551,-160,-182,-125,-111,-42,-131,-78,-48
13.300053,-16550,-171,-138,-97,-107,-42,-103,-74,-48
13.310053,-16618,-87,-76,-36,-102,-13,-42,-69,-19
13.320052,-16679,-64,-113,-8,-111,19,-14,-78,13
13.330053,-16745,10,-79,47,-150,108,41,-117,102
13.340052,-16798,52,10,82,-166,133,76,-133,127
13.350052,-16767,15,19,107,-180,115,101,-147,109
13.360052,-16684,-144,-54,115,-178,109,109,-145,103
13.370051,-16683,-235,-67,104,-172,108,98,-139,102
13.380052,-16552,-427,4,89,-145,96,83,-112,90
13.390052,-16540,-462,17,78,-123,88,72,-90,82
13.400053,-16519,-477,-15,53,-68,63,47,-35,57
13.410068,-16535,-416,-67,41,-40,55,35,-7,49
13.420064,-16587,-364,-94,28,-20,50,22,13,44
13.430052,-16625,-325,-99,5,-6,39,-1,27,33
13.440053,-16562,-306,-72,0,-4,28,-6,29,22
13.450052,-16592,-271,-60,0,8,18,-6,41,12
13.460052,-16668,-238,-23,-4,9,20,-10,42,14
13.470057,-16671,-151,-52,-14,-5,30,-20,28,24
13.480051,-16560,-138,-2,-19,0,34,-25,33,28
13.490052,-16503,-142,-7,-23,9,36,-29,42,30
13.500052,-16621,-129,31,-27,6,27,-33,39,21
13.510052,-16640,-145,85,-31,1,21,-37,34,15
13.520052,-16655,-142,116,-30,-5,13,-36,28,7
13.530053,-16643,-92,159,-26,-7,16,-32,26,10
13.540052,-16646,-80,181,-26,-7,28,-32,26,22
13.550052,-16670,-72,185,-19,-7,72,-25,26,66
13.560052,-16667,-83,176,-15,-6,96,-21,27,90
13.570052,-16634,-84,113,-11,0,149,-17,33,143
13.580052,-16591,-157,107,-13,3,168,-19,36,162
13.590051,-16558,-172,108,-14,13,189,-20,46,183
13.600051,-16556,-85,43,-27,14,186,-33,47,180
13.610052,-16581,-64,15,-42,17,165,-48,50,159
13.620052,-16617,-1,-5,-71,15,145,-77,48,139
13.630052,-16624,21,-44,-78,13,140,-84,46,134
13.640052,-16566,118,-64,-93,22,121,-99,55,115
13.650052,-16569,60,-30,-106,23,104,-112,56,98
13.660052,-16628,39,-38,-116,24,96,-122,57,90
13.670054,-16710,56,-64,-124,26,103,-130,59,97
13.680063,-16700,84,-87,-130,27,124,-136,60,118
13.690053,-16671,194,-89,-143,26,147,-149,59,141
13.700052,-16696,209,-100,-143,24,156,-149,57,150
13.710052,-16675,223,-103,-124,18,188,-130,51,182
13.720052,-16641,196,-127,-103,12,187,-109,45,181
13.730052,-16641,197,-151,-72,2,160,-78,35,154
13.740052,-16617,221,-200,-70,-2,138,-76,31,132
13.750052,-16604,195,-190,-66,-7,113,-72,26,107
13.760052,-16602,220,-199,-60,-14,70,-66,19,64
13.770052,-16617,217,-187,-65,-17,53,-71,16,47
13.780052,-16637,211,-175,-75,-21,30,-81,12,24
13.790052,-16638,229,-173,-81,-21,27,-87,12,21
13.800052,-16634,234,-158,-94,-20,28,-100,13,22
13.810052,-16622,240,-129,-117,-17,39,-123,16,33
13.820052,-16639,228,-95,-127,-15,46,-133,18,40
13.830052,-16650,198,-47,-129,-12,66,-135,21,60
13.840051,-16664,215,-26,-127,-12,75,-133,21,69
13.850051,-16658,219,-44,-124,-11,96,-130,22,90
13.860051,-16638,224,-32,-122,-11,107,-128,22,101
13.870056,-16647,265,-40,-117,-9,112,-123,24,106
13.880051,-16649,237,-75,-104,-11,115,-110,22,109
13.890051,-16649,255,-86,-93,-11,120,-99,22,114
13.900052,-16638,253,-94,-77,-9,132,-83,24,126
13.910050,-16628,269,-114,-75,-9,136,-81,24,130
13.920052,-16633,315,-146,-92,-8,140,-98,25,134
13.930051,-16642,294,-146,-103,-8,139,-109,25,133
13.940050,-16624,321,-176,-112,-8,138,-118,25,132
13.950051,-16636,386,-157,-140,-9,136,-146,24,130
13.960051,-16624,365,-129,-150,-7,137,-156,26,131
13.970052,-16607,394,-179,-152,-7,137,-158,26,131
13.980052,-16627,424,-203,-163,-6,133,-169,27,127
13.990051,-16620,442,-197,-180,-7,123,-186,26,117
14.000051,-16600,485,-177,-172,-9,114,-178,24,108
14.010053,-16618,490,-160,-157,-10,106,-163,23,100
14.020052,-16628,512,-156,-118,-15,87,-124,18,81
14.030052,-16610,528,-142,-107,-18,81,-113,15,75
14.040051,-16641,525,-148,-97,-20,71,-103,13,65
14.050051,-16607,500,-102,-94,-21,65,-100,12,59
14.060052,-16666,433,-136,-89,-22,63,-95,11,57
14.070054,-16686,372,-122,-84,-21,68,-90,12,62
14.080050,-16679,355,-101,-79,-21,76,-85,12,70
14.090052,-16579,327,-74,-59,-22,79,-65,11,73
14.100051,-16588,305,-91,-50,-22,76,-56,11,70
14.110052,-16591,307,-87,-43,-19,84,-49,14,78
14.120052,-16610,366,-98,-45,-17,91,-51,16,85
14.130051,-16626,377,-109,-47,-15,100,-53,18,94
14.140051,-16647,382,-82,-51,-10,113,-57,23,107
14.150051,-16652,387,-82,-47,-9,123,-53,24,117
14.160052,-16649,443,-119,-49,-5,143,-55,28,137
14.170052,-16655,456,-111,-58,-1,153,-64,32,147
14.180051,-16645,492,-122,-73,3,174,-79,36,168
14.190051,-16620,589,-139,-81,6,184,-87,39,178
14.200052,-16622,589,-139,-88,9,190,-94,42,184
14.210052,-16622,626,-151,-88,9,192,-94,42,186
14.220052,-16616,641,-160,-85,8,188,-91,41,182
14.230051,-16614,648,-178,-75,6,172,-81,39,166
14.240052,-16608,645,-177,-71,3,161,-77,36,155
14.250050,-16603,663,-178,-65,0,142,-71,33,136
14.260052,-16603,701,-182,-63,-3,133,-69,30,127
14.270056,-16623,717,-195,-60,-3,123,-66,30,117
14.280057,-16635,754,-195,-57,-9,99,-63,24,93
14.290051,-16611,778,-184,-54,-12,87,-60,21,81
14.300051,-16602,795,-178,-40,-19,57,-46,14,51
14.310053,-16583,808,-187,-29,-23,41,-35,10,35
14.320072,-16585,804,-194,-13,-27,23,-19,6,17
14.330052,-16593,799,-214,7,-36,-11,1,-3,-17
14.340052,-16599,769,-189,14,-40,-25,8,-7,-31
14.350052,-16605,743,-187,24,-44,-43,18,-11,-49
14.360051,-16610,733,-189,27,-46,-50,21,-13,-56
14.370051,-16619,730,-199,30,-47,-57,24,-14,-63
14.380052,-16614,688,-194,30,-46,-60,24,-13,-66
14.390051,-16618,674,-193,32,-47,-61,26,-14,-67
14.400051,-16646,625,-186,30,-46,-53,24,-13,-59
14.410051,-16671,623,-190,24,-43,-44,18,-10,-50
14.420049,-16752,606,-196,7,-38,-21,1,-5,-27
14.430051,-16773,596,-195,0,-36,-4,-6,-3,-10
14.440051,-16774,617,-190,-11,-33,30,-17,0,24
14.450051,-16723,656,-193,-15,-31,40,-21,2,34
14.460050,-16700,679,-197,-21,-29,49,-27,4,43
14.470055,-16655,696,-183,-27,-28,63,-33,5,57
14.480051,-16593,684,-178,-27,-28,62,-33,5,56
14.490051,-16585,698,-167,-22,-28,51,-28,5,45
14.500050,-16558,711,-187,-21,-29,44,-27,4,38
14.510051,-16547,714,-197,-19,-29,37,-25,4,31
14.520051,-16590,732,-190,-15,-30,22,-21,3,16
14.530051,-16575,734,-182,-11,-31,15,-17,2,9
14.540051,-16582,745,-184,-3,-34,3,-9,-1,-3
14.550050,-16584,745,-180,0,-35,-1,-6,-2,-7
14.560051,-16578,727,-176,0,-34,-10,-6,-1,-16
14.570051,-16589,721,-189,2,-35,-13,-4,-2,-19
14.580051,-16589,726,-198,5,-36,-18,-1,-3,-24
14.590051,-16579,724,-199,9,-38,-25,3,-5,-31
14.600051,-16579,712,-193,6,-39,-26,0,-6,-32
14.610052,-16620,694,-213,0,-38,-25,-6,-5,-31
14.620054,-16614,687,-191,-2,-39,-24,-8,-6,-30
14.630051,-16631,674,-198,-4,-38,-18,-10,-5,-24
14.640050,-16622,671,-182,-7,-38,-18,-13,-5,-24
14.650054,-16627,644,-192,-12,-38,-22,-18,-5,-28
14.660051,-16624,647,-192,-22,-41,-35,-28,-8,-41
14.670056,-16615,671,-188,-22,-42,-41,-28,-9,-47
14.680049,-16610,702,-195,-16,-43,-49,-22,-10,-55
14.690051,-16622,721,-192,-10,-41,-48,-16,-8,-54
14.700051,-16629,705,-181,1,-40,-45,-5,-7,-51
14.710051,-16634,675,-172,7,-39,-42,1,-6,-48
14.720051,-16630,673,-179,10,-40,-39,4,-7,-45
14.730051,-16629,640,-190,9,-40,-31,3,-7,-37
14.740051,-16632,640,-184,8,-40,-26,2,-7,-32
14.750051,-16635,636,-178,2,-37,-17,-4,-4,-23
14.760050,-16626,640,-183,0,-37,-12,-6,-4,-18
14.770051,-16635,650,-188,-2,-35,-9,-8,-2,-15
14.780050,-16634,652,-193,-6,-34,-3,-12,-1,-9
14.790052,-16638,646,-180,-8,-34,0,-14,-1,-6
14.800050,-16647,658,-179,-8,-33,7,-14,0,1
14.810051,-16648,676,-191,-9,-33,11,-15,0,5
14.820050,-16654,680,-201,-19,-33,18,-25,0,12
14.830069,-16604,689,-212,-24,-33,18,-30,0,12
14.840051,-16593,683,-200,-29,-32,16,-35,1,10
14.850051,-16576,676,-181,-28,-34,10,-34,-1,4
14.860049,-16588,664,-178,-26,-33,5,-32,0,-1
14.870054,-16618,686,-189,-24,-35,0,-30,-2,-6
14.880060,-16626,684,-201,-25,-34,-1,-31,-1,-7
14.890051,-16638,668,-189,-30,-33,0,-36,0,-6
14.900067,-16670,676,-195,-33,-32,0,-39,1,-6
14.910181,-16672,685,-202,-35,-32,2,-41,1,-4
14.920053,-16635,660,-190,-30,-32,0,-36,1,-6
14.930052,-16630,664,-201,-24,-33,0,-30,0,-6
14.940051,-16605,645,-168,-13,-36,-4,-19,-3,-10
14.950051,-16599,632,-163,-8,-37,-3,-14,-4,-9
14.960050,-16610,623,-160,-2,-34,1,-8,-1,-5
14.970051,-16616,620,-182,-2,-33,7,-8,0,1
14.980050,-16632,607,-170,-3,-32,13,-9,1,7
14.990050,-16656,658,-186,-7,-30,21,-13,3,15
15.000061,-16641,663,-176,-9,-29,24,-15,4,18
15.010052,-16655,670,-180,-18,-27,27,-24,6,21
15.020050,-16597,707,-196,-16,-26,27,-22,7,21
15.030051,-16603,706,-209,-14,-28,22,-20,5,16
15.040050,-16575,711,-192,-16,-29,16,-22,4,10
15.050061,-16578,718,-194,-19,-30,13,-25,3,7
15.060050,-16586,701,-193,-25,-30,8,-31,3,2
15.070052,-16596,736,-203,-23,-32,2,-29,1,-4
15.080050,-16602,724,-215,-21,-35,-12,-27,-2,-18
15.090062,-16616,708,-198,-18,-37,-17,-24,-4,-23
15.100050,-16620,701,-192,-14,-38,-22,-20,-5,-28
15.110049,-16609,677,-184,-6,-39,-31,-12,-6,-37
15.120064,-16619,656,-198,-1,-40,-34,-7,-7,-40
15.130064,-16614,599,-240,0,-41,-38,-6,-8,-44
15.140051,-16621,583,-260,-6,-42,-39,-12,-9,-45
15.150051,-16621,583,-256,-30,-41,-43,-36,-8,-49
15.160049,-16628,604,-245,-42,-40,-42,-48,-7,-48
15.170051,-16624,648,-216,-51,-39,-36,-57,-6,-42
15.180049,-16623,761,-142,-51,-37,-26,-57,-4,-32
15.190051,-16623,721,-117,-63,-36,-23,-69,-3,-29
15.200049,-16628,689,-130,-47,-35,-16,-53,-2,-22
15.210051,-16620,666,-137,-40,-35,-13,-46,-2,-19
15.220051,-16621,682,-153,-27,-35,-13,-33,-2,-19
15.230051,-16605,664,-180,-26,-34,-15,-32,-1,-21
15.240050,-16601,651,-169,-22,-35,-15,-28,-2,-21
15.250050,-16605,612,-163,-15,-35,-12,-21,-2,-18
15.260051,-16618,609,-171,-12,-34,-9,-18,-1,-15
15.270053,-16633,605,-171,-9,-32,-1,-15,1,-7
15.280051,-16701,633,-163,-8,-32,0,-14,1,-6
15.290050,-16720,641,-160,-6,-31,1,-12,2,-5
15.300050,-16709,641,-162,-5,-30,0,-11,3,-6
15.310050,-16679,659,-174,-5,-30,0,-11,3,-6
15.320050,-16661,649,-179,-5,-30,1,-11,3,-5
15.330050,-16634,660,-177,-4,-29,0,-10,4,-6
15.340050,-16641,681,-192,-2,-31,-3,-8,2,-9
15.350050,-16597,668,-184,-2,-31,0,-8,2,-6
15.360050,-16592,682,-182,0,-31,0,-6,2,-6
15.370050,-16569,652,-191,0,-33,-4,-6,0,-10
15.380110,-16607,653,-194,0,-33,-4,-6,0,-10
15.390138,-16639,645,-176,-4,-33,-2,-10,0,-8
15.400090,-16625,637,-170,-3,-34,-3,-9,-1,-9
15.410068,-16642,632,-175,-6,-34,1,-12,-1,-5
15.420080,-16580,638,-184,-7,-33,3,-13,0,-3
15.430087,-16594,641,-190,-8,-32,3,-14,1,-3
15.440080,-16572,668,-193,-11,-30,0,-17,3,-6
15.450073,-16560,680,-186,-12,-30,-2,-18,3,-8
15.460070,-16572,688,-193,-9,-32,-9,-15,1,-15
15.470081,-16572,672,-184,-5,-33,-16,-11,0,-22
15.480110,-16575,678,-193,4,-38,-31,-2,-5,-37
15.490126,-16594,654,-181,7,-39,-37,1,-6,-43
15.500082,-16613,640,-188,9,-40,-42,3,-7,-48
15.510123,-16625,624,-195,17,-42,-47,11,-9,-53
15.520051,-16625,609,-203,17,-42,-46,11,-9,-52
15.530050,-16633,596,-206,11,-42,-40,5,-9,-46
15.540050,-16630,602,-189,8,-42,-36,2,-9,-42
15.550050,-16621,591,-187,1,-41,-30,-5,-8,-36
15.560050,-16616,575,-194,-9,-39,-19,-15,-6,-25
15.570049,-16626,567,-182,-12,-37,-13,-18,-4,-19
15.580051,-16618,603,-186,-15,-35,-4,-21,-2,-10
15.590050,-16621,602,-183,-18,-34,-2,-24,-1,-8
15.600050,-16626,593,-174,-19,-32,3,-25,1,-3
15.610052,-16631,597,-169,-21,-31,7,-27,2,1
15.620050,-16630,598,-185,-22,-30,11,-28,3,5
15.630050,-16631,618,-184,-18,-28,16,-24,5,10
15.640050,-16622,630,-190,-16,-29,16,-22,4,10
15.650050,-16612,638,-188,-12,-30,11,-18,3,5
15.660050,-16609,653,-185,-9,-31,7,-15,2,1
15.670051,-16610,656,-188,1,-32,-5,-5,1,-11
15.680049,-16616,642,-196,6,-34,-10,0,-1,-16
15.690052,-16620,636,-202,10,-36,-15,4,-3,-21
15.700051,-16605,616,-193,3,-36,-17,-3,-3,-23
15.710050,-16607,616,-197,-1,-36,-15,-7,-3,-21
15.720050,-16626,614,-198,-5,-34,-11,-11,-1,-17
15.730050,-16634,610,-194,-6,-34,-10,-12,-1,-16
15.740050,-16630,611,-198,-7,-34,-10,-13,-1,-16
15.750049,-16634,608,-190,-8,-35,-13,-14,-2,-19
15.760050,-16622,611,-188,-7,-36,-14,-13,-3,-20
15.770050,-16618,617,-187,-7,-36,-16,-13,-3,-22
15.780050,-16620,625,-195,-8,-36,-16,-14,-3,-22
15.790050,-16612,619,-185,-9,-35,-14,-15,-2,-20
15.800050,-16622,618,-165,-6,-35,-13,-12,-2,-19
15.810049,-16639,605,-171,-3,-36,-14,-9,-3,-20
15.820050,-16646,594,-187,0,-39,-22,-6,-6,-28
15.830049,-16643,593,-196,0,-38,-24,-6,-5,-30
15.840050,-16620,600,-196,-7,-37,-19,-13,-4,-25
15.850049,-16612,596,-190,-9,-35,-13,-15,-2,-19
15.860050,-16613,606,-190,-16,-34,-4,-22,-1,-10
15.870050,-16627,688,-245,-27,-33,-2,-33,0,-8
15.880049,-16624,590,-164,-39,-32,-2,-45,1,-8
15.890050,-16634,649,-195,-39,-31,-1,-45,2,-7
15.900049,-16630,640,-192,-54,-31,-2,-60,2,-8
15.910049,-16624,585,-170,-43,-32,-14,-49,1,-20
15.920050,-16620,607,-181,-36,-33,-20,-42,0,-26
15.930050,-16620,611,-186,-18,-37,-31,-24,-4,-37
15.940049,-16615,630,-196,-14,-38,-37,-20,-5,-43
15.950049,-16614,637,-193,-12,-40,-42,-18,-7,-48
15.960049,-16617,620,-193,-11,-40,-46,-17,-7,-52
15.970049,-16633,623,-196,-10,-42,-46,-16,-9,-52
15.980050,-16629,608,-194,-9,-41,-46,-15,-8,-52
15.990050,-16626,567,-187,-9,-41,-46,-15,-8,-52
16.000050,-16630,561,-182,-7,-41,-45,-13,-8,-51
16.010050,-16622,515,-191,-6,-37,-33,-12,-4,-39
16.020049,-16625,484,-212,-9,-36,-30,-15,-3,-36
16.030049,-16631,503,-207,-15,-35,-25,-21,-2,-31
16.040050,-16630,529,-202,-15,-35,-22,-21,-2,-28
16.050052,-16618,556,-188,-13,-35,-20,-19,-2,-26
16.060050,-16615,579,-168,-10,-35,-20,-16,-2,-26
16.070050,-16621,581,-177,-7,-35,-20,-13,-2,-26
16.080048,-16624,555,-196,-3,-37,-23,-9,-4,-29
16.090050,-16628,542,-194,-3,-38,-23,-9,-5,-29
16.100049,-16634,552,-186,-4,-38,-21,-10,-5,-27
16.110050,-16635,548,-185,-6,-38,-21,-12,-5,-27
16.120049,-16646,548,-173,-7,-37,-20,-13,-4,-26
16.130049,-16640,580,-167,-6,-37,-19,-12,-4,-25
16.140049,-16637,566,-153,-4,-38,-19,-10,-5,-25
16.150050,-16621,567,-139,0,-37,-16,-6,-4,-22
16.160050,-16624,559,-146,1,-38,-14,-5,-5,-20
16.170049,-16638,545,-171,2,-37,-13,-4,-4,-19
16.180050,-16636,530,-178,1,-37,-12,-5,-4,-18
16.190049,-16631,532,-179,-3,-37,-7,-9,-4,-13
16.200049,-16623,548,-157,-7,-34,-4,-13,-1,-10
16.210050,-16633,544,-156,-11,-33,0,-17,0,-6
16.220050,-16635,532,-163,-14,-32,6,-20,1,0
16.230050,-16626,552,-162,-14,-31,8,-20,2,2
16.240049,-16625,545,-172,-12,-32,9,-18,1,3
16.250050,-16616,529,-159,-11,-31,10,-17,2,4
16.260050,-16620,538,-166,-8,-31,10,-14,2,4
16.270055,-16623,550,-174,-3,-31,11,-9,2,5
16.280050,-16625,562,-179,-2,-31,11,-8,2,5
16.290049,-16623,577,-179,-2,-30,11,-8,3,5
16.300050,-16615,575,-178,-4,-30,12,-10,3,6
16.310050,-16605,573,-169,-8,-30,7,-14,3,1
16.320050,-16613,575,-171,-8,-32,5,-14,1,-1
16.330050,-16627,575,-176,-7,-32,0,-13,1,-6
16.340048,-16621,571,-177,-6,-34,-11,-12,-1,-17
16.350050,-16625,577,-166,-3,-36,-16,-9,-3,-22
16.360050,-16626,556,-150,2,-38,-25,-4,-5,-31
16.370049,-16627,545,-160,4,-38,-25,-2,-5,-31
16.380050,-16625,529,-158,2,-37,-18,-4,-4,-24
16.390049,-16624,529,-159,4,-36,-14,-2,-3,-20
16.400050,-16636,516,-153,4,-37,-13,-2,-4,-19
16.410048,-16650,527,-155,3,-37,-12,-3,-4,-18
16.420049,-16647,534,-173,3,-37,-11,-3,-4,-17
16.430068,-16616,516,-161,3,-37,-13,-3,-4,-19
16.440049,-16623,503,-149,4,-38,-11,-2,-5,-17
16.450049,-16632,504,-139,6,-37,-7,0,-4,-13
16.460050,-16623,511,-133,8,-37,-7,2,-4,-13
16.470052,-16628,515,-129,12,-37,-7,6,-4,-13
16.480048,-16648,526,-150,20,-38,-10,14,-5,-16
16.490049,-16674,536,-167,25,-38,-12,19,-5,-18
16.500050,-16696,531,-157,20,-37,-16,14,-4,-22
16.510050,-16593,527,-148,15,-38,-18,9,-5,-24
16.520050,-16590,513,-151,13,-38,-18,7,-5,-24
16.530050,-16602,537,-157,7,-37,-17,1,-4,-23
16.540049,-16604,555,-154,4,-37,-16,-2,-4,-22
16.550050,-16637,537,-145,0,-37,-17,-6,-4,-23
16.560049,-16654,549,-152,0,-37,-16,-6,-4,-22
16.570050,-16669,543,-154,-4,-35,-6,-10,-2,-12
16.580049,-16691,516,-151,-6,-34,1,-12,-1,-5
16.590049,-16711,520,-151,-7,-33,10,-13,0,4
16.600051,-16650,558,-148,-13,-31,29,-19,2,23
16.610049,-16598,524,-146,-17,-26,40,-23,7,34
16.620049,-16629,552,-150,-11,-27,38,-17,6,32
16.630049,-16621,531,-151,-13,-27,39,-19,6,33
16.640048,-16612,501,-143,-12,-29,28,-18,4,22
16.650048,-16621,521,-125,-10,-30,23,-16,3,17
16.660049,-16610,531,-134,-7,-31,17,-13,2,11
16.670048,-16593,545,-140,1,-33,6,-5,0,0
16.680048,-16588,549,-133,7,-33,1,1,0,-5
16.690048,-16605,541,-124,15,-35,-5,9,-2,-11
16.700048,-16612,551,-122,16,-35,-8,10,-2,-14
16.710048,-16612,542,-139,12,-35,-12,6,-2,-18
16.720049,-16630,540,-149,-1,-35,-12,-7,-2,-18
16.730049,-16628,531,-159,-8,-36,-13,-14,-3,-19
16.740066,-16614,545,-157,-17,-35,-9,-23,-2,-15
16.750050,-16623,543,-128,-16,-34,-5,-22,-1,-11
16.760048,-16626,562,-129,-12,-33,-3,-18,0,-9
16.770049,-16613,567,-134,-9,-33,-3,-15,0,-9
16.780049,-16617,559,-124,-7,-32,-1,-13,1,-7
16.790050,-16618,547,-133,-2,-31,0,-8,2,-6
16.800049,-16623,543,-138,0,-32,-3,-6,1,-9
16.810063,-16626,548,-143,0,-34,-13,-6,-1,-19
16.820068,-16613,542,-153,-1,-34,-18,-7,-1,-24
16.830050,-16596,532,-158,-3,-36,-20,-9,-3,-26
16.840049,-16603,525,-145,-6,-36,-19,-12,-3,-25
16.850049,-16610,538,-144,-6,-36,-18,-12,-3,-24
16.860049,-16597,550,-142,-7,-36,-15,-13,-3,-21
16.870050,-16613,546,-144,-8,-36,-13,-14,-3,-19
16.880049,-16621,548,-142,-7,-37,-14,-13,-4,-20
16.890049,-16621,531,-134,-9,-36,-11,-15,-3,-17
16.900049,-16619,533,-122,-10,-34,-8,-16,-1,-14
16.910049,-16616,531,-119,-11,-34,-8,-17,-1,-14
16.920049,-16612,519,-127,-10,-35,-6,-16,-2,-12
16.930049,-16608,526,-131,-7,-35,-4,-13,-2,-10
16.940049,-16602,524,-131,-6,-35,-4,-12,-2,-10
16.950048,-16601,513,-132,-5,-33,0,-11,0,-6
16.960049,-16602,495,-118,-5,-32,1,-11,1,-5
16.970049,-16608,497,-125,-2,-32,4,-8,1,-2
16.980048,-16619,517,-147,-1,-32,8,-7,1,2
16.990049,-16621,516,-146,1,-32,11,-5,1,5
17.000048,-16623,555,-150,0,-30,11,-6,3,5
17.010049,-16630,567,-150,-2,-29,11,-8,4,5
17.020064,-16636,574,-148,-1,-29,15,-7,4,9
17.030050,-16612,547,-161,-3,-29,14,-9,4,8
17.040049,-16597,543,-150,-3,-31,8,-9,2,2
17.050048,-16608,532,-136,0,-34,-5,-6,-1,-11
17.060133,-16624,536,-141,0,-34,-10,-6,-1,-16
17.070077,-16633,534,-144,2,-37,-18,-4,-4,-24
17.080072,-16653,534,-146,3,-37,-21,-3,-4,-27
17.090076,-16659,533,-141,4,-37,-27,-2,-4,-33
17.100076,-16615,521,-136,1,-37,-27,-5,-4,-33
17.110076,-16613,523,-140,-3,-36,-22,-9,-3,-28
17.120077,-16621,528,-147,-12,-36,-15,-18,-3,-21
17.130075,-16625,526,-149,-15,-36,-12,-21,-3,-18
17.140076,-16626,518,-139,-22,-35,-8,-28,-2,-14
17.150076,-16630,527,-151,-21,-34,-5,-27,-1,-11
17.160103,-16617,540,-160,-25,-33,-2,-31,0,-8
17.170076,-16621,538,-154,-25,-33,-1,-31,0,-7
17.180076,-16615,537,-152,-23,-34,0,-29,-1,-6
17.190075,-16625,534,-145,-18,-34,-2,-24,-1,-8
17.200076,-16625,537,-141,-13,-35,-3,-19,-2,-9
17.210076,-16615,523,-130,-4,-36,-6,-10,-3,-12
17.220076,-16619,519,-131,0,-37,-9,-6,-4,-15
17.230072,-16632,509,-127,7,-37,-16,1,-4,-22
17.240076,-16639,512,-125,11,-38,-19,5,-5,-25
17.250076,-16627,507,-119,13,-38,-23,7,-5,-29
17.260075,-16645,487,-125,9,-37,-21,3,-4,-27
17.270074,-16651,489,-136,7,-36,-18,1,-3,-24
17.280075,-16641,476,-138,2,-35,-12,-4,-2,-18
17.290072,-16635,473,-133,1,-34,-9,-5,-1,-15
17.300072,-16630,473,-133,-1,-33,-7,-7,0,-13
17.310076,-16630,479,-143,-4,-34,-12,-10,-1,-18
17.320076,-16616,471,-133,-9,-35,-16,-15,-2,-22
17.330076,-16621,513,-142,-14,-36,-19,-20,-3,-25
17.340075,-16625,506,-130,-16,-36,-15,-22,-3,-21
17.350075,-16621,522,-125,-16,-35,-8,-22,-2,-14
17.360076,-16604,542,-139,-17,-35,-6,-23,-2,-12
17.370076,-16620,546,-148,-18,-34,-4,-24,-1,-10
17.380075,-16618,542,-143,-11,-36,-9,-17,-3,-15
17.390075,-16620,533,-144,-6,-36,-11,-12,-3,-17
17.400078,-16627,512,-144,-4,-35,-13,-10,-2,-19
17.410075,-16636,515,-150,-6,-34,-12,-12,-1,-18
17.420076,-16632,511,-145,-9,-35,-11,-15,-2,-17
17.430075,-16616,492,-139,-11,-35,-11,-17,-2,-17
17.440075,-16630,490,-140,-10,-34,-9,-16,-1,-15
17.450074,-16630,502,-132,-7,-34,-5,-13,-1,-11
17.460077,-16619,517,-137,-5,-34,-8,-11,-1,-14
17.470077,-16621,504,-130,-3,-36,-14,-9,-3,-20
17.480074,-16631,509,-139,-2,-35,-16,-8,-2,-22
17.490076,-16637,502,-147,1,-37,-22,-5,-4,-28
17.500073,-16627,491,-125,4,-38,-25,-2,-5,-31
17.510076,-16622,490,-130,5,-38,-29,-1,-5,-35
17.520075,-16629,504,-151,3,-40,-38,-3,-7,-44
17.530076,-16623,490,-152,0,-39,-41,-6,-6,-47
17.540076,-16627,488,-144,-5,-40,-38,-11,-7,-44
17.550076,-16630,514,-137,-6,-40,-35,-12,-7,-41
17.560073,-16624,490,-137,-9,-39,-32,-15,-6,-38
17.570133,-16604,491,-125,-6,-38,-30,-12,-5,-36
17.580077,-16613,511,-169,-2,-39,-32,-8,-6,-38
17.590076,-16615,440,-134,0,-39,-33,-6,-6,-39
17.600077,-16610,458,-141,0,-38,-28,-6,-5,-34
17.610076,-16609,447,-142,-3,-40,-26,-9,-7,-32
17.620073,-16630,457,-134,-5,-39,-24,-11,-6,-30
17.630076,-16634,449,-139,-6,-38,-19,-12,-5,-25
17.640087,-16636,450,-131,-7,-37,-16,-13,-4,-22
17.650078,-16630,448,-128,-7,-37,-14,-13,-4,-20
17.660076,-16627,470,-145,-1,-37,-12,-7,-4,-18
17.670075,-16618,414,-119,-2,-36,-9,-8,-3,-15
17.680073,-16618,439,-137,0,-33,-2,-6,0,-8
17.690076,-16619,466,-144,-1,-33,-2,-7,0,-8
17.700076,-16619,456,-125,-1,-34,-2,-7,-1,-8
17.710076,-16624,465,-131,0,-35,1,-6,-2,-5
17.720076,-16623,455,-133,-2,-35,1,-8,-2,-5
17.730076,-16625,448,-127,-4,-34,-3,-10,-1,-9
17.740076,-16616,463,-116,-4,-34,-3,-10,-1,-9
17.750075,-16609,455,-111,0,-34,0,-6,-1,-6
17.760077,-16620,459,-124,1,-33,-2,-5,0,-8
17.770076,-16623,448,-125,1,-34,-7,-5,-1,-13
17.780076,-16625,430,-128,0,-34,-8,-6,-1,-14
17.790077,-16626,416,-131,1,-34,-7,-5,-1,-13
17.800075,-16615,425,-126,1,-35,-9,-5,-2,-15
17.810075,-16621,526,-166,-2,-36,-10,-8,-3,-16
17.820075,-16625,463,-128,-7,-35,-4,-13,-2,-10
17.830075,-16621,442,-124,1,-36,-2,-5,-3,-8
17.840076,-16639,436,-138,4,-35,-3,-2,-2,-9
17.850076,-16620,442,-125,7,-34,-5,1,-1,-11
17.860075,-16617,448,-135,4,-33,-7,-2,0,-13
17.870073,-16630,478,-136,-1,-33,-8,-7,0,-14
17.880072,-16630,477,-131,-1,-33,-6,-7,0,-12
17.890076,-16617,472,-129,0,-33,-4,-6,0,-10
17.900075,-16613,489,-117,0,-34,-8,-6,-1,-14
17.910076,-16621,473,-118,-2,-35,-9,-8,-2,-15
17.920076,-16628,484,-130,-1,-36,-11,-7,-3,-17
17.930076,-16634,470,-132,0,-37,-18,-6,-4,-24
17.940075,-16632,456,-133,4,-40,-28,-2,-7,-34
17.950076,-16647,430,-143,6,-37,-32,0,-4,-38
17.960075,-16645,410,-115,5,-40,-37,-1,-7,-43
17.970076,-16615,407,-138,0,-44,-52,-6,-11,-58
17.980076,-16610,378,-147,-3,-42,-44,-9,-9,-50
17.990075,-16605,323,-188,-13,-39,-30,-19,-6,-36
18.000076,-16605,292,-212,-19,-39,-28,-25,-6,-34
18.010075,-16607,282,-223,-33,-37,-29,-39,-4,-35
18.020076,-16629,372,-219,-37,-37,-30,-43,-4,-36
18.030077,-16628,418,-193,-38,-37,-30,-44,-4,-36
18.040075,-16610,472,-102,-35,-36,-30,-41,-3,-36
18.050076,-16616,503,-57,-29,-35,-29,-35,-2,-35
18.060076,-16614,508,-41,-14,-35,-23,-20,-2,-29
18.070073,-16626,471,-53,-8,-35,-20,-14,-2,-26
18.080072,-16626,470,-75,-3,-35,-18,-9,-2,-24
18.090072,-16613,486,-108,5,-37,-24,-1,-4,-30
18.100075,-16612,459,-113,9,-38,-28,3,-5,-34
18.110075,-16616,419,-118,18,-40,-34,12,-7,-40
18.120076,-16626,408,-121,21,-40,-34,15,-7,-40
18.130076,-16634,401,-133,24,-40,-38,18,-7,-44
18.140074,-16661,402,-134,25,-42,-43,19,-9,-49
18.150075,-16660,374,-123,27,-44,-46,21,-11,-52
18.160075,-16668,371,-120,24,-45,-45,18,-12,-51
18.170075,-16708,373,-122,22,-46,-46,16,-13,-52
18.180075,-16843,373,-166,19,-51,-46,13,-18,-52
18.190075,-16776,363,-133,17,-57,-50,11,-24,-56
18.200076,-16754,398,-116,25,-60,-30,19,-27,-36
18.210075,-16698,384,-129,29,-63,-21,23,-30,-27
18.220076,-16663,405,-126,29,-66,-28,23,-33,-34
18.230076,-16711,314,-147,31,-74,-9,25,-41,-15
18.240076,-16674,346,-76,23,-78,-2,17,-45,-8
18.250075,-16577,386,-121,24,-79,4,18,-46,-2
18.260075,-16570,321,-99,18,-79,9,12,-46,3
18.270072,-16512,344,-101,17,-74,18,11,-41,12
18.280075,-16506,327,-102,15,-70,15,9,-37,9
18.290071,-16507,311,-90,14,-72,10,8,-39,4
18.300076,-16525,291,-79,15,-72,-25,9,-39,-31
18.310076,-16549,213,-54,11,-70,-38,5,-37,-44
18.320075,-16565,245,-70,3,-65,-49,-3,-32,-55
18.330075,-16556,298,-23,0,-57,-46,-6,-24,-52
18.340075,-16568,318,-27,-5,-45,-37,-11,-12,-43
18.350075,-16597,326,-75,-11,-29,-19,-17,4,-25
18.360075,-16625,329,-91,-14,-26,-11,-20,7,-17
18.370075,-16639,321,-97,-18,-24,1,-24,9,-5
18.380075,-16663,320,-145,-18,-27,10,-24,6,4
18.390074,-16647,320,-129,-23,-34,26,-29,-1,20
18.400077,-16675,315,-161,-27,-38,33,-33,-5,27
18.410075,-16627,374,-80,-30,-44,40,-36,-11,34
18.420072,-16640,374,-92,-22,-34,48,-28,-1,42
18.430072,-16600,323,-34,-26,-31,50,-32,2,44
18.440073,-16601,346,-53,-27,-24,40,-33,9,34
18.450075,-16599,335,-36,-28,-21,25,-34,12,19
18.460072,-16597,321,-21,-32,-14,-13,-38,19,-19
18.470074,-16660,394,-30,-34,-8,-24,-40,25,-30
18.480088,-16681,395,-47,-34,0,-27,-40,33,-33
18.490073,-16610,446,23,-31,17,-20,-37,50,-26
18.500072,-16571,498,119,-25,35,-17,-31,68,-23
18.510075,-16635,432,-2,0,80,-4,-6,113,-10
18.520072,-16666,334,-122,5,80,-7,-1,113,-13
18.530076,-16704,266,-192,0,25,-18,-6,58,-24
18.540072,-16674,260,-268,-8,-9,-22,-14,24,-28
18.550072,-16626,245,-273,-16,-32,-24,-22,1,-30
18.560084,-16614,298,-176,-31,-32,-11,-37,1,-17
18.570090,-16626,396,-147,-30,-25,4,-36,8,-2
18.580074,-16621,419,-126,-25,-7,20,-31,26,14
18.590070,-16515,448,-101,-21,-5,15,-27,28,9
18.600066,-16539,483,-89,-14,-6,11,-20,27,5
18.610070,-16580,439,-120,0,-11,11,-6,22,5
18.620067,-16602,405,-153,2,-13,9,-4,20,3
18.630069,-16629,364,-177,0,-23,1,-6,10,-5
18.640067,-16629,358,-166,-1,-28,-1,-7,5,-7
18.650067,-16627,345,-151,3,-38,-14,-3,-5,-20
18.660066,-16676,322,-200,2,-47,-20,-4,-14,-26
18.670069,-16679,308,-216,-4,-57,-26,-10,-24,-32
18.680066,-16600,419,-67,-6,-60,-37,-12,-27,-43
18.690072,-16602,433,-73,-1,-56,-39,-7,-23,-45
18.700071,-16618,378,-89,1,-48,-37,-5,-15,-43
18.710075,-16622,377,-91,1,-47,-37,-5,-14,-43
18.720073,-16628,332,-88,0,-41,-24,-6,-8,-30
18.730074,-16635,324,-102,0,-38,-17,-6,-5,-23
18.740071,-16624,327,-102,1,-37,-12,-5,-4,-18
18.750075,-16626,332,-90,3,-33,-1,-3,0,-7
18.760072,-16628,301,-98,-1,-30,1,-7,3,-5
18.770087,-16614,287,-93,-5,-27,7,-11,6,1
18.780311,-16617,321,-98,-5,-25,8,-11,8,2
18.790174,-16631,345,-123,-6,-24,8,-12,9,2
18.801185,-16603,361,-98,-6,-21,8,-12,12,2
18.810082,-16600,381,-97,-6,-20,8,-12,13,2
18.820100,-16623,390,-142,-4,-20,2,-10,13,-4
18.830167,-16651,401,-188,-3,-24,-1,-9,9,-7
18.840105,-16665,386,-218,-7,-45,-11,-13,-12,-17
18.850245,-16581,439,-69,-9,-51,-19,-15,-18,-25
18.860102,-16624,384,-113,-3,-48,-24,-9,-15,-30
18.870135,-16616,369,-123,-1,-45,-30,-7,-12,-36
18.880098,-16608,319,-117,-3,-45,-30,-9,-12,-36
18.890060,-16633,330,-135,-5,-39,-21,-11,-6,-27
18.900061,-16638,325,-132,-8,-38,-18,-14,-5,-24
18.910077,-16638,318,-121,-15,-35,-10,-21,-2,-16
18.920100,-16626,323,-143,-18,-35,-4,-24,-2,-10
18.930089,-16627,319,-133,-20,-35,0,-26,-2,-6
18.940061,-16627,284,-129,-22,-33,4,-28,0,-2
18.950089,-16632,277,-118,-21,-32,9,-27,1,3
18.960046,-16619,285,-107,-16,-30,11,-22,3,5
18.970045,-16632,293,-126,-15,-30,12,-21,3,6
18.980045,-16628,329,-133,-13,-32,10,-19,1,4
18.990046,-16633,383,-118,-1,-31,-11,-7,2,-17
19.000047,-16650,380,-127,5,-32,-30,-1,1,-36
19.010046,-16658,326,-123,11,-33,-55,5,0,-61
19.020051,-16666,309,-123,12,-33,-67,6,0,-73
19.030045,-16678,285,-118,10,-27,-91,4,6,-97
19.040047,-16662,197,-125,7,-27,-104,1,6,-110
19.050046,-16641,143,-102,10,-29,-120,4,4,-126
19.060047,-16682,266,-129,7,-32,-136,1,1,-142
19.070045,-16628,257,-126,6,-34,-119,0,-1,-125
19.080044,-16726,214,-144,28,-39,-102,22,-6,-108
19.090046,-16784,157,-130,32,-41,-97,26,-8,-103
19.100047,-16862,118,-155,37,-45,-82,31,-12,-88
19.110046,-16941,75,-156,37,-52,-77,31,-19,-83
19.120047,-16938,-30,-133,37,-60,-88,31,-27,-94
19.130046,-16921,69,-95,44,-74,-123,38,-41,-129
19.140047,-16964,102,-49,52,-73,-144,46,-40,-150
19.150046,-16824,128,-113,27,-60,-162,21,-27,-168
19.160046,-16567,155,-121,12,-55,-150,6,-22,-156
19.170046,-16406,194,-127,-3,-51,-132,-9,-18,-138
19.180046,-16164,217,-127,-33,-30,-74,-39,3,-80
19.190045,-16124,262,-96,-43,-22,-49,-49,11,-55
19.200047,-16249,405,-85,-54,-2,-21,-60,31,-27
19.210045,-16433,343,-108,-52,-3,-13,-58,30,-19
19.220046,-16461,347,-109,-42,-14,-14,-48,19,-20
19.230045,-16538,286,-122,-38,-18,-12,-44,15,-18
19.240047,-16548,217,-134,-33,-23,-16,-39,10,-22
19.250045,-16566,150,-105,-32,-38,-55,-38,-5,-61
19.260046,-16550,138,-91,-29,-42,-77,-35,-9,-83
19.270046,-16585,151,-87,-24,-47,-115,-30,-14,-121
19.280046,-16625,211,-96,-18,-48,-121,-24,-15,-127
19.290046,-16619,200,-83,-7,-42,-90,-13,-9,-96
19.300047,-16621,201,-113,-1,-39,-79,-7,-6,-85
19.310046,-16629,189,-113,1,-38,-75,-5,-5,-81
19.320047,-16627,128,-114,8,-40,-71,2,-7,-77
19.330045,-16628,124,-117,11,-42,-68,5,-9,-74
19.340046,-16651,105,-120,11,-41,-57,5,-8,-63
19.350045,-16658,95,-111,11,-40,-45,5,-7,-51
19.360047,-16646,46,-107,15,-42,-32,9,-9,-38
19.370045,-16644,-5,-85,17,-42,-26,11,-9,-32
19.380046,-16645,4,-81,20,-41,-16,14,-8,-22
19.390045,-16642,54,-96,14,-35,5,8,-2,-1
19.400046,-16637,70,-93,9,-33,18,3,0,12
19.410046,-16641,73,-90,9,-27,36,3,6,30
19.420046,-16679,71,-101,9,-28,33,3,5,27
19.430045,-16829,96,-102,12,-29,22,6,4,16
19.440067,-17020,91,-96,32,-29,-8,26,4,-14
19.450047,-17057,88,-88,46,-33,-27,40,0,-33
19.460047,-17006,53,-91,82,-41,-54,76,-8,-60
19.470045,-16959,88,-84,95,-40,-54,89,-7,-60
19.480045,-16712,271,-148,97,-39,-26,91,-6,-32
19.490046,-16566,-27,-52,98,-39,-24,92,-6,-30
19.500046,-16500,2,-41,107,-42,-36,101,-9,-42
19.510045,-16301,-10,-96,94,-44,-70,88,-11,-76
19.520047,-16244,46,-103,79,-44,-78,73,-11,-84
19.530045,-16331,59,-113,55,-41,-55,49,-8,-61
19.540045,-16390,104,-121,44,-39,-44,38,-6,-50
19.550063,-16439,75,-117,26,-35,-24,20,-2,-30
19.560045,-16512,62,-106,21,-34,-15,15,-1,-21
19.570044,-16520,63,-102,19,-33,-6,13,0,-12
19.580044,-16576,46,-92,17,-31,6,11,2,0
19.590045,-16592,43,-95,18,-28,13,12,5,7
19.600046,-16602,29,-93,19,-28,18,13,5,12
19.610045,-16608,44,-98,17,-29,17,11,4,11
19.620049,-16609,50,-90,12,-30,14,6,3,8
19.630046,-16615,52,-102,7,-30,12,1,3,6
19.640045,-16612,51,-92,4,-30,8,-2,3,2
19.650047,-16623,57,-86,1,-31,1,-5,2,-5
19.660046,-16613,57,-87,1,-31,-1,-5,2,-7
19.670045,-16614,51,-87,0,-32,-4,-6,1,-10
19.680045,-16614,40,-87,1,-32,-4,-5,1,-10
19.690045,-16616,43,-100,1,-33,-4,-5,0,-10
19.700048,-16623,48,-101,0,-35,-4,-6,-2,-10
19.710046,-16623,48,-90,-3,-35,-4,-9,-2,-10
19.720046,-16616,47,-90,-10,-35,-4,-16,-2,-10
19.730045,-16615,48,-91,-11,-34,-3,-17,-1,-9
19.740047,-16614,49,-89,-14,-34,-3,-20,-1,-9
19.750046,-16622,14,-76,-15,-33,-1,-21,0,-7
19.760046,-16622,10,-72,-15,-31,2,-21,2,-4
19.770046,-16620,39,-89,-14,-31,7,-20,2,1
19.780046,-16622,47,-98,-13,-31,9,-19,2,3
19.790046,-16621,49,-84,-8,-34,8,-14,-1,2
19.800046,-16614,57,-78,-6,-34,4,-12,-1,-2
19.810046,-16614,60,-86,-3,-33,-4,-9,0,-10
19.820056,-16610,36,-84,-1,-34,-11,-7,-1,-17
19.830059,-16618,61,-94,0,-35,-23,-6,-2,-29
19.840045,-16629,53,-112,4,-36,-39,-2,-3,-45
19.850046,-16630,64,-110,5,-39,-51,-1,-6,-57
19.860046,-16635,69,-116,7,-42,-64,1,-9,-70
19.870046,-16644,54,-107,8,-42,-63,2,-9,-69
19.880067,-16640,46,-106,13,-41,-52,7,-8,-58
19.890047,-16629,16,-101,14,-40,-45,8,-7,-51
19.900047,-16636,4,-96,12,-40,-39,6,-7,-45
19.910046,-16626,-18,-105,6,-37,-31,0,-4,-37
19.920046,-16627,-19,-106,3,-38,-33,-3,-5,-39
19.930046,-16627,-21,-110,-3,-39,-38,-9,-6,-44
19.940046,-16642,-15,-129,-6,-38,-31,-12,-5,-37
19.950046,-16639,-11,-119,-9,-36,-20,-15,-3,-26
19.960046,-16635,-16,-103,-19,-34,-3,-25,-1,-9
19.970046,-16628,-11,-103,-22,-33,2,-28,0,-4
19.980045,-16637,0,-111,-21,-32,8,-27,1,2
19.990045,-16629,0,-107,-19,-32,10,-25,1,4
20.000072,-16621,2,-107,-12,-31,9,-18,2,3
20.010046,-16631,11,-92,-10,-30,7,-16,3,1
20.020046,-16637,15,-87,-8,-30,5,-14,3,-1
20.030046,-16629,17,-107,-6,-30,0,-12,3,-6
20.040046,-16621,4,-111,-8,-31,-1,-14,2,-7
20.050046,-16624,-5,-100,-9,-32,-1,-15,1,-7
20.060045,-16631,-10,-80,-9,-32,-1,-15,1,-7
20.070068,-16625,-5,-77,-8,-30,0,-14,3,-6
20.080066,-16610,41,-94,-13,-29,-1,-19,4,-7
20.090055,-16622,2,-86,-11,-27,-3,-17,6,-9
20.100046,-16634,14,-95,-9,-25,-4,-15,8,-10
20.110045,-16636,22,-103,-8,-27,-2,-14,6,-8
20.120046,-16648,13,-115,-6,-32,-3,-12,1,-9
20.130047,-16646,16,-115,-6,-35,-4,-12,-2,-10
20.140046,-16637,11,-118,-2,-39,-8,-8,-6,-14
20.150045,-16634,-15,-121,0,-41,-10,-6,-8,-16
20.160046,-16617,9,-90,-1,-42,-10,-7,-9,-16
20.170045,-16628,-11,-98,-3,-38,-6,-9,-5,-12
20.180045,-16643,-18,-108,-8,-37,-3,-14,-4,-9
20.190045,-16628,-21,-95,-11,-37,-1,-17,-4,-7
20.200046,-16625,-30,-73,-9,-36,0,-15,-3,-6
20.210045,-16629,-22,-72,-10,-35,2,-16,-2,-4
20.220046,-16630,-18,-80,-16,-35,3,-22,-2,-3
20.230046,-16623,-24,-80,-18,-34,7,-24,-1,1
20.240046,-16644,-16,-82,-19,-33,15,-25,0,9
20.250046,-16639,-6,-81,-15,-34,16,-21,-1,10
20.260045,-16633,2,-78,-20,-31,18,-26,2,12
20.270045,-16625,32,-112,-22,-33,8,-28,0,2
20.280055,-16623,9,-103,-22,-36,-4,-28,-3,-10
20.290045,-16622,60,-91,-14,-34,-6,-20,-1,-12
20.300046,-16615,61,-78,-5,-34,-10,-11,-1,-16
20.310046,-16606,108,-72,17,-39,-46,11,-6,-52
20.320046,-16619,17,-68,27,-39,-54,21,-6,-60
20.330045,-16622,35,-75,45,-40,-60,39,-7,-66
20.340046,-16633,9,-90,50,-43,-67,44,-10,-73
20.350045,-16625,-28,-135,52,-50,-83,46,-17,-89
20.360045,-16752,-31,-181,47,-83,-178,41,-50,-184
20.370046,-16829,-172,-287,51,-116,-235,45,-83,-241
20.380046,-16821,-335,-358,44,-180,-262,38,-147,-268
20.390045,-16755,-342,-320,31,-193,-245,25,-160,-251
20.400047,-16629,-470,-493,14,-190,-219,8,-157,-225
20.410045,-16888,-101,-113,1,-225,-194,-5,-192,-200
20.420045,-16877,-144,-126,8,-258,-175,2,-225,-181
20.430045,-16782,-210,-82,21,-306,-133,15,-273,-139
20.440045,-16743,-102,-56,26,-320,-107,20,-287,-113
20.450045,-16681,-117,-24,35,-337,-72,29,-304,-78
20.460046,-16660,-96,39,43,-342,-62,37,-309,-68
20.470045,-16662,-115,118,43,-340,-39,37,-307,-45
20.480048,-16642,-160,210,59,-327,9,53,-294,3
20.490044,-16633,-207,211,58,-315,28,52,-282,22
20.500046,-16636,-256,240,53,-307,31,47,-274,25
20.510045,-16608,-199,248,49,-304,25,43,-271,19
20.520045,-16576,-140,266,19,-294,10,13,-261,4
20.530045,-16555,-248,286,13,-292,-2,7,-259,-8
20.540045,-16541,-278,277,8,-292,-24,2,-259,-30
20.550045,-16547,-228,317,1,-298,-69,-5,-265,-75
20.560045,-16513,-195,389,2,-297,-83,-4,-264,-89
20.570045,-16529,-161,456,9,-280,-92,3,-247,-98
20.580045,-16530,-167,474,10,-268,-88,4,-235,-94
20.590045,-16515,-147,482,8,-244,-85,2,-211,-91
20.600045,-16461,-107,521,1,-232,-82,-5,-199,-88
20.610044,-16438,-102,546,-8,-217,-72,-14,-184,-78
20.620045,-16484,-193,604,-8,-182,-55,-14,-149,-61
20.630044,-16478,-153,595,-6,-163,-43,-12,-130,-49
20.640045,-16490,-186,595,0,-128,-21,-6,-95,-27
20.650045,-16518,-219,596,3,-111,-18,-3,-78,-24
20.660045,-16552,-232,594,2,-98,-14,-4,-65,-20
20.670045,-16531,-239,601,0,-73,-23,-6,-40,-29
20.680049,-16573,-230,585,0,-60,-27,-6,-27,-33
20.690044,-16649,-286,587,0,-35,-39,-6,-2,-45
20.700045,-16698,-328,560,4,-26,-50,-2,7,-56
20.710045,-16771,-385,567,19,-29,-95,13,4,-101
20.720045,-16894,-352,626,44,-44,-110,38,-11,-116
20.730045,-16898,-330,684,67,-67,-117,61,-34,-123
20.740045,-16933,-287,774,122,-134,-101,116,-101,-107
20.750044,-16912,-297,791,151,-175,-90,145,-142,-96
20.760045,-16817,-132,765,194,-260,-101,188,-227,-107
20.770045,-16891,-336,780,189,-299,-100,183,-266,-106
20.780045,-16912,-551,759,213,-379,-96,207,-346,-102
20.790046,-16865,-465,718,213,-408,-75,207,-375,-81
20.800044,-16863,-454,744,204,-437,-66,198,-404,-72
20.810045,-16847,-405,785,194,-499,-60,188,-466,-66
20.820045,-16817,-255,678,192,-527,-60,186,-494,-66
20.830045,-16534,-300,719,182,-555,-81,176,-522,-87
20.840045,-16491,-258,655,167,-551,-89,161,-518,-95
20.850045,-16404,-320,632,129,-521,-102,123,-488,-108
20.860046,-16313,-323,620,126,-493,-101,120,-460,-107
20.870044,-16301,-344,617,105,-463,-97,99,-430,-103
20.880048,-16114,-361,649,74,-393,-116,68,-360,-122
20.890043,-16121,-353,694,56,-357,-137,50,-324,-143
20.900045,-16141,-388,671,27,-286,-164,21,-253,-170
20.910045,-16352,-345,829,17,-257,-165,11,-224,-171
20.920045,-16358,-342,896,8,-235,-159,2,-202,-165
20.930045,-16454,-382,1002,9,-203,-142,3,-170,-148
20.940045,-16508,-351,1036,6,-188,-131,0,-155,-137
20.950045,-16620,-529,1106,24,-164,-95,18,-131,-101
20.960045,-16654,-577,1108,42,-159,-84,36,-126,-90
20.970044,-16636,-615,1126,47,-157,-79,41,-124,-85
20.980045,-16616,-591,1132,45,-158,-79,39,-125,-85
20.990045,-16636,-581,1138,42,-162,-87,36,-129,-93
21.000046,-16668,-448,1186,81,-178,-119,75,-145,-125
21.010045,-16683,-419,1211,101,-191,-140,95,-158,-146
21.020045,-16712,-393,1291,119,-217,-175,113,-184,-181
21.030045,-16733,-441,1309,139,-227,-178,133,-194,-184
21.040045,-16790,-415,1314,166,-269,-146,160,-236,-152
21.050045,-16806,-480,1388,153,-290,-106,147,-257,-112
21.060045,-16914,-603,1445,166,-314,-71,160,-281,-77
21.070045,-17002,-697,1479,217,-385,-16,211,-352,-22
21.080046,-17022,-723,1525,246,-436,-5,240,-403,-11
21.090042,-16926,-709,1598,289,-585,-26,283,-552,-32
21.100045,-17010,-648,1603,320,-671,-42,314,-638,-48
21.110044,-16938,-604,1696,378,-845,-57,372,-812,-63
21.120045,-16705,-672,1759,409,-935,-51,403,-902,-57
21.130045,-16633,-753,1772,441,-1026,-38,435,-993,-44
21.140045,-16646,-885,1862,495,-1217,42,489,-1184,36
21.150045,-16753,-940,1846,537,-1325,119,531,-1292,113
21.160045,-16721,-969,1713,616,-1537,294,610,-1504,288
21.170044,-16847,-799,1844,661,-1645,358,655,-1612,352
21.180045,-16898,-761,1996,691,-1725,405,685,-1692,399
21.190045,-16625,-685,2096,789,-1855,467,783,-1822,461
21.200045,-16518,-532,2473,842,-1887,459,836,-1854,453
21.210045,-16065,-685,2310,1007,-1984,348,1001,-1951,342
21.220045,-15906,-821,2356,1068,-2019,217,1062,-1986,211
21.230044,-16015,-805,2395,1146,-1950,-232,1140,-1917,-238
21.240045,-16236,-601,2829,1173,-1986,-508,1167,-1953,-514
21.250045,-16535,-227,2983,1182,-2041,-788,1176,-2008,-794
21.260045,-16217,147,3728,1111,-2245,-1088,1105,-2212,-1094
21.270045,-16093,110,3898,1065,-2325,-1126,1059,-2292,-1132
21.280050,-15697,-291,3984,981,-2429,-1080,975,-2396,-1086
21.290042,-15537,-668,4158,951,-2447,-1005,945,-2414,-1011
21.300045,-15557,-700,4220,889,-2450,-819,883,-2417,-825
21.310045,-15727,-626,4403,837,-2426,-746,831,-2393,-752
21.320045,-15596,-615,4572,780,-2365,-692,774,-2332,-698
21.330044,-15629,-671,4972,697,-2187,-682,691,-2154,-688
21.340044,-15717,-749,5239,689,-2105,-708,683,-2072,-714
21.350044,-16105,-932,5622,755,-1954,-792,749,-1921,-798
21.360044,-16476,-1006,5733,791,-1891,-789,785,-1858,-795
21.370045,-16861,-993,5946,851,-1782,-611,845,-1749,-617
21.380045,-16992,-729,6228,843,-1748,-487,837,-1715,-493
21.390044,-16889,-765,6214,820,-1705,-331,814,-1672,-337
21.400045,-16243,-898,6237,736,-1724,-77,730,-1691,-83
21.410044,-15983,-987,6436,683,-1741,-10,677,-1708,-16
21.420044,-15930,-1031,6510,614,-1778,112,608,-1745,106
21.430045,-15956,-725,6566,604,-1796,186,598,-1763,180
21.440043,-15699,-145,7117,618,-1920,262,612,-1887,256
21.450044,-15587,-309,7028,600,-1864,370,594,-1831,364
21.460044,-15399,-373,7364,539,-1886,339,533,-1853,333
21.470044,-15252,-288,7457,504,-1956,240,498,-1923,234
21.480045,-15043,-355,7422,485,-1957,210,479,-1924,204
21.490042,-14875,-561,7422,434,-2100,193,428,-2067,187
21.500044,-14573,-284,7474,382,-2173,243,376,-2140,237
21.510044,-14305,-211,7550,327,-2209,332,321,-2176,326
21.520047,-14154,-214,7583,206,-2233,498,200,-2200,492
21.530044,-13809,-355,7566,115,-2254,515,109,-2221,509
21.540044,-13469,-227,7661,-84,-2199,504,-90,-2166,498
21.550045,-13281,-118,7699,-189,-2155,497,-195,-2122,491
21.560045,-13118,-46,7712,-423,-2114,506,-429,-2081,500
21.570045,-13022,-78,7944,-540,-2096,533,-546,-2063,527
21.580051,-12833,-164,8056,-651,-2072,554,-657,-2039,548
21.590044,-12742,-128,8309,-816,-2045,539,-822,-2012,533
21.600044,-12637,-75,8528,-856,-2057,536,-862,-2024,530
21.610044,-12707,-30,8736,-814,-2160,620,-820,-2127,614
21.620045,-12863,-320,9160,-726,-2246,706,-732,-2213,700
21.630044,-13047,-537,9402,-613,-2327,830,-619,-2294,824
21.640044,-13467,-247,10131,-556,-2333,1038,-562,-2300,1032
21.650059,-13740,-160,9982,-584,-2236,1057,-590,-2203,1051
21.660068,-13161,-673,10468,-632,-2188,1202,-638,-2155,1196
21.670045,-13436,-751,10055,-583,-2212,1292,-589,-2179,1286
21.680049,-13029,-254,10413,-632,-2218,1418,-638,-2185,1412
21.690043,-12957,-79,10520,-687,-2230,1450,-693,-2197,1444
21.700045,-12699,47,10622,-716,-2249,1494,-722,-2216,1488
21.710044,-12147,-142,10753,-702,-2296,1534,-708,-2263,1528
21.720044,-12014,-74,10785,-676,-2314,1539,-682,-2281,1533
21.730044,-11590,428,11073,-619,-2471,1635,-625,-2438,1629
21.740044,-11599,698,10966,-548,-2468,1487,-554,-2435,1481
21.750044,-11199,907,11189,-637,-2491,966,-643,-2458,960
21.760043,-11623,647,11608,-620,-2496,782,-626,-2463,776
21.770043,-11472,461,11714,-583,-2501,642,-589,-2468,636
21.780043,-11098,134,11905,-461,-2495,467,-467,-2462,461
21.790044,-11046,3,12000,-391,-2487,418,-397,-2454,412
21.800044,-10869,213,11974,-301,-2476,337,-307,-2443,331
21.810045,-10714,194,11913,-340,-2489,286,-346,-2456,280
21.820043,-10677,73,11975,-485,-2470,161,-491,-2437,155
21.830044,-10332,-89,12417,-527,-2477,113,-533,-2444,107
21.840044,-10237,129,12709,-524,-2478,102,-530,-2445,96
21.850044,-9978,404,13086,-408,-2457,224,-414,-2424,218
21.860044,-9663,400,13137,-310,-2460,310,-316,-2427,304
21.870044,-9634,525,13374,-79,-2480,449,-85,-2447,443
21.880047,-9178,583,13410,25,-2506,484,19,-2473,478
21.890042,-9124,594,13472,127,-2538,488,121,-2505,482
21.900043,-8982,841,13468,266,-2588,402,260,-2555,396
21.910044,-8994,932,13561,294,-2612,354,288,-2579,348
21.920042,-8735,695,13685,308,-2612,289,302,-2579,283
21.930043,-8542,522,13550,332,-2582,263,326,-2549,257
21.940042,-8538,554,13644,329,-2498,189,323,-2465,183
21.950043,-8521,544,13592,277,-2451,133,271,-2418,127
21.960042,-8349,373,13649,202,-2393,75,196,-2360,69
21.970044,-8050,152,13995,28,-2229,-34,22,-2196,-40
21.980042,-7782,-119,14116,-31,-2120,-82,-37,-2087,-88
21.990044,-7532,-210,14318,-121,-1886,-149,-127,-1853,-155
22.000042,-7433,-13,14425,-168,-1764,-161,-174,-1731,-167
22.010043,-7336,229,14537,-241,-1537,-158,-247,-1504,-164
22.020065,-7050,686,14840,-244,-1439,-145,-250,-1406,-151
22.030045,-6930,802,14957,-218,-1353,-125,-224,-1320,-131
22.040043,-6753,850,15015,-87,-1213,-74,-93,-1180,-80
22.050044,-6735,922,14995,-8,-1175,-44,-14,-1142,-50
22.060043,-6618,1194,14958,105,-1172,-12,99,-1139,-18
22.070043,-6529,1253,14982,152,-1198,-3,146,-1165,-9
22.080050,-6440,1375,14986,266,-1294,0,260,-1261,-6
22.090042,-6296,1404,15010,321,-1355,-3,315,-1322,-9
22.100042,-6182,1248,15009,375,-1410,-6,369,-1377,-12
22.110044,-6202,857,15099,489,-1522,-32,483,-1489,-38
22.120043,-6095,699,15095,564,-1564,-38,558,-1531,-44
22.130044,-6129,685,15086,661,-1629,-18,655,-1596,-24
22.140042,-5961,782,15076,666,-1653,0,660,-1620,-6
22.150043,-5939,858,15070,670,-1674,6,664,-1641,0
22.160042,-5743,742,15133,613,-1699,16,607,-1666,10
22.170044,-5717,585,15215,580,-1703,16,574,-1670,10
22.180043,-5603,475,15270,553,-1687,22,547,-1654,16
22.190043,-5559,534,15428,560,-1667,44,554,-1634,38
22.200043,-5413,689,15480,561,-1575,119,555,-1542,113
22.210043,-5280,962,15511,550,-1516,150,544,-1483,144
22.220042,-5237,1175,15484,523,-1461,168,517,-1428,162
22.230083,-5084,1430,15476,405,-1365,161,399,-1332,155
22.242153,-4928,1481,15486,302,-1295,132,296,-1262,126
22.250075,-4675,1576,15559,268,-1270,121,262,-1237,115
22.260065,-4546,1570,15600,251,-1254,107,245,-1221,101
22.270055,-4427,1532,15609,264,-1246,93,258,-1213,87
22.280082,-4260,1517,15758,304,-1250,96,298,-1217,90
22.290057,-4181,1516,15792,357,-1250,103,351,-1217,97
22.300056,-3969,1441,15783,468,-1249,128,462,-1216,122
22.310072,-3843,1476,15840,520,-1249,156,514,-1216,150
22.320122,-3678,1543,15879,621,-1241,221,615,-1208,215
22.330124,-3630,1550,15816,661,-1241,247,655,-1208,241
22.340081,-3595,1551,15728,691,-1283,286,685,-1250,280
22.350082,-3466,1494,15619,686,-1318,302,680,-1285,296
22.360044,-3619,1519,15645,667,-1367,310,661,-1334,304
22.370041,-3505,1558,15633,577,-1451,312,571,-1418,306
22.380042,-3471,1589,15590,521,-1486,313,515,-1453,307
22.390043,-3471,1702,15614,383,-1545,308,377,-1512,302
22.400045,-3247,1641,15738,305,-1561,323,299,-1528,317
22.410044,-3044,1778,15805,233,-1567,321,227,-1534,315
22.420043,-2710,1956,16000,100,-1539,289,94,-1506,283
22.430044,-2546,1998,16094,38,-1508,259,32,-1475,253
22.440043,-2171,2008,16238,-28,-1422,212,-34,-1389,206
22.450062,-1987,2109,16275,-36,-1372,194,-42,-1339,188
22.460058,-1845,2168,16349,-16,-1253,179,-22,-1220,173
22.470043,-1525,2135,16511,11,-1181,172,5,-1148,166
22.480049,-1429,2123,16599,55,-1101,166,49,-1068,160
22.490042,-1332,2203,16558,186,-945,157,180,-912,151
22.500044,-1291,2281,16502,249,-877,155,243,-844,149
22.510043,-1209,2438,16412,347,-764,162,341,-731,156
22.520043,-1209,2436,16341,390,-720,169,384,-687,163
22.530043,-1217,2381,16272,474,-673,192,468,-640,186
22.540043,-1161,2315,16198,515,-665,211,509,-632,205
22.550043,-1145,2307,16213,552,-660,233,546,-627,227
22.560043,-1115,2290,16234,605,-641,264,599,-608,258
22.570044,-1082,2231,16155,610,-636,271,604,-603,265
22.580044,-1093,2287,16018,579,-659,272,573,-626,266
22.590044,-1093,2354,15987,546,-682,267,540,-649,261
22.600044,-1056,2403,16009,480,-728,258,474,-695,252
22.610043,-990,2419,16045,455,-748,254,449,-715,248
22.620044,-898,2456,16092,428,-756,256,422,-723,250
22.630043,-744,2618,16227,372,-741,236,366,-708,230
22.640045,-624,2654,16289,344,-719,217,338,-686,211
22.650046,-413,2653,16322,320,-638,186,314,-605,180
22.660043,-156,2801,16436,314,-588,169,308,-555,163
22.670042,-70,2881,16452,315,-535,149,309,-502,143
22.680045,-76,2959,16354,302,-428,100,296,-395,94
22.690044,-144,2990,16270,291,-384,72,285,-351,66
22.700044,-229,3047,16158,259,-328,21,253,-295,15
22.710042,-199,3080,16122,246,-316,-3,240,-283,-9
22.720043,-160,3105,16109,218,-308,-43,212,-275,-49
22.730043,-205,2993,16069,212,-309,-52,206,-276,-58
22.740042,-189,2961,16057,213,-314,-50,207,-281,-56
22.750043,-155,2944,16049,236,-330,-25,230,-297,-31
22.760043,-152,2963,16050,249,-334,-5,243,-301,-11
22.770043,-184,2928,16075,269,-346,32,263,-313,26
22.780043,-287,2942,16096,274,-355,36,268,-322,30
22.790043,-230,2910,16029,280,-360,47,274,-327,41
22.800043,-381,2890,15976,280,-373,54,274,-340,48
22.810043,-516,2885,15991,269,-393,54,263,-360,48
22.820043,-104,3297,16707,211,-312,13,205,-279,7
22.830043,-532,3203,16340,248,-248,-37,242,-215,-43
22.840043,-436,3263,16301,183,-174,-110,177,-141,-116
22.850043,-618,3415,16118,138,-148,-139,132,-115,-145
22.860043,-640,3386,16121,102,-130,-164,96,-97,-170
22.870044,-751,3400,16082,70,-103,-197,64,-70,-203
22.880046,-800,3381,16038,55,-97,-208,49,-64,-214
22.890041,-831,3413,15984,1,-92,-232,-5,-59,-238
22.900043,-793,3410,16009,-33,-91,-241,-39,-58,-247
22.910043,-742,3384,16044,-57,-87,-243,-63,-54,-249
22.920042,-743,3321,16016,-65,-85,-244,-71,-52,-250
22.930042,-744,3289,16009,-81,-85,-244,-87,-52,-250
22.940042,-661,3267,16027,-112,-86,-243,-118,-53,-249
22.950044,-579,3280,16039,-119,-85,-233,-125,-52,-239
22.960042,-443,3439,15967,-140,-84,-226,-146,-51,-232
22.970043,-410,3501,15940,-176,-87,-246,-182,-54,-252
22.980044,-377,3491,15942,-256,-94,-286,-262,-61,-292
22.990043,-389,3266,16055,-256,-91,-278,-262,-58,-284
23.000042,-402,3177,16117,-232,-87,-250,-238,-54,-256
23.010043,-338,3073,16115,-148,-77,-184,-154,-44,-190
23.020043,-373,3010,16117,-131,-76,-172,-137,-43,-178
23.030042,-177,2794,15950,-136,-67,-186,-142,-34,-192
23.040042,-439,3173,16132,-161,-65,-214,-167,-32,-220
23.050043,-299,2934,16231,-66,-59,-116,-72,-26,-122
23.060043,-295,3134,16119,-26,-57,-87,-32,-24,-93
23.070056,-286,3107,16104,-14,-58,-66,-20,-25,-72
23.080049,-268,2979,16122,-12,-57,-36,-18,-24,-42
23.090040,-254,2934,16134,-4,-55,-25,-10,-22,-31
23.100043,-251,2904,16132,-7,-52,-14,-13,-19,-20
23.110043,-251,2966,16104,-24,-50,-12,-30,-17,-18
23.120043,-247,2975,16082,-51,-50,-10,-57,-17,-16
23.130043,-261,2874,16119,-78,-49,-1,-84,-16,-7
23.140054,-249,2908,16099,-82,-49,3,-88,-16,-3
23.150061,-258,3046,16069,-106,-50,4,-112,-17,-2
23.160044,-267,3084,16072,-120,-52,2,-126,-19,-4
23.170043,-265,3061,16078,-137,-54,2,-143,-21,-4
23.180043,-261,2947,16115,-138,-54,2,-144,-21,-4
23.190043,-251,2899,16115,-138,-54,4,-144,-21,-2
23.200043,-218,2671,16159,-140,-53,6,-146,-20,0
23.210042,-215,2614,16195,-134,-51,8,-140,-18,2
23.220043,-415,2512,16203,-115,-37,44,-121,-4,38
23.230042,-534,2439,16196,-107,-25,84,-113,8,78
23.240042,-635,2341,16228,-75,8,194,-81,41,188
23.250041,-726,2390,16230,-50,26,248,-56,59,242
23.260042,-701,2545,16172,-33,41,284,-39,74,278
23.270042,-597,2954,16103,-22,47,285,-28,80,279
23.280051,-513,2993,16103,-25,41,275,-31,74,269
23.290040,-421,2980,16115,10,34,262,4,67,256
23.300043,-400,2985,16094,23,31,251,17,64,245
23.310041,-391,2890,16097,22,25,217,16,58,211
23.320043,-425,2841,16145,20,21,201,14,54,195
23.330042,-429,2850,16140,21,18,194,15,51,188
23.340043,-379,2969,16099,14,17,189,8,50,183
23.350042,-359,3101,16089,13,13,180,7,46,174
23.360041,-355,3193,16075,16,6,137,10,39,131
23.370042,-237,3343,16051,13,-3,112,7,30,106
23.380042,-188,3319,16057,16,-11,87,10,22,81
23.390042,-114,3269,16045,14,-29,43,8,4,37
23.400043,-70,3180,16068,19,-35,28,13,-2,22
23.410042,-14,3207,16087,50,-42,13,44,-9,7
23.420043,-84,3252,16048,53,-46,-2,47,-13,-8
23.430041,-114,3289,16047,30,-64,-68,24,-31,-74
23.440042,-188,3327,16030,15,-74,-101,9,-41,-107
23.450042,-215,3286,16059,12,-83,-125,6,-50,-131
23.460042,-202,3128,16091,28,-94,-144,22,-61,-150
23.470042,-202,3054,16060,35,-99,-151,29,-66,-157
23.480045,-248,2969,16034,-18,-113,-204,-24,-80,-210
23.490041,-226,2793,16069,-55,-115,-213,-61,-82,-219
23.500042,-245,2737,16082,-127,-111,-221,-133,-78,-227
23.510041,-190,2536,16138,-163,-106,-227,-169,-73,-233
23.520042,-144,2584,16176,-199,-104,-235,-205,-71,-241
23.530042,23,2501,16145,-242,-93,-236,-248,-60,-242
23.540043,41,2420,16178,-254,-86,-217,-260,-53,-223
23.550041,-123,2542,16278,-238,-61,-182,-244,-28,-188
23.560042,-131,2505,16297,-188,-51,-130,-194,-18,-136
23.570041,-110,2529,16263,-114,-39,-61,-120,-6,-67
23.580043,-190,2586,16226,-87,-34,-40,-93,-1,-46
23.590042,-208,2609,16206,-67,-31,-26,-73,2,-32
23.600042,-222,2671,16183,-45,-29,-13,-51,4,-19
23.610041,-228,2660,16183,-37,-26,-7,-43,7,-13
23.620042,-237,2669,16183,-14,-20,12,-20,13,6
23.630041,-191,2726,16175,-2,-16,27,-8,17,21
23.640042,-170,2761,16159,8,-14,40,2,19,34
23.650041,-111,2793,16139,12,-12,51,6,21,45
23.660042,-160,2840,16136,8,-13,49,2,20,43
23.670041,-150,2957,16129,23,-16,41,17,17,35
23.680057,-155,3035,16104,23,-21,33,17,12,27
23.690042,-201,3020,16106,44,-26,18,38,7,12
23.700043,-227,2957,16111,57,-29,12,51,4,6
23.710041,-223,2944,16116,71,-30,8,65,3,2
23.720042,-256,2922,16104,79,-32,3,73,1,-3
23.730041,-257,2915,16100,73,-35,3,67,-2,-3
23.740042,-253,2894,16089,62,-38,3,56,-5,-3
23.750041,-254,2886,16090,54,-39,3,48,-6,-3
23.760042,-264,2863,16113,47,-39,4,41,-6,-2
23.770041,-310,2925,16137,57,-39,5,51,-6,-1
23.780041,-338,2962,16113,67,-41,7,61,-8,1
23.790042,-377,3010,16091,79,-43,11,73,-10,5
23.800042,-382,2994,16093,80,-43,15,74,-10,9
23.810041,-351,2919,16112,84,-44,25,78,-11,19
23.820042,-328,2880,16117,85,-44,30,79,-11,24
23.830041,-309,2818,16122,83,-42,39,77,-9,33
23.840043,-346,2694,16145,83,-38,44,77,-5,38
23.850041,-325,2666,16147,81,-36,50,75,-3,44
23.860042,-359,2649,16140,83,-24,79,77,9,73
23.870041,-387,2523,16190,72,-16,104,66,17,98
23.880046,-369,2540,16183,93,0,146,87,33,140
23.890060,-405,2602,16152,90,5,160,84,38,154
23.900070,-379,2631,16141,56,10,167,50,43,161
23.910067,-328,2613,16171,40,12,169,34,45,163
23.920069,-304,2626,16145,21,17,179,15,50,173
23.930067,-289,2632,16140,-8,28,206,-14,61,200
23.940069,-277,2636,16139,-23,35,224,-29,68,218
23.950067,-227,2732,16137,-41,47,257,-47,80,251
23.960066,-199,2740,16133,-42,52,272,-48,85,266
23.970066,-209,2769,16144,-41,57,284,-47,90,278
23.980070,-179,2832,16128,-31,64,307,-37,97,301
23.990067,-193,2828,16134,-24,67,314,-30,100,308
24.000070,-198,2985,16091,-4,69,308,-10,102,302
24.010066,-213,3030,16077,-9,66,293,-15,99,287
24.020066,-190,3073,16108,-15,56,262,-21,89,256
24.030073,-216,3237,16052,-17,51,247,-23,84,241
24.040071,-175,3605,15909,-61,44,223,-67,77,217
24.050071,199,4133,15866,-333,-2,-35,-339,31,-41
24.060070,455,3937,15925,-421,-15,-212,-427,18,-218
24.070070,210,3476,16106,-394,-71,-290,-400,-38,-296
24.080075,33,3177,16322,-349,-49,-241,-355,-16,-247
24.090065,-191,2767,16274,-225,40,-33,-231,73,-39
24.100063,-399,2433,16050,-126,31,76,-132,64,70
24.110065,-487,2503,15817,-49,-37,167,-55,-4,161
24.120064,-425,2598,16351,96,-95,247,90,-62,241
24.130064,-387,2581,16268,170,-71,219,164,-38,213
24.140064,-571,2787,16140,189,-38,206,183,-5,200
24.150064,-556,2840,16109,158,-28,212,152,5,206
24.160064,-527,2880,16129,123,-19,214,117,14,208
24.170063,-472,3005,16082,105,-16,220,99,17,214
24.180063,-433,3094,16036,67,-16,222,61,17,216
24.190166,-335,3178,15997,-60,-20,220,-66,13,214
24.200072,-292,3133,16049,-107,-19,233,-113,14,227
24.210071,-304,3220,16041,-155,-21,240,-161,12,234
24.220070,-227,3267,16053,-179,-27,225,-185,6,219
24.230070,-140,3249,16021,-201,-38,199,-207,-5,193
24.240070,-23,3138,15972,-271,-77,98,-277,-44,92
24.250070,-141,2957,15988,-326,-95,62,-332,-62,56
24.260070,-382,2557,16257,-383,-113,-51,-389,-80,-57
24.270067,-120,2785,16143,-324,-105,-59,-330,-72,-65
24.280070,-60,2880,16133,-274,-114,-114,-280,-81,-120
24.290066,13,2887,16048,-279,-118,-119,-285,-85,-125
24.300070,-80,2696,16112,-294,-118,-117,-300,-85,-123
24.310070,-161,2296,16284,-256,-113,-116,-262,-80,-122
24.320070,-206,2166,16257,-219,-99,-107,-225,-66,-113
24.330069,-302,2186,16241,-160,-84,-83,-166,-51,-89
24.340069,-313,2075,16263,-161,-79,-64,-167,-46,-70
24.350070,-333,2005,16268,-111,-72,-32,-117,-39,-38
24.360070,-318,1997,16344,-67,-60,-14,-73,-27,-20
24.370070,-306,2101,16297,-20,-51,-9,-26,-18,-15
24.380068,-269,2244,16226,2,-41,-3,-4,-8,-9
24.390069,-247,2266,16230,0,-39,-4,-6,-6,-10
24.400071,-204,2293,16273,4,-34,-2,-2,-1,-8
24.410069,-248,2283,16342,-4,-15,-6,-10,18,-12
24.420070,-287,2327,16333,-28,48,-19,-34,81,-25
24.430069,-235,2511,16315,-26,87,-20,-32,120,-26
24.440069,-275,2550,16230,-16,118,-23,-22,151,-29
24.450070,-229,2552,16339,13,172,22,7,205,16
24.460070,-647,2225,16289,25,236,111,19,269,105
24.470066,-635,2499,16299,13,289,168,7,322,162
24.480067,-389,2915,16154,-2,310,144,-8,343,138
24.490066,-226,3061,16068,-12,319,130,-18,352,124
24.500069,-314,2895,15832,-5,257,105,-11,290,99
24.510069,-377,2935,15816,5,173,82,-1,206,76
24.520069,-429,3030,15858,-43,19,44,-49,52,38
24.530069,-449,3032,15916,-85,-37,23,-91,-4,17
24.540070,-450,2827,15988,-149,-120,-43,-155,-87,-49
24.550069,-608,2829,16010,-171,-145,-64,-177,-112,-70
24.560070,-661,2688,16063,-191,-166,-69,-197,-133,-75
24.570069,-519,2571,16230,-220,-168,-76,-226,-135,-82
24.580069,-491,2364,16292,-335,-147,-51,-341,-114,-57
24.590069,-629,2576,16096,-572,-107,0,-578,-74,-6
24.600070,-814,2664,16144,-601,-103,32,-607,-70,26
24.610068,-919,2725,16105,-517,-53,213,-523,-20,207
24.620074,-905,2592,16050,-465,-33,331,-471,0,325
24.630069,-801,2425,16076,-445,-24,443,-451,9,437
24.640069,-397,1973,16287,-412,-6,578,-418,27,572
24.650069,-198,1790,16406,-331,19,587,-337,52,581
24.660066,-66,1579,16489,-89,86,536,-95,119,530
24.670070,42,1667,16458,20,114,487,14,147,481
24.680069,-67,1818,16351,180,143,414,174,176,408
24.690065,-108,2145,16219,219,144,382,213,177,376
24.700063,-222,2228,16147,224,149,371,218,182,365
24.710064,-328,2328,16182,196,133,335,190,166,329
24.720063,-441,2408,16213,215,139,320,209,172,314
24.730062,-455,2467,16216,288,195,339,282,228,333
24.740093,-507,2472,16172,282,209,346,276,242,340
24.750065,-330,2321,16217,246,200,332,240,233,326
24.760064,-317,2127,16190,193,123,280,187,156,274
24.770063,-166,2015,16240,214,96,243,208,129,237
24.780064,-243,2075,16178,316,104,200,310,137,194
24.790070,-237,2076,16055,358,115,192,352,148,186
24.800151,-203,2140,15903,364,91,155,358,124,149
24.810069,-175,2197,15658,317,57,128,311,90,122
24.820093,-290,2187,15680,233,20,101,227,53,95
24.830091,-433,2393,15558,93,-16,67,87,17,61
24.840071,-603,2383,15511,106,21,70,100,54,64
24.850070,-313,2405,14654,214,203,144,208,236,138
24.860070,-335,2205,14358,254,327,175,248,360,169
24.870069,439,1593,12658,188,871,142,182,904,136
24.880092,1041,1332,11182,140,1330,149,134,1363,143
24.890066,-3,1958,12116,247,1686,276,241,1719,270
24.900063,566,1392,11254,436,2653,348,430,2686,342
24.910058,160,1398,11599,407,3144,443,401,3177,437
24.920059,-14,1428,12276,388,3703,490,382,3736,484
24.930058,-817,1463,13634,393,3793,468,387,3826,462
24.940059,-1336,1647,14218,317,3756,429,311,3789,423
24.950057,-2158,1794,15168,-193,3288,314,-199,3321,308
24.960058,-2332,1515,15515,-569,2892,208,-575,2925,202
24.970058,-2673,666,16321,-1111,1986,-157,-1117,2019,-163
24.980060,-3169,751,16619,-1124,1599,-352,-1130,1632,-358
24.990059,-3897,1382,16868,-682,1035,-503,-688,1068,-509
25.000079,-5125,3892,16402,-384,807,-360,-390,840,-366
25.010064,-5248,4754,15784,-233,594,-87,-239,627,-93
25.020070,-4231,4141,14208,-326,197,576,-332,230,570
25.030069,-4299,2656,14381,-476,148,856,-482,181,850
25.040066,-5458,611,21647,-471,-620,1083,-477,-587,1077
25.050071,-5583,1057,25043,-334,-817,1120,-340,-784,1114
25.060069,-4521,2213,27577,-88,280,802,-94,313,796
25.070066,-9435,6621,28575,-601,192,836,-607,225,830
25.080069,-8401,6130,26123,-978,-534,892,-984,-501,886
25.090131,-4949,4567,17276,-987,-2507,921,-993,-2474,915
25.100067,-2743,4062,12131,-755,-2864,924,-761,-2831,918
25.110061,597,3672,6100,-321,-1754,967,-327,-1721,961
25.120068,470,4075,6570,-178,-638,952,-184,-605,946
25.130158,-33,4371,7508,-424,1542,986,-430,1575,980
25.140077,-1834,2371,13589,-508,2217,934,-514,2250,928
25.150063,-3210,1406,18005,-505,2447,844,-511,2480,838
25.160066,-5471,444,23151,-354,1757,549,-360,1790,543
25.170064,-5648,248,23311,-327,1120,382,-333,1153,376
25.180064,-5222,53,22322,-139,-11,52,-145,22,46
25.190064,-4195,38,19174,101,-396,-60,95,-363,-66
25.200066,-3483,143,17347,312,-622,-121,306,-589,-127
25.210119,-2152,313,14737,411,-585,-230,405,-552,-236
25.220067,-1868,532,14303,335,-434,-294,329,-401,-300
25.230063,-3226,2172,15364,316,-211,-196,310,-178,-202
25.240066,-3658,2617,16199,418,-313,-110,412,-280,-116
25.250064,-3665,2298,17057,396,-632,-128,390,-599,-134
25.260066,-3769,2554,17474,310,-805,-151,304,-772,-157
25.270077,-3330,2655,16524,279,-866,-156,273,-833,-162
25.280070,-2089,2532,14565,386,-680,-129,380,-647,-135
25.290062,-1697,2496,13791,403,-499,-134,397,-466,-140
25.300071,-1433,2576,13483,299,-146,-187,293,-113,-193
25.310063,-1414,2599,13458,290,8,-197,284,41,-203
25.320065,-1238,2538,13293,414,508,-159,408,541,-165
25.330063,-1172,2332,13395,481,815,-147,475,848,-153
25.340060,-1382,2170,13794,539,1093,-159,533,1126,-165
25.350060,-3388,2283,19824,317,356,-282,311,389,-288
25.360063,-4235,2691,20127,480,-215,-455,474,-182,-461
25.370063,-4886,3823,18888,558,-949,-533,552,-916,-539
25.380064,-4946,3994,18879,640,-1116,-424,634,-1083,-430
25.390062,-4891,4009,18350,744,-1152,-186,738,-1119,-192
25.400064,-4258,3983,17185,699,-1084,-46,693,-1051,-52
25.410064,-3687,3676,16615,655,-1015,60,649,-982,54
25.420069,-2570,2985,15533,566,-844,107,560,-811,101
25.430068,-2171,2900,14973,516,-746,74,510,-713,68
25.440068,-1948,2845,14664,394,-596,-47,388,-563,-53
25.450068,-1809,2713,14458,294,-548,-129,288,-515,-135
25.460068,-1727,2706,14468,191,-539,-218,185,-506,-224
25.470088,-2002,2532,15063,52,-551,-356,46,-518,-362
25.480070,-2060,2491,15237,8,-543,-390,2,-510,-396
25.490066,-2049,2392,15504,-87,-473,-382,-93,-440,-388
25.500063,-1877,1763,15789,-178,-460,-422,-184,-427,-428
25.510069,-1526,1820,15729,-358,-394,-532,-364,-361,-538
25.520061,-1577,1994,15541,-373,-316,-558,-379,-283,-564
25.530063,-1737,2095,15670,-345,-196,-542,-351,-163,-548
25.540060,-2159,2212,16248,-193,9,-427,-199,42,-433
25.550062,-2211,2087,16349,-124,56,-347,-130,89,-353
25.560060,-1908,1568,16265,5,133,-219,-1,166,-225
25.570062,-1781,1341,16295,52,150,-208,46,183,-214
25.580060,-1693,1240,16301,80,12,-303,74,45,-309
25.590062,-1614,1240,16012,35,-89,-392,29,-56,-398
25.600088,-1653,1233,15936,-44,-179,-483,-50,-146,-489
25.610212,-2500,2069,16827,-236,-408,-561,-242,-375,-567
25.620128,-3015,2538,17012,-196,-458,-557,-202,-425,-563
25.630164,-3447,3314,17119,42,-294,-336,36,-261,-342
25.640091,-3496,3541,17052,206,-233,-182,200,-200,-188
25.650146,-3334,3570,16782,318,-158,62,312,-125,56
25.660074,-2931,3572,16322,296,-144,139,290,-111,133
25.670146,-2782,3520,16257,246,-153,178,240,-120,172
25.680074,-2723,3440,16449,95,-275,178,89,-242,172
25.690070,-2727,3543,16411,41,-331,164,35,-298,158
25.700070,-2666,3663,16165,2,-373,192,-4,-340,186
25.710076,-2570,3861,15843,-24,-360,226,-30,-327,220
25.720072,-2417,3779,15631,-70,-353,264,-76,-320,258
25.730061,-2312,3537,15761,-136,-302,315,-142,-269,309
25.740074,-2239,3338,16028,-152,-313,335,-158,-280,329
25.750137,-2103,2999,16433,-156,-447,329,-162,-414,323
25.760083,-1985,2856,16484,-155,-545,310,-161,-512,304
25.770080,-1765,2663,16354,-154,-702,234,-160,-669,228
25.780074,-1475,2559,15926,-162,-678,185,-168,-645,179
25.790040,-1387,2747,15723,-161,-606,187,-167,-573,181
25.800039,-1348,2774,15732,-68,-478,231,-74,-445,225
25.810038,-1358,2722,15981,-4,-428,251,-10,-395,245
25.820039,-1351,2637,16274,70,-475,247,64,-442,241
25.830041,-1285,2518,16414,69,-542,227,63,-509,221
25.840040,-1197,2496,16230,55,-573,211,49,-540,205
25.850040,-602,1799,16022,-60,-533,88,-66,-500,82
25.860039,-583,1661,15758,-106,-517,49,-112,-484,43
25.870040,-774,2039,15908,-111,-573,0,-117,-540,-6
25.880039,-887,2069,16081,-149,-616,-9,-155,-583,-15
25.890040,-843,2060,16094,-230,-755,-87,-236,-722,-93
25.900039,-720,1960,16181,-242,-801,-118,-248,-768,-124
25.910041,-619,1719,15811,-206,-811,-130,-212,-778,-136
25.920039,-429,1569,16073,21,-647,-91,15,-614,-97
25.930041,-558,1660,16187,169,-502,-68,163,-469,-74
25.940039,-339,1845,15361,300,-207,-53,294,-174,-59
25.950040,-428,1923,15296,289,-57,-78,283,-24,-84
25.960039,-431,2072,15113,233,142,-159,227,175,-165
25.970039,-725,2742,15046,196,163,-193,190,196,-199
25.980038,-866,2939,14791,151,164,-214,145,197,-220
25.990040,-1283,3721,14499,28,148,-197,22,181,-203
26.000039,-1464,3774,14743,-18,127,-167,-24,160,-173
26.010040,-1628,4005,15123,4,72,-102,-2,105,-108
26.020040,-1685,4133,15203,40,26,-48,34,59,-54
26.030040,-1657,4197,15305,39,-41,77,33,-8,71
26.040040,-1416,4154,15478,30,-65,141,24,-32,135
26.050040,-1210,3863,15739,26,-75,193,20,-42,187
26.060040,-577,2957,15955,-43,-91,113,-49,-58,107
26.070039,-533,2907,15951,-14,-130,68,-20,-97,62
26.080040,-572,2945,15931,-62,-182,6,-68,-149,0
26.090039,-582,3093,15976,-119,-189,0,-125,-156,-6
26.100040,-580,3150,16015,-152,-189,13,-158,-156,7
26.110040,-677,3301,16077,-131,-167,79,-137,-134,73
26.120040,-703,3274,16082,-110,-144,123,-116,-111,117
26.130039,-742,3163,16037,-119,-83,191,-125,-50,185
26.140040,-777,3155,15997,-154,-60,206,-160,-27,200
26.150040,-798,3195,15987,-255,-21,204,-261,12,198
26.160040,-897,3169,16064,-288,0,199,-294,33,193
26.170039,-883,3016,16135,-309,26,180,-315,59,174
26.180042,-925,2618,16130,-372,82,81,-378,115,75
26.190040,-929,2500,16048,-434,98,14,-440,131,8
26.200040,-992,2380,16098,-588,111,-94,-594,144,-100
26.210040,-1060,2383,16114,-620,111,-137,-626,144,-143
26.220039,-1185,2447,16112,-658,120,-150,-664,153,-156
26.230040,-1117,2298,16182,-652,128,-150,-658,161,-156
26.240039,-1155,2229,16224,-611,133,-152,-617,166,-158
26.250039,-1108,1864,16164,-517,105,-143,-523,138,-149
26.260040,-1069,1693,16135,-516,82,-146,-522,115,-152
26.270039,-1039,1562,16340,-549,36,-216,-555,69,-222
26.280047,-1071,1611,16443,-509,31,-257,-515,64,-263
26.290041,-1115,1702,16435,-359,45,-287,-365,78,-293
26.300039,-1174,1811,16318,-304,55,-278,-310,88,-284
26.310039,-1179,1747,16296,-266,61,-266,-272,94,-272
26.320040,-1097,1575,16383,-269,87,-271,-275,120,-277
26.330039,-1070,1487,16383,-270,98,-292,-276,131,-298
26.340039,-1042,1514,16371,-260,81,-357,-266,114,-363
26.350039,-1176,1752,16329,-273,58,-389,-279,91,-395
26.360040,-1305,1857,16330,-300,38,-402,-306,71,-408
26.370040,-1384,1771,16454,-278,30,-386,-284,63,-392
26.380040,-1449,1790,16412,-212,21,-363,-218,54,-369
26.390040,-1556,1933,16225,-66,-45,-295,-72,-12,-301
26.400040,-1579,1940,16152,-7,-102,-255,-13,-69,-261
26.410040,-1608,1843,16127,31,-216,-198,25,-183,-204
26.420039,-1509,1754,16116,10,-264,-181,4,-231,-187
26.430039,-1452,1706,16083,-33,-326,-172,-39,-293,-178
26.440039,-1401,1515,16124,-146,-468,-163,-152,-435,-169
26.450040,-1303,1531,16138,-186,-522,-169,-192,-489,-175
26.460039,-1356,1864,15900,-246,-616,-189,-252,-583,-195
26.470040,-1345,2045,15767,-312,-664,-191,-318,-631,-197
26.480040,-1350,2106,15704,-500,-765,-134,-506,-732,-140
26.490038,-1426,2078,15990,-555,-816,-94,-561,-783,-100
26.500040,-1387,1995,16194,-544,-861,-50,-550,-828,-56
26.510039,-1285,1756,16603,-328,-908,37,-334,-875,31
26.520051,-1226,1633,16711,-188,-919,87,-194,-886,81
26.530040,-946,1298,16604,61,-945,143,55,-912,137
26.540039,-829,1231,16572,165,-960,148,159,-927,142
26.550040,-754,1215,16415,253,-960,150,247,-927,144
26.560040,-665,1473,16055,254,-838,156,248,-805,150
26.570039,-588,1533,16000,214,-747,178,208,-714,172
26.580039,-495,1654,16094,141,-667,267,135,-634,261
26.590053,-450,1638,16143,95,-701,310,89,-668,304
26.600055,-361,1638,16052,-15,-813,349,-21,-780,343
26.610041,7,1628,16308,-73,-900,350,-79,-867,344
26.620039,508,1451,17148,-145,-891,335,-151,-858,329
26.630039,289,1510,16781,-48,-661,330,-54,-628,324
26.640039,548,1651,16604,7,-587,346,1,-554,340
26.650040,1070,1517,16473,113,-478,377,107,-445,371
26.660040,1205,1434,16449,172,-440,376,166,-407,370
26.670039,1299,1356,16495,231,-409,316,225,-376,310
26.680039,1172,1367,16318,227,-407,256,221,-374,250
26.690039,1206,1457,16098,191,-401,167,185,-368,161
26.700040,1140,2302,15859,122,-334,89,116,-301,83
26.710038,975,2456,15861,108,-295,59,102,-262,53
26.720039,718,2278,16109,110,-233,5,104,-200,-1
26.730040,639,2279,16123,122,-224,-3,116,-191,-9
26.740039,660,2120,16204,58,-222,-23,52,-189,-29
26.750040,928,1897,16129,23,-221,-35,17,-188,-41
26.760039,970,1805,16033,-38,-212,-59,-44,-179,-65
26.770039,816,1710,15959,-318,-162,-80,-324,-129,-86
26.780039,712,1599,16057,-506,-132,-70,-512,-99,-76
26.790038,592,1534,16167,-802,-104,-34,-808,-71,-40
26.800038,473,1394,16210,-885,-96,-6,-891,-63,-12
26.810038,324,1389,16158,-946,-79,46,-952,-46,40
26.820040,632,1193,16367,-1049,-46,185,-1055,-13,179
26.830038,873,1006,16535,-1015,-59,204,-1021,-26,198
26.840039,977,1053,16501,-768,-112,147,-774,-79,141
26.850039,930,1087,16437,-649,-132,123,-655,-99,117
26.860039,814,1057,16396,-475,-164,82,-481,-131,76
26.870040,613,834,16483,-375,-176,64,-381,-143,58
26.880038,518,779,16539,-263,-191,53,-269,-158,47
26.890038,634,652,16680,21,-241,36,15,-208,30
26.900039,712,664,16663,208,-273,13,202,-240,7
26.910039,647,777,16589,499,-336,-53,493,-303,-59
26.920039,636,855,16569,559,-363,-83,553,-330,-89
26.930039,578,940,16523,545,-404,-98,539,-371,-104
26.940039,461,1282,16334,514,-414,-72,508,-381,-78
26.950039,610,1454,16306,487,-416,-34,481,-383,-40
26.960039,579,1534,16449,559,-426,62,553,-393,56
26.970039,528,1554,16398,625,-444,123,619,-411,117
26.980039,718,1523,16243,618,-456,257,612,-423,251
26.990038,836,1585,16175,586,-455,297,580,-422,291
27.000039,910,1666,16088,452,-441,362,446,-408,356
27.010039,1134,1692,16080,367,-428,387,361,-395,381
27.020056,1163,1697,16142,301,-421,398,295,-388,392
27.030041,961,1704,16228,236,-421,428,230,-388,422
27.040039,749,1751,16306,229,-429,438,223,-396,432
27.050038,651,1759,16382,214,-470,491,208,-437,485
27.060037,742,1766,16401,201,-490,529,195,-457,523
27.070038,873,1830,16329,205,-517,560,199,-484,554
27.080039,1178,1678,16274,246,-554,628,240,-521,622
27.090039,1171,1636,16269,269,-568,645,263,-535,639
27.100039,1363,1713,16391,308,-604,643,302,-571,637
27.110039,1365,1805,16421,326,-632,617,320,-599,611
27.120038,1275,1964,16365,355,-690,567,349,-657,561
27.130039,1293,2170,16216,339,-711,564,333,-678,558
27.140039,1372,2120,16157,305,-730,563,299,-697,557
27.150039,1648,2031,16025,209,-738,544,203,-705,538
27.160039,1636,2082,15939,148,-732,526,142,-699,520
27.170038,1806,2235,15910,40,-714,484,34,-681,478
27.180038,1774,2301,15855,-2,-705,481,-8,-672,475
27.190038,1801,2255,15933,-140,-679,504,-146,-646,498
27.200039,1959,2032,16074,-198,-668,517,-204,-635,511
27.210039,2030,1946,16131,-222,-674,529,-228,-641,523
27.220037,2217,1562,16292,-183,-707,584,-189,-674,578
27.230039,2273,1408,16392,-145,-734,595,-151,-701,589
27.240039,2386,1326,16298,-29,-794,619,-35,-761,613
27.250039,2464,1397,16239,21,-820,625,15,-787,619
27.260039,2494,1409,16217,167,-853,574,161,-820,568
27.270038,2573,1510,16058,239,-862,531,233,-829,525
27.280044,2793,1589,16022,281,-861,506,275,-828,500
27.290040,2856,1741,15897,296,-847,473,290,-814,467
27.300038,2879,1942,15845,277,-833,457,271,-800,451
27.310038,2834,2117,15812,237,-812,382,231,-779,376
27.320038,2878,2228,15867,214,-808,351,208,-775,345
27.330039,2875,2208,15931,186,-814,334,180,-781,328
27.340038,2907,2064,16019,182,-846,316,176,-813,310
27.350039,3005,1927,15966,183,-864,309,177,-831,303
27.360039,3187,1769,15837,112,-869,317,106,-836,311
27.370039,3222,1714,15881,75,-860,320,69,-827,314
27.380038,3129,1776,15894,115,-848,352,109,-815,346
27.390039,3155,1695,15898,181,-844,389,175,-811,383
27.400040,3258,1574,15908,280,-841,439,274,-808,433
27.410038,3529,1433,15770,503,-826,537,497,-793,531
27.420039,3646,1381,15714,514,-795,558,508,-762,552
27.430039,3907,1974,15631,509,-741,566,503,-708,560
27.440038,4103,2167,15483,537,-726,555,531,-693,549
27.450039,4331,2249,15378,480,-663,476,474,-630,470
27.460038,4562,2635,15147,403,-623,411,397,-590,405
27.470038,4529,2859,15078,304,-585,348,298,-552,342
27.480038,4509,2829,15084,39,-506,230,33,-473,224
27.490038,4509,2728,15098,-71,-465,181,-77,-432,175
27.500038,4571,2453,15109,-238,-375,116,-244,-342,110
27.510038,4618,2289,15193,-314,-325,101,-320,-292,95
27.520038,4620,2145,15280,-422,-228,75,-428,-195,69
27.530039,4572,2036,15430,-415,-187,93,-421,-154,87
27.540037,4624,1918,15535,-321,-159,119,-327,-126,113
27.550039,4671,1699,15525,-87,-112,169,-93,-79,163
27.560038,4694,1510,15522,-19,-84,165,-25,-51,159
27.570039,4650,1434,15483,-8,-7,114,-14,26,108
27.580039,4474,1570,15588,-30,28,87,-36,61,81
27.590039,4345,1682,15657,-25,46,52,-31,79,46
27.600038,4131,1642,15746,100,62,2,94,95,-4
27.610038,4214,1682,15652,209,66,-20,203,99,-26
27.620039,4396,1895,15422,277,110,-55,271,143,-61
27.630038,4423,1965,15365,244,146,-69,238,179,-75
27.640038,4478,2082,15310,140,218,-82,134,251,-88
27.650041,4341,2183,15383,94,248,-91,88,281,-97
27.660039,4230,2273,15408,49,271,-93,43,304,-99
27.670038,4104,2423,15374,-173,312,-78,-179,345,-84
27.680038,4111,2432,15372,-342,335,-67,-348,368,-73
27.690038,4010,2084,15480,-702,364,-129,-708,397,-135
27.700037,3907,1804,15599,-858,368,-195,-864,401,-201
27.710038,3760,1835,15764,-1014,359,-295,-1020,392,-301
27.720038,3606,1532,15993,-1012,348,-312,-1018,381,-318
27.730038,3652,1333,16053,-981,327,-323,-987,360,-329
27.740038,3919,1003,15932,-870,288,-382,-876,321,-388
27.750038,4094,847,15791,-882,279,-464,-888,312,-470
27.760038,3926,1152,15839,-970,278,-601,-976,311,-607
27.770038,3802,1089,15842,-980,286,-643,-986,319,-649
27.780038,3706,1150,15829,-978,293,-680,-984,326,-686
27.790038,3431,1724,15950,-1023,340,-722,-1029,373,-728
27.800038,3448,1876,15990,-1014,320,-626,-1020,353,-632
27.810039,3453,1667,15786,-955,293,-553,-961,326,-559
27.820039,3301,1351,15884,-976,289,-550,-982,322,-556
27.830038,3159,1002,16043,-867,276,-487,-873,309,-493
27.840038,3068,395,16367,-747,260,-433,-753,293,-439
27.850038,3177,196,16328,-602,240,-375,-608,273,-381
27.860037,3848,-133,15963,-400,226,-346,-406,259,-352
27.870038,3857,-137,16007,-329,247,-459,-335,280,-465
27.880038,3531,119,15862,-232,219,-619,-238,252,-625
27.890037,3548,134,15643,-243,233,-717,-249,266,-723
27.900037,3325,716,16007,-318,224,-782,-324,257,-788
27.910038,3098,1180,15939,-293,218,-766,-299,251,-772
27.920038,2998,1686,16140,-254,236,-712,-260,269,-718
27.930038,3019,2079,15935,-162,221,-329,-168,254,-335
27.940038,3251,1669,15875,-128,223,-156,-134,256,-162
27.950038,3504,1006,15888,-218,235,-2,-224,268,-8
27.960038,3259,723,16017,-183,243,36,-189,276,30
27.970039,2975,531,16124,97,237,88,91,270,82
27.980038,2746,542,16166,186,230,115,180,263,109
27.990037,2756,703,16073,197,220,132,191,253,126
28.000038,2898,801,15897,73,201,81,67,234,75
28.010038,2857,728,15943,32,196,10,26,229,4
28.020038,2810,697,16042,113,169,-151,107,202,-157
28.030039,2745,959,16154,192,145,-184,186,178,-190
28.040037,2847,1047,16100,257,128,-182,251,161,-188
28.050038,3088,927,15989,300,131,-156,294,164,-162
28.060038,3140,923,15955,307,141,-146,301,174,-152
28.070036,3012,1368,15729,280,160,-131,274,193,-137
28.080037,3050,1510,15678,200,174,-123,194,207,-129
28.090048,3089,1493,15669,-35,213,-118,-41,246,-124
28.100037,3137,1248,15600,-210,245,-106,-216,278,-112
28.110038,3228,962,15626,-356,291,-61,-362,324,-67
28.120038,3242,699,15769,-434,402,82,-440,435,76
28.130038,3159,712,15837,-484,441,118,-490,474,112
28.140038,2956,597,16090,-545,473,143,-551,506,137
28.150037,2885,458,16168,-501,472,139,-507,505,133
28.160053,2812,418,16224,-284,445,109,-290,478,103
28.170049,2685,477,16215,-177,427,81,-183,460,75
28.180039,2769,553,16144,-108,413,45,-114,446,39
28.190037,2658,705,15960,-56,406,-33,-62,439,-39
28.200037,2610,796,15895,-38,413,-72,-44,446,-78
28.210037,2736,727,15888,-76,443,-149,-82,476,-155
28.220038,2838,599,15876,-88,461,-186,-94,494,-192
28.230037,2890,489,15829,-160,531,-221,-166,564,-227
28.240039,2985,239,15840,-190,571,-228,-196,604,-234
28.250037,2916,105,15874,-197,616,-247,-203,649,-253
28.260038,2748,-263,16292,-191,708,-256,-197,741,-262
28.270037,2442,-302,16293,-201,744,-317,-207,777,-323
28.280043,2146,164,16390,-336,779,-402,-342,812,-408
28.290038,1842,0,16373,-364,785,-410,-370,818,-416
28.300036,1799,102,16378,-348,786,-410,-354,819,-416
28.310037,1569,281,16315,-317,784,-402,-323,817,-408
28.320038,1379,277,16381,-339,772,-411,-345,805,-417
28.330037,1389,-13,16462,-290,732,-393,-296,765,-399
28.340038,1428,-85,16375,-219,716,-368,-225,749,-374
28.350037,1302,-287,16313,-78,700,-336,-84,733,-342
28.360038,1174,-454,16365,28,689,-353,22,722,-359
28.370038,1067,-345,16304,117,666,-385,111,699,-391
28.380037,551,482,16398,262,582,-400,256,615,-406
28.390037,428,819,16454,318,524,-322,312,557,-328
28.400039,357,717,16391,392,457,-137,386,490,-143
28.410037,433,529,16443,390,421,-80,384,454,-86
28.420037,445,514,16303,241,341,-48,235,374,-54
28.430037,601,265,16318,164,301,-88,158,334,-94
28.440038,723,178,16343,81,266,-140,75,299,-146
28.450036,897,-1,16323,-28,224,-277,-34,257,-283
28.460038,827,234,16215,-6,222,-342,-12,255,-348
28.470037,946,1499,16062,172,259,-282,166,292,-288
28.480334,917,1867,15985,340,305,-176,334,338,-182
28.490188,921,2100,15903,692,423,65,686,456,59
28.500060,915,2048,15920,817,483,170,811,516,164
28.510042,953,1950,15836,887,538,224,881,571,218
28.520037,911,1992,15356,893,735,322,887,768,316
28.530037,526,1847,15687,801,933,392,795,966,386
28.540038,920,1386,16284,435,856,334,429,889,328
28.550038,1318,844,16439,251,793,223,245,826,217
28.560038,1272,777,16357,89,742,124,83,775,118
28.570038,1138,850,16234,-176,684,-19,-182,717,-25
28.580038,1083,990,16127,-235,687,-44,-241,720,-50
28.590037,849,1260,16097,-93,763,14,-99,796,8
28.600042,629,1071,16799,8,808,79,2,841,73
28.610038,212,1140,16792,126,801,193,120,834,187
28.620037,306,1433,16428,29,791,227,23,824,221
28.630037,383,1522,16297,-101,801,244,-107,834,238
28.640036,-238,1340,17014,-319,786,201,-325,819,195
28.650038,-596,1553,17132,-358,662,195,-364,695,189
28.660037,-571,1524,16806,-466,390,242,-472,423,236
28.670037,-546,1360,16624,-521,298,215,-527,331,209
28.680074,-505,1509,16562,-588,178,263,-594,211,257
28.690068,-451,1181,16500,-532,147,337,-538,180,331
28.700040,-395,1053,16444,-442,134,371,-448,167,365
28.710035,-262,680,16427,-289,108,340,-295,141,334
28.720075,-236,564,16413,-236,93,267,-242,126,261
28.730071,-314,453,16403,-202,89,122,-208,122,116
28.740069,-359,365,16438,-183,83,76,-189,116,70
28.750072,-397,285,16455,-83,60,16,-89,93,10
28.760082,-362,187,16439,-32,46,-10,-38,79,-16
28.770072,-350,137,16421,9,35,-35,3,68,-41
28.780071,-264,-67,16433,88,18,-72,82,51,-78
28.790061,-125,-137,16421,139,23,-75,133,56,-81
28.800038,-79,-141,16423,245,51,-89,239,84,-95
28.810036,-491,123,16411,285,36,-93,279,69,-99
28.820035,-398,305,16439,309,15,-84,303,48,-90
28.830034,-323,483,16395,373,-11,-69,367,22,-75
28.840039,-270,563,16348,374,-19,-64,368,14,-70
28.850039,-228,724,16291,334,-31,-71,328,2,-77
28.860037,-194,908,16231,308,-30,-79,302,3,-85
28.870036,-394,932,16378,261,-47,-89,255,-14,-95
28.880037,-453,1311,16273,273,-53,-58,267,-20,-64
28.890038,-363,1386,16299,271,-53,-3,265,-20,-9
28.900037,-288,1276,16227,227,-43,75,221,-10,69
28.910036,-224,1227,16207,155,-35,86,149,-2,80
28.920038,-196,918,16252,-25,-33,-11,-31,0,-17
28.930036,-84,1110,16270,-113,-33,-88,-119,0,-94
28.940037,25,1355,16289,-200,-36,-101,-206,-3,-107
28.950036,-325,1519,16289,-163,-29,-64,-169,4,-70
28.960037,-159,789,15991,-149,-39,-54,-155,-6,-60
28.970036,-96,748,16269,-289,-16,-241,-295,17,-247
28.980037,-64,696,16270,-356,-12,-291,-362,21,-297
28.990036,-208,552,16315,-418,-14,-376,-424,19,-382
29.000036,-118,547,16331,-437,-12,-390,-443,21,-396
29.010038,-17,434,16330,-452,-10,-411,-458,23,-417
29.020038,-188,477,16359,-425,-16,-425,-431,17,-431
29.030036,-327,562,16357,-407,-13,-407,-413,20,-413
29.040038,-427,595,16401,-332,-15,-326,-338,18,-332
29.050071,-430,564,16402,-270,-20,-291,-276,13,-297
29.060076,-573,635,16401,-97,-37,-216,-103,-4,-222
29.070080,-340,925,16326,-49,-42,-178,-55,-9,-184
29.080054,-261,1003,16270,-50,-43,-163,-56,-10,-169
29.090055,-164,987,16094,-216,-32,-232,-222,1,-238
29.100051,-270,628,16209,-346,-20,-249,-352,13,-255
29.110072,-379,356,16264,-404,-15,-327,-410,18,-333
29.120070,-333,482,16264,-411,-16,-356,-417,17,-362
29.130064,-407,618,16260,-457,-9,-383,-463,24,-389
29.140053,-257,1334,16178,-545,7,-333,-551,40,-339
29.150090,-128,1519,16160,-658,25,-249,-664,58,-255
29.160081,-176,1134,16307,-886,66,-47,-892,99,-53
29.170079,-293,831,16427,-905,78,64,-911,111,58
29.180068,-408,358,16392,-808,73,224,-814,106,218
29.190037,-429,255,16339,-769,72,264,-775,105,258
29.200035,-463,196,16272,-782,82,354,-788,115,348
29.210035,-544,-108,16321,-807,88,418,-813,121,412
29.220038,-504,-164,16350,-805,88,461,-811,121,455
29.230038,-467,-412,16323,-784,81,527,-790,114,521
29.240037,-465,-514,16337,-761,74,557,-767,107,551
29.250036,-402,-590,16379,-622,46,498,-628,79,492
29.260037,-601,-763,16340,-552,27,483,-558,60,477
29.270036,-614,-805,16315,-505,16,483,-511,49,477
29.280041,-436,-770,16303,-460,-2,460,-466,31,454
29.290037,-368,-801,16311,-433,-8,429,-439,25,423
29.300037,-193,-700,16256,-414,-12,355,-420,21,349
29.310038,-208,-633,16269,-440,-8,310,-446,25,304
29.320038,-281,-649,16285,-462,-8,235,-468,25,229
29.330037,-498,-435,16489,-417,-3,163,-423,30,157
29.340037,-521,-448,16426,-344,-5,83,-350,28,77
29.350037,-564,-537,16289,-267,-6,-58,-273,27,-64
29.360037,-562,-639,16291,-262,-5,-96,-268,28,-102
29.370037,-542,-704,16292,-268,-1,-130,-274,32,-136
29.380040,-556,-804,16271,-282,3,-145,-288,36,-151
29.390037,-573,-906,16241,-310,7,-173,-316,40,-179
29.400038,-486,-888,16235,-342,11,-174,-348,44,-180
29.410036,-473,-812,16255,-376,16,-175,-382,49,-181
29.420037,-424,-753,16356,-400,21,-163,-406,54,-169
29.430037,-451,-895,16379,-378,18,-138,-384,51,-144
29.440037,-441,-692,16078,-377,24,-106,-383,57,-112
29.450037,-504,-1071,16116,-531,39,-92,-537,72,-98
29.460037,-505,-1292,16159,-611,20,-31,-617,53,-37
29.470037,-118,-1056,16318,-585,13,-4,-591,46,-10
29.480036,-181,-915,16338,-554,5,27,-560,38,21
29.490037,-336,-963,16315,-538,9,67,-544,42,61
29.500036,-343,-1000,16320,-541,15,77,-547,48,71
29.510036,-212,-962,16355,-429,20,169,-435,53,163
29.520036,-412,-1200,16344,-305,16,246,-311,49,240
29.530037,-556,-1450,16307,-185,15,306,-191,48,300
29.540036,-650,-1501,16108,-180,14,302,-186,47,296
29.550055,-474,-1381,15983,-198,18,327,-204,51,321
29.560038,-767,-1935,15830,-330,64,324,-336,97,318
29.570039,-811,-1598,15783,-564,71,249,-570,104,243
29.580061,-717,-1528,15923,-1002,84,210,-1008,117,204
29.590051,-644,-1498,16027,-1114,93,165,-1120,126,159
29.600037,-697,-1367,15990,-1209,104,126,-1215,137,120
29.610038,-351,-578,15252,-1252,161,211,-1258,194,205
29.620039,-895,-2113,15656,-1147,262,324,-1153,295,318
29.630038,-1058,-2039,14839,-1592,320,-44,-1598,353,-50
29.640038,-737,-972,14066,-1757,422,23,-1763,455,17
29.650038,-2224,-1905,15133,-2316,798,-96,-2322,831,-102
29.660042,-1288,-3753,13610,-2919,938,-439,-2925,971,-445
29.670037,-1256,-4103,13482,-3325,1053,-678,-3331,1086,-684
29.680036,-482,-5410,13016,-3317,1210,-1341,-3323,1243,-1347
29.690057,-1197,-5132,12216,-3024,1276,-1795,-3030,1309,-1801
29.700037,-500,-4729,11207,-2338,1063,-2716,-2344,1096,-2722
29.710037,-413,-4809,11043,-2111,939,-3123,-2117,972,-3129
29.720035,1144,-4027,10844,-2766,1133,-3453,-2772,1166,-3459
29.730039,4661,-1340,12936,-4605,1641,-3314,-4611,1674,-3320
29.740038,-3119,-1116,16370,-5928,1827,-2908,-5934,1860,-2914
29.750035,-7236,-3727,19846,-6982,1253,-594,-6988,1286,-600
29.760067,-5297,-4090,21085,-6116,742,637,-6122,775,631
29.770048,-3272,-5856,22397,-4342,421,2352,-4348,454,2346
29.780038,-2020,-13668,21615,-3718,330,2297,-3724,363,2291
29.790041,-1907,-11186,21135,-2813,169,1826,-2819,202,1820
29.800036,-1358,-8728,18327,-956,134,1477,-962,167,1471
29.810037,-1519,-8135,16705,-39,115,1371,-45,148,1365
29.820064,-1623,-7982,14818,1009,-104,1230,1003,-71,1224
29.830053,-1904,-7752,14707,1130,-376,1080,1124,-343,1074
29.840035,-2032,-7596,14937,1246,-911,494,1240,-878,488
29.850037,-2425,-7167,15274,1299,-988,133,1293,-955,127
29.860036,-2611,-6585,15244,1284,-956,-149,1278,-923,-155
29.870037,-2476,-6031,15118,1031,-704,-568,1025,-671,-574
29.880035,-2276,-5666,15262,803,-512,-691,797,-479,-697
29.890055,-2125,-5461,14672,343,-52,-731,337,-19,-737
29.900035,-1813,-5243,14257,88,177,-684,82,210,-690
29.910036,-1524,-5099,14128,-501,554,-521,-507,587,-527
29.920036,-1418,-5201,14310,-836,766,-390,-842,799,-396
29.930036,-1368,-5340,14447,-1131,948,-266,-1137,981,-272
29.940035,-1336,-5492,14493,-1521,1180,-19,-1527,1213,-25
29.950037,-1481,-5515,14157,-1684,1223,140,-1690,1256,134
29.960036,-1807,-5805,13949,-2089,1090,545,-2095,1123,539
29.970036,-1821,-6070,14141,-2243,947,720,-2249,980,714
29.980036,-1965,-6387,14304,-2484,592,893,-2490,625,887
29.990036,-1889,-7277,15096,-2590,471,939,-2596,504,933
30.000046,-2026,-7713,15507,-2619,411,978,-2625,444,972
30.010040,-2442,-8104,15395,-2514,306,937,-2520,339,931
30.020036,-2690,-8227,15062,-2443,243,873,-2449,276,867
30.030036,-2930,-8398,14787,-2263,163,714,-2269,196,708
30.040035,-3238,-8693,14378,-2142,162,626,-2148,195,620
30.050045,-3567,-8899,14124,-2022,185,542,-2028,218,536
30.060036,-3949,-9279,13544,-1738,179,449,-1744,212,443
30.070035,-3994,-9212,13148,-1616,163,442,-1622,196,436
30.080035,-3891,-8899,12816,-1551,209,519,-1557,242,513
30.090056,-3781,-8863,13008,-1548,257,557,-1554,290,551
30.100037,-3587,-8921,13405,-1336,311,623,-1342,344,617
30.110035,-3150,-8771,13471,-1113,216,690,-1119,249,684
30.120061,-2944,-8427,13183,-919,134,729,-925,167,723
30.130047,-2774,-8370,12576,-651,34,816,-657,67,810
30.140036,-2732,-8314,12477,-556,1,812,-562,34,806
30.150036,-2971,-8587,12392,-424,15,814,-430,48,808
30.160035,-3042,-8916,12298,-419,103,864,-425,136,858
30.170036,-3323,-9495,12166,-481,290,775,-487,323,769
30.180035,-3605,-9640,12373,-489,399,621,-495,432,615
30.190036,-3642,-9289,12415,-514,459,475,-520,492,469
30.200035,-3688,-9046,12582,-587,513,125,-593,546,119
30.210036,-3672,-9017,12527,-605,510,-37,-611,543,-43
30.220035,-3393,-9145,12211,-683,447,-281,-689,480,-287
30.230036,-3242,-9255,12147,-739,389,-358,-745,422,-364
30.240034,-3191,-9404,12199,-784,293,-401,-790,326,-407
30.250035,-3136,-9687,12231,-787,74,-438,-793,107,-444
30.260035,-3257,-9768,12479,-767,-22,-437,-773,11,-443
30.270036,-3533,-9830,12932,-600,-167,-422,-606,-134,-428
30.280041,-3701,-9805,13032,-503,-180,-402,-509,-147,-408
30.290036,-3811,-9766,12975,-391,-95,-362,-397,-62,-368
30.300035,-3802,-9746,12551,-370,-43,-351,-376,-10,-357
30.310036,-3725,-9747,12297,-395,-2,-331,-401,31,-337
30.320035,-3636,-9922,12315,-520,86,-264,-526,119,-270
30.330034,-3579,-9907,12425,-570,132,-223,-576,165,-229
30.340035,-3492,-9824,12660,-659,238,-155,-665,271,-161
30.350036,-3517,-9852,12751,-694,302,-113,-700,335,-119
30.360035,-3548,-9893,12877,-666,376,-37,-672,409,-43
30.370036,-3456,-9936,13034,-592,393,-21,-598,426,-27
30.380035,-3498,-9900,12862,-514,416,-13,-520,449,-19
30.390035,-3763,-9933,12222,-503,398,44,-509,431,38
30.400035,-3722,-9922,12162,-521,342,59,-527,375,53
30.410036,-3684,-9983,12264,-534,232,9,-540,265,3
30.420036,-3713,-10192,12399,-509,205,-14,-515,238,-20
30.430036,-3826,-10501,12483,-377,227,62,-383,260,56
30.440036,-4107,-10946,12529,-283,238,185,-289,271,179
30.450035,-4006,-10604,12429,-191,236,312,-197,269,306
30.460036,-3560,-9907,12124,-166,209,423,-172,242,417
30.470035,-3444,-9853,12009,-236,249,383,-242,282,377
30.480035,-3447,-9805,11858,-457,346,161,-463,379,155
30.490036,-3390,-9559,11747,-586,364,-3,-592,397,-9
30.500036,-3304,-9534,11726,-713,388,-178,-719,421,-184
30.510036,-3234,-9386,11422,-1019,439,-448,-1025,472,-454
30.520036,-3126,-9257,11082,-1200,430,-555,-1206,463,-561
30.530035,-3237,-9774,10950,-1605,328,-818,-1611,361,-824
30.540036,-3881,-11699,10336,-1280,-118,-781,-1286,-85,-787
30.550035,-3138,-10873,10626,-1400,-943,-430,-1406,-910,-436
30.560035,-2632,-12061,12099,-1417,-924,-224,-1423,-891,-230
30.570036,-2888,-11901,12445,-1352,-930,-11,-1358,-897,-17
30.580034,-3306,-11337,12162,-1033,-1056,241,-1039,-1023,235
30.590035,-3424,-11292,11801,-963,-1096,322,-969,-1063,316
30.600036,-3375,-11365,11350,-892,-1060,430,-898,-1027,424
30.610036,-3355,-11125,11249,-898,-1006,427,-904,-973,421
30.620037,-3311,-10739,10917,-1102,-856,266,-1108,-823,260
30.630034,-3631,-10522,10874,-1224,-807,104,-1230,-774,98
30.640036,-3967,-10663,10866,-1301,-805,-42,-1307,-772,-48
30.650037,-3932,-10835,10819,-1235,-1031,-283,-1241,-998,-289
30.660038,-3638,-10716,10874,-1217,-1046,-463,-1223,-1013,-469
30.670037,-3508,-11261,11367,-1302,-835,-607,-1308,-802,-613
30.680036,-3551,-11553,11657,-1312,-650,-589,-1318,-617,-595
30.690035,-3720,-11831,11571,-1300,-198,-488,-1306,-165,-494
30.700034,-3990,-12498,11075,-1304,-18,-434,-1310,15,-440
30.710036,-3824,-12717,10914,-1237,94,-350,-1243,127,-356
30.720121,-3521,-12378,10127,-1145,162,-173,-1151,195,-179
30.730072,-3534,-12427,9912,-1157,112,-122,-1163,145,-128
30.740064,-3747,-13106,9560,-1123,-83,103,-1129,-50,97
30.750064,-3955,-13468,9712,-1013,-254,296,-1019,-221,290
30.760063,-3356,-13468,10215,-689,-319,509,-695,-286,503
30.770064,-3239,-13134,10611,-502,-345,581,-508,-312,575
30.780062,-2790,-12790,10434,-313,-388,636,-319,-355,630
30.790060,-2248,-12548,10728,-19,-456,706,-25,-423,700
30.800064,-2181,-12563,11108,141,-403,737,135,-370,731
30.810063,-2005,-12401,11744,415,-105,766,409,-72,760
30.820094,-2139,-12102,12124,560,130,759,554,163,753
30.830062,-2335,-11494,11875,718,565,605,712,598,599
30.840062,-2722,-11752,11600,822,741,538,816,774,532
30.850062,-2746,-11604,11571,955,911,446,949,944,440
30.860062,-2980,-11360,11518,1153,1185,225,1147,1218,219
30.870062,-3308,-11488,10754,1209,1262,177,1203,1295,171
30.880063,-3513,-11649,10385,1218,1185,204,1212,1218,198
30.890059,-3774,-11412,10961,1306,1109,106,1300,1142,100
30.900059,-3811,-11412,11063,1438,965,-18,1432,998,-24
30.910063,-3921,-11415,11043,1771,601,-220,1765,634,-226
30.920062,-4224,-11468,11232,1942,379,-301,1936,412,-307
30.930064,-4512,-11934,11286,2347,-168,-312,2341,-135,-318
30.940062,-4465,-12780,11455,2594,-480,-124,2588,-447,-130
30.950063,-4323,-12508,11626,3470,-1341,107,3464,-1308,101
30.960063,-3400,-10210,12387,3912,-1707,-2,3906,-1674,-8
30.970062,-2976,-9477,12180,4228,-1967,-162,4222,-1934,-168
30.980063,-2197,-9241,12125,4534,-2394,-325,4528,-2361,-331
30.990062,-2273,-9480,12209,4528,-2028,-446,4522,-1995,-452
31.000063,-3193,-9979,12318,4092,-1483,-564,4086,-1450,-570
31.010063,-3388,-10651,12657,3995,-1358,-552,3989,-1325,-558
31.020060,-3235,-10605,12682,4128,-1262,-558,4122,-1229,-564
31.030062,-2939,-10181,12665,4151,-1234,-574,4145,-1201,-580
31.040062,-2837,-9675,12538,4048,-1186,-568,4042,-1153,-574
31.050063,-2098,-9749,12996,3612,-1062,-520,3606,-1029,-526
31.060062,-2072,-9700,13023,3489,-1048,-590,3483,-1015,-596
31.070063,-2987,-8359,13060,3059,-1025,-752,3053,-992,-758
31.080062,-3138,-8373,13389,2790,-1018,-794,2784,-985,-800
31.090061,-3103,-8264,13638,2460,-1059,-929,2454,-1026,-935
31.100066,-2815,-7671,14165,2365,-1080,-1014,2359,-1047,-1020
31.110063,-2625,-7428,14317,2319,-1108,-1048,2313,-1075,-1054
31.120063,-2147,-7525,14785,2357,-1117,-1075,2351,-1084,-1081
31.130059,-1786,-7596,14942,2430,-1100,-1090,2424,-1067,-1096
31.140062,-1463,-7552,14965,2585,-1046,-1100,2579,-1013,-1106
31.150063,-1190,-7162,14806,2640,-1012,-1107,2634,-979,-1113
31.160062,-1334,-6714,14449,2608,-962,-1100,2602,-929,-1106
31.170062,-1405,-5780,14218,2208,-869,-947,2202,-836,-953
31.180062,-1324,-5586,14336,1862,-764,-776,1856,-731,-782
31.190059,-1391,-5364,14981,1383,-591,-528,1377,-558,-534
31.200063,-1452,-5065,15151,1303,-541,-490,1297,-508,-496
31.210063,-1480,-4863,15360,1349,-510,-582,1343,-477,-588
31.220062,-1277,-4531,15699,1457,-527,-647,1451,-494,-653
31.230063,-1378,-4183,15684,1574,-566,-698,1568,-533,-704
31.240063,-1623,-3784,15518,1775,-750,-741,1769,-717,-747
31.250063,-745,-3493,15654,1718,-713,-677,1712,-680,-683
31.260063,-407,-3834,15959,1436,-491,-489,1430,-458,-495
31.270069,-684,-4272,16341,1361,-475,-474,1355,-442,-480
31.280065,-875,-4814,16408,1282,-576,-590,1276,-543,-596
31.290062,-852,-6105,15532,1300,-607,-773,1294,-574,-779
31.300060,-968,-6112,15410,1403,-521,-1016,1397,-488,-1022
31.310064,-837,-4879,15420,1465,-319,-1126,1459,-286,-1132
31.320063,-879,-3921,15501,1409,-252,-1006,1403,-219,-1012
31.330062,-760,-3075,15823,1316,-194,-493,1310,-161,-499
31.340063,-405,-3200,15987,1331,-177,-262,1325,-144,-268
31.350063,125,-3443,16147,1513,-150,-44,1507,-117,-50
31.360064,873,-4165,16139,1626,-145,-60,1620,-112,-66
31.370062,957,-4235,15953,1699,-133,-127,1693,-100,-133
31.380063,743,-4012,15700,1612,-113,-311,1606,-80,-317
31.390062,637,-3953,15660,1512,-115,-384,1506,-82,-390
31.400064,554,-3770,15498,1276,-105,-482,1270,-72,-488
31.410062,559,-2787,15490,1129,-94,-500,1123,-61,-506
31.420084,456,-2174,15754,1006,-82,-488,1000,-49,-494
31.430064,538,-1436,16069,865,-54,-406,859,-21,-412
31.440063,641,-1377,16180,847,-56,-365,841,-23,-371
31.450063,850,-1373,16148,828,-75,-348,822,-42,-354
31.460063,872,-1576,16107,811,-71,-360,805,-38,-366
31.470063,929,-1823,16104,796,-42,-438,790,-9,-444
31.480062,1209,-2512,16157,814,-23,-521,808,10,-527
31.490062,1295,-2797,16266,865,-4,-648,859,29,-654
31.500102,875,-2883,16260,1015,33,-954,1009,66,-960
31.510090,734,-2685,16023,1042,75,-1051,1036,108,-1057
31.520058,189,-1876,16128,984,53,-1052,978,86,-1058
31.530057,52,-1687,16134,919,25,-968,913,58,-974
31.540055,77,-1602,16129,883,-9,-770,877,24,-776
31.550060,212,-1215,16271,909,-29,-674,903,4,-680
31.560058,117,-896,16222,929,-46,-576,923,-13,-582
31.570060,99,-610,16313,822,-68,-341,816,-35,-347
31.580057,119,-675,16445,794,-82,-249,788,-49,-255
31.590060,161,-744,16534,870,-97,-145,864,-64,-151
31.600065,298,-795,16536,933,-100,-146,927,-67,-152
31.610062,229,-716,16461,975,-108,-144,969,-75,-150
31.620058,138,-658,16305,949,-145,-93,943,-112,-99
31.630064,170,-745,16237,886,-168,-61,880,-135,-67
31.640064,106,-836,16095,688,-204,59,682,-171,53
31.650067,147,-879,16083,569,-212,168,563,-179,162
31.660063,270,-930,16130,416,-217,302,410,-184,296
31.670067,456,-1093,16213,392,-208,297,386,-175,291
31.680063,403,-1185,16291,395,-195,267,389,-162,261
31.690068,228,-1026,16363,441,-179,202,435,-146,196
31.700060,146,-878,16370,459,-181,188,453,-148,182
31.710067,130,-622,16440,504,-173,198,498,-140,192
31.720060,77,-583,16397,551,-149,229,545,-116,223
31.730063,-4,-720,16468,659,-124,271,653,-91,265
31.740063,28,-765,16378,701,-127,278,695,-94,272
31.750062,23,-631,16223,708,-124,316,702,-91,310
31.760063,289,-904,16190,528,-152,386,522,-119,380
31.770070,157,-826,16204,466,-168,358,460,-135,352
31.780064,421,-989,16263,362,-169,361,356,-136,355
31.790065,415,-792,16298,372,-160,349,366,-127,343
31.800064,442,-608,16347,477,-138,302,471,-105,296
31.810063,441,-522,16536,588,-131,269,582,-98,263
31.820063,532,-525,16553,716,-119,245,710,-86,239
31.830062,727,-387,16464,959,-99,213,953,-66,207
31.840063,842,-194,16415,1062,-84,198,1056,-51,192
31.850064,1069,54,16411,1266,-50,96,1260,-17,90
31.860063,1405,444,16270,1346,-19,-10,1340,14,-16
31.870062,1470,483,16208,1418,24,-146,1412,57,-152
31.880062,1130,229,16027,1532,173,-419,1526,206,-425
31.890065,632,302,16202,1562,238,-514,1556,271,-520
31.900061,482,859,16021,1405,195,-402,1399,228,-408
31.910064,413,1179,16024,1207,174,-362,1201,207,-368
31.920063,-165,1313,15956,827,88,-248,821,121,-254
31.930065,-90,1380,16071,673,81,-152,667,114,-158
31.940063,-6,1141,16274,592,83,-57,586,116,-63
31.950064,121,1123,16347,578,44,-74,572,77,-80
31.960062,145,1221,16258,570,30,-87,564,63,-93
31.970063,1,1455,16306,488,-14,-66,482,19,-72
31.980062,-48,1645,16426,438,-82,12,432,-49,6
31.990061,26,1774,16542,329,-297,285,323,-264,279
32.000062,585,1332,16365,314,-323,336,308,-290,330
32.010062,592,964,16356,394,-315,247,388,-282,241
32.020082,544,959,16253,496,-196,112,490,-163,106
32.030072,486,975,16299,508,-150,65,502,-117,59
32.040054,418,891,16307,535,-83,32,529,-50,26
32.050050,398,1065,16128,520,-53,42,514,-20,36
32.060052,416,1269,15988,448,-24,62,442,9,56
32.070051,313,1659,16100,214,24,119,208,57,113
32.080052,381,1537,16161,120,32,149,114,65,143
32.090052,259,1703,16278,54,42,185,48,75,179
32.100050,203,1936,16269,23,33,246,17,66,240
32.110049,339,2046,16237,-98,68,433,-104,101,427
32.120051,239,2114,15958,-162,108,555,-168,141,549
32.130170,276,1973,15956,-225,158,665,-231,191,659
32.140063,532,1415,16163,-231,230,711,-237,263,705
32.150064,506,1214,16192,-151,266,670,-157,299,664
32.160062,484,1091,15992,-75,383,662,-81,416,656
32.170062,441,1076,15863,-115,451,690,-121,484,684
32.180062,445,1076,15854,-284,546,777,-290,579,771
32.190062,430,1091,16465,-369,544,768,-375,577,762
32.200063,508,885,16632,-413,477,706,-419,510,700
32.210063,607,470,16426,-385,347,473,-391,380,467
32.220062,579,311,16212,-395,328,351,-401,361,345
32.230064,425,-85,15484,-458,443,123,-464,476,117
32.240063,-628,775,16444,-476,609,69,-482,642,63
32.250062,-679,1728,16653,-653,394,314,-659,427,308
32.260062,-723,1255,16845,-612,281,354,-618,314,348
32.270062,-555,1102,16763,-512,196,354,-518,229,348
32.280068,-315,962,16665,-251,125,287,-257,158,281
32.290059,-192,1054,16605,-96,120,247,-102,153,241
32.300059,55,1256,16380,137,142,189,131,175,183
32.310058,118,1360,16261,201,170,174,195,203,168
32.320062,-136,1319,16191,213,121,72,207,154,66
32.330058,3,1673,16350,219,91,3,213,124,-3
32.340059,-74,1697,16301,215,53,-83,209,86,-89
32.350058,-468,2077,16099,137,8,-123,131,41,-129
32.360062,-571,2097,16123,50,0,-62,44,33,-68
32.370058,-689,2163,16070,-148,6,184,-154,39,178
32.380061,-574,1943,16096,-270,11,296,-276,44,290
32.390058,-523,1769,16132,-370,13,371,-376,46,365
32.400063,-197,1452,16273,-473,10,392,-479,43,386
32.410058,-188,1309,16299,-477,3,365,-483,36,359
32.420088,-70,1062,16327,-454,-8,306,-460,25,300
32.430138,-49,977,16324,-444,-13,283,-450,20,277
32.440109,-76,912,16315,-448,-19,238,-454,14,232
32.450158,-89,775,16311,-450,-24,205,-456,9,199
32.460061,-94,665,16331,-446,-28,172,-452,5,166
32.470067,-125,394,16388,-393,-38,86,-399,-5,80
32.480067,-155,311,16403,-357,-40,57,-363,-7,51
32.490067,-143,170,16372,-321,-40,38,-327,-7,32
32.500063,-139,97,16371,-325,-37,42,-331,-4,36
32.510087,-127,42,16393,-314,-33,28,-320,0,22
32.520066,-82,81,16402,-293,-32,6,-299,1,0
32.530070,-81,168,16378,-277,-32,-10,-283,1,-16
32.540055,-80,365,16327,-262,-33,-39,-268,0,-45
32.550066,-118,336,16301,-266,-31,-40,-272,2,-46
32.560050,-154,231,16359,-280,-32,-73,-286,1,-79
32.570051,-154,176,16380,-271,-33,-88,-277,0,-94
32.580096,-175,206,16390,-247,-33,-99,-253,0,-105
32.590048,-262,354,16348,-197,-33,-102,-203,0,-108
32.600057,-262,414,16336,-188,-33,-90,-194,0,-96
32.610058,-293,494,16314,-190,-32,-60,-196,1,-66
32.620033,-266,493,16308,-195,-31,-43,-201,2,-49
32.630032,-259,468,16338,-185,-31,-32,-191,2,-38
32.640031,-293,455,16377,-160,-32,-29,-166,1,-35
32.650033,-278,512,16361,-133,-33,-25,-139,0,-31
32.660033,-206,562,16346,-104,-38,-41,-110,-5,-47
32.670033,-228,537,16347,-86,-39,-62,-92,-6,-68
32.680034,-257,497,16368,-52,-40,-81,-58,-7,-87
32.690039,-250,500,16358,-41,-39,-67,-47,-6,-73
32.700031,-245,469,16361,-25,-38,-44,-31,-5,-50
32.710033,-213,400,16337,-19,-38,-37,-25,-5,-43
32.720034,-215,348,16339,-15,-36,-30,-21,-3,-36
32.730033,-212,280,16346,-13,-35,-19,-19,-2,-25
32.740033,-217,266,16335,-15,-34,-16,-21,-1,-22
32.750033,-222,243,16337,-15,-35,-9,-21,-2,-15
32.760034,-230,202,16341,-10,-35,-6,-16,-2,-12
32.770032,-212,194,16334,-5,-35,-4,-11,-2,-10
32.780034,-201,238,16349,6,-34,-2,0,-1,-8
32.790033,-192,313,16353,10,-34,-2,4,-1,-8
32.800033,-187,401,16341,13,-34,-7,7,-1,-13
32.810032,-182,427,16367,27,-35,-18,21,-2,-24
32.820034,-179,422,16378,89,-38,-44,83,-5,-50
32.830032,-163,414,16383,114,-37,-56,108,-4,-62
32.840034,-159,396,16409,145,-38,-73,139,-5,-79
32.850033,-164,320,16413,226,-41,-116,220,-8,-122
32.860032,-156,255,16416,270,-43,-137,264,-10,-143
32.870033,-349,237,16426,340,-55,-155,334,-22,-161
32.880034,-380,297,16415,352,-76,-149,346,-43,-155
32.890038,-380,341,16407,341,-126,-109,335,-93,-115
32.900031,-323,475,16347,305,-149,-77,299,-116,-83
32.910033,-267,503,16340,254,-170,-42,248,-137,-48
32.920034,-20,594,16294,152,-192,21,146,-159,15
32.930032,55,627,16266,111,-187,37,105,-154,31
32.940034,71,691,16257,67,-165,29,61,-132,23
32.950032,2,766,16351,65,-160,18,59,-127,12
32.960032,-107,762,16467,76,-166,10,70,-133,4
32.970032,-306,846,16644,114,-221,12,108,-188,6
32.980033,-313,846,16667,122,-267,21,116,-234,15
32.990032,-303,760,16657,155,-363,36,149,-330,30
33.000033,-315,706,16666,176,-410,38,170,-377,32
33.010032,-334,692,16643,198,-503,44,192,-470,38
33.020033,-327,684,16628,192,-552,57,186,-519,51
33.030032,-78,668,16711,179,-603,73,173,-570,67
33.040033,-103,536,16529,143,-604,94,137,-571,88
33.050032,-169,610,16516,114,-607,108,108,-574,102
33.060048,-149,822,16623,57,-637,130,51,-604,124
33.070032,-148,869,16676,47,-666,145,41,-633,139
33.080033,-123,908,16698,-10,-751,196,-16,-718,190
33.090038,-56,908,16676,-42,-799,224,-48,-766,218
33.100030,12,889,16629,-69,-844,239,-75,-811,233
33.110033,179,879,16565,-105,-920,239,-111,-887,233
33.120033,261,940,16575,-116,-957,232,-122,-924,226
33.130048,387,952,16574,-141,-1033,217,-147,-1000,211
33.140051,456,889,16544,-152,-1071,209,-158,-1038,203
33.150033,548,835,16444,-211,-1134,198,-217,-1101,192
33.160033,780,559,16369,-235,-1155,196,-241,-1122,190
33.170033,874,582,16323,-255,-1171,202,-261,-1138,196
33.180032,1009,550,16447,-286,-1207,216,-292,-1174,210
33.190033,1097,493,16495,-273,-1232,217,-279,-1199,211
33.200034,1198,398,16520,-184,-1285,218,-190,-1252,212
33.210032,1442,201,16472,-120,-1308,223,-126,-1275,217
33.220034,1572,184,16384,-61,-1327,234,-67,-1294,228
33.230031,1815,155,16235,-1,-1354,263,-7,-1321,257
33.240033,1924,172,16211,0,-1362,271,-6,-1329,265
33.250033,2052,321,16096,-19,-1377,294,-25,-1344,288
33.260034,2109,347,16042,-51,-1382,303,-57,-1349,297
33.270032,2180,313,16038,-120,-1374,300,-126,-1341,294
33.280038,2346,402,15902,-154,-1363,307,-160,-1330,301
33.290036,2327,388,15920,-194,-1348,327,-200,-1315,321
33.300031,2406,337,15917,-264,-1322,415,-270,-1289,409
33.310032,2541,257,15906,-287,-1308,455,-293,-1275,449
33.320032,2852,211,15744,-296,-1240,494,-302,-1207,488
33.330033,3059,271,15902,-259,-1196,466,-265,-1163,460
33.340033,3098,232,15894,-125,-1139,364,-131,-1106,358
33.350034,3272,221,15829,-69,-1112,325,-75,-1079,319
33.360032,3258,180,15720,-20,-1080,286,-26,-1047,280
33.370033,3443,376,15666,45,-995,255,39,-962,249
33.380033,3504,373,15667,76,-953,235,70,-920,229
33.390033,3754,333,15661,139,-878,168,133,-845,162
33.400033,3848,343,15604,157,-843,140,151,-810,134
33.410032,3967,352,15517,129,-769,96,123,-736,90
33.420033,4120,342,15388,96,-725,82,90,-692,76
33.430033,4180,301,15390,59,-678,67,53,-645,61
33.440032,4168,433,15496,-6,-582,7,-12,-549,1
33.450033,4135,467,15589,-16,-544,-13,-22,-511,-19
33.460032,4101,410,15649,16,-486,-24,10,-453,-30
33.470033,4119,237,15692,38,-464,-27,32,-431,-33
33.480032,4184,170,15677,52,-443,-26,46,-410,-32
33.490032,4155,136,15714,44,-411,-23,38,-378,-29
33.500030,4124,168,15746,31,-401,-16,25,-368,-22
33.510032,4107,241,15771,-5,-399,7,-11,-366,1
33.520033,4102,253,15788,-27,-404,24,-33,-371,18
33.530033,4136,260,15808,-63,-416,29,-69,-383,23
33.540033,4125,380,15831,-76,-424,22,-82,-391,16
33.550032,4075,326,15886,-87,-436,20,-93,-403,14
33.560033,4149,281,15806,-89,-466,37,-95,-433,31
33.570033,4244,307,15790,-96,-474,46,-102,-441,40
33.580033,4293,473,15801,-76,-479,22,-82,-446,16
33.590032,4253,514,15845,-51,-483,3,-57,-450,-3
33.600033,4241,490,15896,28,-509,-7,22,-476,-13
33.610032,4282,416,15828,53,-528,0,47,-495,-6
33.620032,4354,372,15747,65,-543,9,59,-510,3
33.630033,4486,380,15592,49,-547,28,43,-514,22
33.640033,4539,319,15555,23,-533,32,17,-500,26
33.650032,4496,285,15586,-11,-496,28,-17,-463,22
33.660033,4488,317,15578,-30,-480,27,-36,-447,21
33.670032,4506,332,15556,-96,-454,30,-102,-421,24
33.680048,4551,299,15556,-132,-442,40,-138,-409,34
33.690040,4588,309,15557,-166,-432,56,-172,-399,50
33.700032,4658,355,15475,-237,-417,94,-243,-384,88
33.710031,4723,298,15452,-272,-403,103,-278,-370,97
33.720032,4750,280,15463,-297,-366,98,-303,-333,92
33.730033,4830,246,15535,-285,-349,89,-291,-316,83
33.740032,4863,223,15563,-261,-334,76,-267,-301,70
33.750032,4905,148,15602,-184,-312,37,-190,-279,31
33.760032,4895,130,15613,-144,-306,18,-150,-273,12
33.770032,4887,38,15640,-94,-310,0,-100,-277,-6
33.780032,4893,25,15677,-74,-316,-7,-80,-283,-13
33.790032,4904,47,15683,-15,-337,-21,-21,-304,-27
33.800032,4962,112,15644,14,-349,-23,8,-316,-29
33.810033,5003,109,15593,37,-359,-21,31,-326,-27
33.820033,5024,135,15484,34,-368,0,28,-335,-6
33.830033,5046,154,15453,14,-367,10,8,-334,4
33.840032,5058,206,15466,-27,-352,26,-33,-319,20
33.850032,5049,177,15507,-39,-345,32,-45,-312,26
33.860033,5051,197,15532,-28,-341,38,-34,-308,32
33.870033,5041,171,15567,-10,-342,35,-16,-309,29
33.880033,5054,152,15582,8,-345,31,2,-312,25
33.890031,5077,161,15579,50,-355,23,44,-322,17
33.900031,5081,164,15589,76,-361,21,70,-328,15
33.910031,5170,172,15552,136,-376,16,130,-343,10
33.920032,5214,210,15509,158,-383,12,152,-350,6
33.930032,5255,218,15488,169,-396,15,163,-363,9
33.940032,5310,225,15426,153,-406,27,147,-373,21
33.950032,5346,207,15392,122,-416,49,116,-383,43
33.960032,5406,221,15349,47,-432,103,41,-399,97
33.970033,5418,257,15355,20,-439,125,14,-406,119
33.980032,5455,307,15341,-6,-444,139,-12,-411,133
33.990032,5507,274,15302,-9,-439,128,-15,-406,122
34.000032,5516,209,15291,-5,-430,116,-11,-397,110
34.010032,5524,83,15338,16,-414,98,10,-381,92
34.020033,5512,83,15369,30,-410,91,24,-377,85
34.030033,5547,158,15406,69,-415,83,63,-382,77
34.040036,5568,206,15392,85,-422,81,79,-389,75
34.050033,5603,242,15343,91,-436,96,85,-403,90
34.060032,5743,207,15199,87,-434,102,81,-401,96
34.070032,5811,190,15145,80,-423,104,74,-390,98
34.080032,5908,112,15107,51,-389,108,45,-356,102
34.090032,5917,66,15110,30,-372,114,24,-339,108
34.100030,5923,54,15121,-8,-341,131,-14,-308,125
34.110031,5922,60,15142,-22,-329,140,-28,-296,134
34.120033,5945,73,15169,-15,-313,143,-21,-280,137
34.130032,5988,97,15212,9,-307,133,3,-274,127
34.140032,6035,101,15198,42,-300,117,36,-267,111
34.150032,6080,134,15153,114,-287,74,108,-254,68
34.160033,6120,145,15099,141,-278,56,135,-245,50
34.170032,6155,127,15053,165,-254,29,159,-221,23
34.180032,6156,115,15058,166,-240,23,160,-207,17
34.190032,6156,102,15054,162,-227,18,156,-194,12
34.200031,6155,126,15057,142,-206,9,136,-173,3
34.210032,6167,129,15055,132,-197,6,126,-164,0
34.220032,6164,170,15047,120,-177,2,114,-144,-4
34.230032,6154,188,15053,113,-168,3,107,-135,-3
34.240032,6147,225,15044,95,-150,10,89,-117,4
34.250032,6137,286,15043,88,-144,18,82,-111,12
34.260031,6146,272,15033,78,-141,24,72,-108,18
34.270032,6275,221,15052,20,-130,22,14,-97,16
34.280036,6247,320,15069,5,-124,14,-1,-91,8
34.290031,6167,388,15150,-9,-121,0,-15,-88,-6
34.300030,6142,369,15158,-10,-127,-4,-16,-94,-10
34.310031,6142,326,15162,-9,-140,-12,-15,-107,-18
34.320033,6159,273,15093,-16,-146,-10,-22,-113,-16
34.330032,6169,257,15064,-30,-146,-8,-36,-113,-14
34.340032,6159,279,15071,-66,-140,-2,-72,-107,-8
34.350032,6138,294,15101,-81,-136,2,-87,-103,-4
34.360032,6102,358,15158,-89,-139,11,-95,-106,5
34.370031,6111,390,15141,-90,-147,18,-96,-114,12
34.380032,6122,378,15127,-115,-166,30,-121,-133,24
34.390030,6113,305,15104,-137,-171,31,-143,-138,25
34.400033,6111,309,15120,-159,-176,32,-165,-143,26
34.410032,6120,314,15177,-176,-187,41,-182,-154,35
34.420032,6142,333,15184,-159,-196,46,-165,-163,40
34.430032,6197,361,15165,-88,-204,46,-94,-171,40
34.440032,6274,300,15081,-53,-203,45,-59,-170,39
34.450032,6309,250,15049,-31,-201,45,-37,-168,39
34.460032,6313,180,15022,-26,-194,51,-32,-161,45
34.470032,6312,149,15044,-27,-193,54,-33,-160,48
34.480031,6347,164,15076,-12,-194,61,-18,-161,55
34.490032,6358,184,15072,8,-193,57,2,-160,51
34.500030,6260,195,15047,59,-190,32,53,-157,26
34.510030,6269,249,14981,86,-186,16,80,-153,10
34.520048,6449,226,15037,109,-181,0,103,-148,-6
34.530044,6410,145,15102,137,-189,-5,131,-156,-11
34.540031,6423,149,15084,142,-196,-5,136,-163,-11
34.550032,6430,301,15036,166,-202,-18,160,-169,-24
34.560031,6421,343,15037,184,-204,-36,178,-171,-42
34.570031,6444,324,15033,242,-207,-72,236,-174,-78
34.580031,6456,270,15033,258,-211,-77,252,-178,-83
34.590032,6497,242,15022,256,-215,-72,250,-182,-78
34.600032,6505,230,14965,221,-216,-47,215,-183,-53
34.610034,6510,242,14934,199,-214,-35,193,-181,-41
34.620038,6519,278,14938,148,-213,-12,142,-180,-18
34.630032,6521,272,14942,122,-215,1,116,-182,-5
34.640032,6517,281,14936,82,-216,27,76,-183,21
34.650043,6566,372,14893,60,-215,39,54,-182,33
34.660033,6570,399,14890,39,-213,49,33,-180,43
34.670032,6550,415,14906,4,-212,65,-2,-179,59
34.680031,6552,433,14906,-11,-214,68,-17,-181,62
34.690046,6582,440,14896,-34,-215,70,-40,-182,64
34.700036,6624,379,14870,-32,-209,65,-38,-176,59
34.710031,6615,382,14844,-17,-200,52,-23,-167,46
34.720031,6723,389,14919,31,-190,24,25,-157,18
34.730031,6642,407,14926,56,-191,9,50,-158,3
34.740032,6813,369,14925,93,-195,-15,87,-162,-21
34.750032,6766,344,14893,104,-195,-18,98,-162,-24
34.760049,6751,321,14850,100,-193,-19,94,-160,-25
34.770048,6709,360,14807,93,-188,-21,87,-155,-27
34.780033,6694,381,14821,83,-185,-25,77,-152,-31
34.790032,6722,405,14895,55,-191,-16,49,-158,-22
34.800032,6752,437,14903,44,-197,-10,38,-164,-16
34.810032,6795,482,14877,39,-207,1,33,-174,-5
34.820032,6805,488,14855,45,-210,3,39,-177,-3
34.830031,6809,485,14850,52,-212,7,46,-179,1
34.840032,6819,445,14830,50,-212,11,44,-179,5
34.850059,6791,423,14820,40,-213,17,34,-180,11
34.860064,6698,377,14785,8,-213,27,2,-180,21
34.870063,6770,379,14786,0,-210,25,-6,-177,19
34.880226,6851,436,14775,19,-200,11,13,-167,5
34.890075,6883,465,14772,29,-197,3,23,-164,-3
34.900059,6986,496,14779,32,-194,-3,26,-161,-9
34.910071,6879,499,14738,26,-193,1,20,-160,-5
34.920066,6923,503,14703,22,-191,6,16,-158,0
34.930072,6962,450,14718,20,-181,19,14,-148,13
34.940053,6980,444,14692,11,-178,28,5,-145,22
34.950031,6965,398,14668,-6,-166,43,-12,-133,37
34.960073,7066,333,14706,-11,-159,52,-17,-126,46
34.970066,7067,305,14714,-14,-155,60,-20,-122,54
34.980041,7049,362,14698,-17,-144,77,-23,-111,71
34.990038,7037,406,14675,-21,-138,88,-27,-105,82
35.000053,7166,424,14694,-20,-123,95,-26,-90,89
35.010039,7112,385,14700,-17,-118,93,-23,-85,87
35.020040,7052,397,14654,-18,-101,96,-24,-68,90
35.030036,7011,499,14575,-15,-87,93,-21,-54,87
35.040034,7117,546,14608,-11,-72,87,-17,-39,81
35.050085,7038,507,14637,-15,-57,79,-21,-24,73
35.060054,7123,436,14640,-22,-48,78,-28,-15,72
35.070050,7023,355,14663,-33,-35,63,-39,-2,57
35.080031,7097,369,14693,-30,-29,51,-36,4,45
35.090149,7104,386,14703,-10,-17,26,-16,16,20
35.100039,7132,427,14708,-2,-12,14,-8,21,8
35.110053,7117,435,14715,5,-11,3,-1,22,-3
35.122033,7126,478,14690,7,-9,-8,1,24,-14
35.130055,7238,473,14732,-2,-10,-10,-8,23,-16
35.140030,7158,437,14717,-20,-17,-16,-26,16,-22
35.150031,7159,439,14726,-26,-19,-18,-32,14,-24
35.160031,7156,430,14735,-29,-22,-20,-35,11,-26
35.170030,7132,418,14713,-28,-24,-17,-34,9,-23
35.180029,7126,418,14708,-24,-23,-15,-30,10,-21
35.190030,7116,430,14716,-11,-16,-14,-17,17,-20
35.200031,7096,420,14724,-4,-12,-15,-10,21,-21
35.210030,7078,418,14727,3,-8,-12,-3,25,-18
35.220030,7016,397,14751,4,-9,-9,-2,24,-15
35.230031,7011,387,14774,4,-11,-6,-2,22,-12
35.240030,6993,409,14782,6,-19,-4,0,14,-10
35.250031,6988,424,14766,5,-23,-3,-1,10,-9
35.260030,6948,386,14764,-5,-32,0,-11,1,-6
35.270031,6932,407,14772,-12,-35,3,-18,-2,-3
35.280038,6912,420,14785,-22,-49,9,-28,-16,3
35.290030,6969,404,14760,-26,-55,8,-32,-22,2
35.300030,6986,363,14747,-26,-59,8,-32,-26,2
35.310030,7004,320,14759,-12,-65,6,-18,-32,0
35.320031,7001,343,14756,-4,-69,6,-10,-36,0
35.330030,7012,362,14760,-1,-82,4,-7,-49,-2
35.340030,7027,353,14742,-6,-87,3,-12,-54,-3
35.350031,7031,354,14709,-26,-91,4,-32,-58,-2
35.360030,7029,365,14701,-38,-88,4,-44,-55,-2
35.370030,7031,380,14713,-40,-87,4,-46,-54,-2
35.380030,7040,402,14714,-30,-83,2,-36,-50,-4
35.390029,7054,383,14704,-27,-82,0,-33,-49,-6
35.400031,7074,333,14660,-28,-76,0,-34,-43,-6
35.410025,7079,316,14642,-31,-69,1,-37,-36,-5
35.420025,7101,324,14641,-31,-55,-1,-37,-22,-7
35.430026,7084,389,14667,-27,-47,-9,-33,-14,-15
35.440025,7096,426,14668,-19,-42,-13,-25,-9,-19
35.450027,7113,422,14629,-10,-31,-20,-16,2,-26
35.460026,7149,403,14626,-9,-24,-27,-15,9,-33
35.470026,7140,406,14639,-28,-11,-11,-34,22,-17
35.480026,7106,379,14671,-40,-8,-5,-46,25,-11
35.490026,7112,373,14689,-41,-8,-6,-47,25,-12
35.500027,7111,373,14691,-34,-2,-10,-40,31,-16
35.510028,7108,359,14704,-31,0,-15,-37,33,-21
35.520026,7101,375,14715,-20,3,-20,-26,36,-26
35.530026,7105,382,14721,-13,5,-25,-19,38,-31
35.540026,7087,383,14717,0,7,-38,-6,40,-44
35.550026,7076,373,14690,7,9,-43,1,42,-49
35.560026,7081,404,14655,10,10,-46,4,43,-52
35.570025,7074,400,14648,-1,15,-43,-7,48,-49
35.580026,7060,375,14682,-5,19,-41,-11,52,-47
35.590026,7049,329,14703,-7,26,-36,-13,59,-42
35.600026,7046,302,14708,-5,30,-37,-11,63,-43
35.610026,7022,282,14701,0,39,-20,-6,72,-26
35.620028,7046,284,14686,-2,44,-8,-8,77,-14
35.630025,7054,281,14683,-5,51,2,-11,84,-4
35.640034,7053,287,14708,-8,66,18,-14,99,12
35.650028,7044,303,14699,-7,72,26,-13,105,20
35.660031,7054,318,14662,-11,85,42,-17,118,36
35.670029,7070,307,14647,-21,94,49,-27,127,43
35.680026,7055,304,14671,-40,114,52,-46,147,46
35.690026,7007,339,14730,-42,122,46,-48,155,40
35.700026,7000,360,14754,-32,126,44,-38,159,38
35.710030,6976,393,14782,2,134,22,-4,167,16
35.720026,6955,432,14772,23,137,8,17,170,2
35.730026,6932,438,14784,44,139,-5,38,172,-11
35.740025,6934,349,14788,43,137,-14,37,170,-20
35.750026,6922,322,14775,42,136,-24,36,169,-30
35.760026,6890,378,14801,37,135,-34,31,168,-40
35.770026,6858,403,14827,39,133,-38,33,166,-44
35.780026,6813,405,14865,52,123,-48,46,156,-54
35.790037,6781,390,14868,59,118,-50,53,151,-56
35.800027,6761,383,14875,67,109,-49,61,142,-55
35.810026,6748,437,14882,70,105,-49,64,138,-55
35.820026,6724,478,14893,73,99,-51,67,132,-57
35.830025,6685,536,14941,91,80,-64,85,113,-70
35.840029,6680,535,14928,98,70,-71,92,103,-77
35.850025,6677,457,14909,106,54,-78,100,87,-84
35.860024,6666,446,14898,105,49,-76,99,82,-82
35.870232,6651,452,14901,101,39,-64,95,72,-70
35.880092,6614,507,14919,97,31,-59,91,64,-65
35.890067,6603,525,14927,93,23,-55,87,56,-61
35.900071,6617,550,14907,83,8,-44,77,41,-50
35.910080,6610,555,14902,76,2,-36,70,35,-42
35.920079,6636,558,14865,54,-5,-14,48,28,-20
35.930083,6655,564,14842,34,-8,0,28,25,-6
35.940074,6666,575,14838,-7,-8,30,-13,25,24
35.950061,6678,610,14860,-22,-9,44,-28,24,38
35.960058,6688,615,14872,-29,-10,51,-35,23,45
35.970064,6689,644,14871,-25,-11,53,-31,22,47
35.980059,6689,606,14888,-21,-12,51,-27,21,45
35.990182,6699,546,14864,-17,-12,50,-23,21,44
36.000073,6701,505,14865,-15,-12,50,-21,21,44
36.010066,6710,480,14870,0,-8,42,-6,25,36
36.020064,6732,459,14907,16,-6,28,10,27,22
36.030028,6721,462,14930,35,-7,11,29,26,5
36.040029,6679,472,14936,68,-16,-20,62,17,-26
36.050025,6664,476,14925,76,-21,-30,70,12,-36
36.060030,6658,489,14910,71,-29,-30,65,4,-36
36.070026,6683,522,14852,63,-29,-25,57,4,-31
36.080028,6720,521,14836,53,-27,-18,47,6,-24
36.090025,6758,521,14832,36,-21,-17,30,12,-23
36.100028,6744,530,14843,32,-19,-24,26,14,-30
36.110025,6677,564,14874,26,-19,-37,20,14,-43
36.120028,6662,574,14887,26,-20,-37,20,13,-43
36.130026,6666,567,14898,27,-22,-32,21,11,-38
36.140028,6707,547,14853,23,-21,-27,17,12,-33
36.150025,6727,544,14838,19,-17,-21,13,16,-27
36.160028,6779,508,14815,9,-4,-13,3,29,-19
36.170025,6801,501,14806,8,2,-15,2,35,-21
36.180028,6740,508,14815,15,19,-30,9,52,-36
36.190025,6708,520,14844,24,26,-41,18,59,-47
36.200028,6687,569,14878,46,36,-54,40,69,-60
36.210025,6634,653,14897,51,36,-58,45,69,-64
36.220028,6661,700,14908,57,34,-60,51,67,-66
36.230025,6643,736,14928,67,26,-57,61,59,-63
36.240028,6641,744,14933,72,22,-56,66,55,-62
36.250025,6592,712,14944,73,12,-50,67,45,-56
36.260029,6577,695,14935,71,8,-43,65,41,-49
36.270025,6573,681,14923,53,-2,-27,47,31,-33
36.280043,6574,626,14951,45,-7,-22,39,26,-28
36.290026,6569,621,14956,39,-12,-21,33,21,-27
36.300030,6559,634,14976,34,-24,-24,28,9,-30
36.310025,6554,623,14977,35,-31,-27,29,2,-33
36.320028,6542,613,14971,33,-42,-31,27,-9,-37
36.330030,6549,636,14950,28,-48,-29,22,-15,-35
36.340028,6550,660,14923,19,-52,-25,13,-19,-31
36.350026,6570,667,14894,-1,-61,-19,-7,-28,-25
36.360028,6554,668,14878,-9,-63,-14,-15,-30,-20
36.370025,6579,687,14837,-22,-59,6,-28,-26,0
36.380028,6531,680,14821,-25,-54,16,-31,-21,10
36.390025,6710,656,14836,-27,-43,28,-33,-10,22
36.400029,6665,614,14842,-31,-41,28,-37,-8,22
36.410026,6690,640,14845,-35,-38,31,-41,-5,25
36.420027,6620,677,14852,-30,-32,26,-36,1,20
36.430025,6549,686,14853,-22,-27,19,-28,6,13
36.440028,6663,648,14909,0,-20,12,-6,13,6
36.450025,6613,628,14899,6,-22,4,0,11,-2
36.460028,6676,660,14877,18,-19,-5,12,14,-11
36.470026,6712,727,14890,16,-19,-9,10,14,-15
36.480028,6699,720,14915,14,-21,-12,8,12,-18
36.490026,6703,712,14900,11,-26,-14,5,7,-20
36.500027,6700,688,14891,7,-26,-10,1,7,-16
36.510025,6704,630,14878,0,-23,-4,-6,10,-10
36.520029,6689,626,14880,-2,-20,-4,-8,13,-10
36.530026,6681,634,14892,0,-18,-11,-6,15,-17
36.540028,6673,652,14897,4,-17,-15,-2,16,-21
36.550025,6659,662,14888,9,-17,-20,3,16,-26
36.560028,6659,672,14875,10,-17,-24,4,16,-30
36.570025,6651,661,14878,8,-16,-23,2,17,-29
36.580028,6619,650,14890,3,-14,-18,-3,19,-24
36.590025,6625,627,14893,1,-14,-16,-5,19,-22
36.600029,6629,623,14886,0,-14,-16,-6,19,-22
36.610025,6641,638,14879,-1,-13,-14,-7,20,-20
36.620028,6636,644,14869,-2,-11,-14,-8,22,-20
36.630026,6612,647,14884,-11,-8,-9,-17,25,-15
36.640028,6615,630,14897,-17,-9,-6,-23,24,-12
36.650026,6618,642,14909,-22,-8,0,-28,25,-6
36.660027,6611,688,14914,-22,-8,0,-28,25,-6
36.670025,6609,710,14920,-18,-8,-2,-24,25,-8
36.680028,6627,718,14922,-5,-8,-11,-11,25,-17
36.690026,6619,705,14919,0,-8,-14,-6,25,-20
36.700028,6603,681,14920,2,-7,-12,-4,26,-18
36.710025,6592,665,14922,2,-6,-10,-4,27,-16
36.720028,6584,675,14925,8,-7,-11,2,26,-17
36.730023,6564,671,14955,15,-10,-17,9,23,-23
36.740028,6566,663,14955,22,-12,-24,16,21,-30
36.750025,6557,683,14927,25,-18,-33,19,15,-39
36.760027,6545,703,14915,20,-19,-31,14,14,-37
36.770041,6555,695,14908,0,-22,-17,-6,11,-23
36.780031,6558,699,14927,-7,-24,-12,-13,9,-18
36.790032,6561,703,14937,-15,-26,-3,-21,7,-9
36.800029,6546,689,14947,-18,-26,-3,-24,7,-9
36.810024,6552,701,14938,-22,-29,-4,-28,4,-10
36.820033,6539,712,14961,-36,-35,-2,-42,-2,-8
36.830026,6547,711,14979,-36,-39,0,-42,-6,-6
36.840057,6570,682,14957,-26,-44,3,-32,-11,-3
36.850055,6580,663,14955,-23,-45,5,-29,-12,-1
36.860031,6579,654,14951,-24,-46,8,-30,-13,2
36.870024,6578,657,14949,-25,-49,8,-31,-16,2
36.880029,6582,669,14960,-22,-50,6,-28,-17,0
36.890024,6585,703,14957,-9,-55,-2,-15,-22,-8
36.900028,6580,716,14947,-5,-57,-5,-11,-24,-11
36.910024,6566,718,14942,-8,-63,-5,-14,-30,-11
36.920029,6566,723,14926,-15,-66,-3,-21,-33,-9
36.930025,6589,711,14919,-20,-69,-1,-26,-36,-7
36.940028,6606,677,14906,-23,-70,-1,-29,-37,-7
36.950024,6600,679,14907,-28,-70,1,-34,-37,-5
36.960028,6613,668,14914,-35,-70,10,-41,-37,4
36.970025,6628,622,14913,-32,-68,13,-38,-35,7
36.980028,6636,602,14903,-19,-66,12,-25,-33,6
36.990025,6636,584,14908,-16,-65,12,-22,-32,6
37.000029,6640,590,14905,-10,-64,13,-16,-31,7
37.010025,6633,631,14882,-14,-63,16,-20,-30,10
37.020057,6637,652,14876,-18,-62,18,-24,-29,12
37.030026,6656,664,14898,-10,-59,16,-16,-26,10
37.040030,6650,665,14902,-2,-58,14,-8,-25,8
37.050136,6636,675,14900,-2,-61,11,-8,-28,5
37.060025,6621,692,14887,-8,-62,12,-14,-29,6
37.070025,6635,696,14876,-15,-63,11,-21,-30,5
37.080025,6666,665,14888,-24,-64,7,-30,-31,1
37.090024,6677,652,14884,-23,-63,4,-29,-30,-2
37.100024,6674,628,14871,-14,-58,5,-20,-25,-1
37.110025,6679,613,14866,-14,-55,8,-20,-22,2
37.120024,6690,607,14850,-13,-49,10,-19,-16,4
37.130025,6711,609,14853,-12,-45,9,-18,-12,3
37.140025,6704,619,14862,-8,-42,7,-14,-9,1
37.150024,6688,648,14879,2,-36,5,-4,-3,-1
37.160025,6702,658,14868,9,-34,2,3,-1,-4
37.170025,6701,654,14864,21,-29,-11,15,4,-17
37.180024,6695,649,14876,24,-28,-20,18,5,-26
37.190024,6677,649,14884,22,-27,-26,16,6,-32
37.200024,6643,659,14887,16,-28,-31,10,5,-37
37.210025,6645,677,14874,13,-29,-32,7,4,-38
37.220024,6663,675,14855,6,-26,-28,0,7,-34
37.230025,6663,669,14863,2,-25,-25,-4,8,-31
37.240024,6659,658,14860,-7,-18,-13,-13,15,-19
37.250024,6665,645,14854,-12,-13,-5,-18,20,-11
37.260024,6670,638,14858,-17,-9,2,-23,24,-4
37.270025,6693,633,14862,-14,-2,10,-20,31,4
37.280038,6693,633,14858,-9,0,9,-15,33,3
37.290031,6679,642,14874,-1,8,6,-7,41,0
37.300025,6657,662,14869,-2,11,8,-8,44,2
37.310025,6644,675,14861,-12,12,9,-18,45,3
37.320024,6639,681,14886,-11,11,7,-17,44,1
37.330024,6629,702,14924,-8,8,0,-14,41,-6
37.340024,6597,709,14952,8,1,-18,2,34,-24
37.350025,6568,708,14958,12,-2,-26,6,31,-32
37.360024,6551,703,14935,11,-11,-31,5,22,-37
37.370025,6559,706,14929,8,-15,-30,2,18,-36
37.380024,6564,707,14928,6,-22,-27,0,11,-33
37.390024,6578,695,14920,5,-26,-25,-1,7,-31
37.400024,6576,670,14921,2,-27,-22,-4,6,-28
37.410025,6603,632,14910,-10,-29,-13,-16,4,-19
37.420024,6619,610,14898,-14,-30,-11,-20,3,-17
37.430024,6633,597,14933,-16,-29,-14,-22,4,-20
37.440024,6623,615,14938,-12,-27,-16,-18,6,-22
37.450025,6622,630,14942,1,-29,-18,-5,4,-24
37.460027,6595,657,14930,7,-29,-19,1,4,-25
37.470025,6591,673,14910,7,-30,-17,1,3,-23
37.480024,6594,695,14888,0,-27,-3,-6,6,-9
37.490024,6590,703,14883,-5,-23,7,-11,10,1
37.500023,6594,696,14882,-18,-17,27,-24,16,21
37.510026,6620,651,14874,-22,-14,32,-28,19,26
37.520024,6615,635,14863,-25,-11,33,-31,22,27
37.530024,6601,639,14889,-32,-6,30,-38,27,24
37.540059,6588,652,14910,-34,-6,28,-40,27,22
37.550053,6543,686,14948,-33,-10,21,-39,23,15
37.560051,6541,678,14952,-27,-13,14,-33,20,8
37.570055,6570,673,14947,-10,-23,-1,-16,10,-7
37.580052,6584,650,14940,-1,-26,-7,-7,7,-13
37.590055,6607,631,14940,9,-32,-24,3,1,-30
37.600051,6599,631,14897,4,-32,-25,-2,1,-31
37.610054,6592,625,14908,-3,-32,-21,-9,1,-27
37.620051,6567,619,14930,-14,-32,-6,-20,1,-12
37.630055,6562,632,14941,-18,-32,2,-24,1,-4
37.640052,6568,628,14955,-19,-37,5,-25,-4,-1
37.650056,6582,616,14945,-16,-37,4,-22,-4,-2
37.660051,6560,617,14935,-18,-39,1,-24,-6,-5
37.670054,6586,638,14911,-21,-42,-1,-27,-9,-7
37.680051,6581,660,14915,-22,-44,-4,-28,-11,-10
37.690054,6575,645,14937,-25,-48,-5,-31,-15,-11
37.700051,6581,631,14944,-21,-48,-8,-27,-15,-14
37.710051,6591,630,14958,-3,-55,-33,-9,-22,-39
37.720051,6553,714,14949,9,-55,-50,3,-22,-56
37.730055,6511,805,14895,14,-58,-36,8,-25,-42
37.740051,6539,805,14922,-3,-63,-9,-9,-30,-15
37.750052,6559,791,14929,-6,-66,-4,-12,-33,-10
37.760051,6576,738,14913,-8,-73,-1,-14,-40,-7
37.770054,6579,700,14921,-5,-74,-2,-11,-41,-8
37.780052,6578,649,14926,7,-77,-4,1,-44,-10
37.790051,6605,599,14923,8,-78,-5,2,-45,-11
37.800051,6626,598,14916,7,-79,-8,1,-46,-14
37.810055,6688,628,14879,18,-75,-16,12,-42,-22
37.820051,6669,657,14894,25,-72,-23,19,-39,-29
37.830054,6634,694,14903,29,-70,-26,23,-37,-32
37.840050,6646,705,14885,24,-69,-21,18,-36,-27
37.850057,6655,665,14888,11,-65,-14,5,-32,-20
37.860052,6673,609,14883,6,-62,-11,0,-29,-17
37.870054,6693,612,14856,3,-58,-7,-3,-25,-13
37.880052,6722,620,14855,6,-47,-4,0,-14,-10
37.890054,6718,641,14860,9,-41,-6,3,-8,-12
37.900051,6699,659,14874,14,-32,-13,8,1,-19
37.910050,6687,666,14878,19,-29,-17,13,4,-23
37.920051,6679,700,14884,22,-29,-19,16,4,-25
37.930053,6677,716,14885,26,-27,-26,20,6,-32
37.940051,6675,721,14879,25,-26,-28,19,7,-34
37.950054,6680,737,14849,19,-22,-31,13,11,-37
37.960051,6683,755,14845,16,-20,-33,10,13,-39
37.970054,6674,764,14851,17,-12,-28,11,21,-34
37.980051,6634,752,14864,16,-7,-15,10,26,-21
37.990054,6642,694,14881,12,-2,-3,6,31,-9
38.000051,6668,603,14873,12,0,-7,6,33,-13
38.010052,6651,629,14864,10,1,-7,4,34,-13
38.020052,6640,712,14886,1,2,-6,-5,35,-12
38.030054,6636,751,14886,2,2,-6,-4,35,-12
38.040082,6636,784,14876,-6,1,-1,-12,34,-7
38.050054,6647,774,14863,-13,4,3,-19,37,-3
38.060054,6657,745,14854,-19,8,7,-25,41,1
38.070054,6638,686,14881,-30,15,13,-36,48,7
38.080055,6614,670,14919,-29,17,13,-35,50,7
38.090055,6598,679,14955,-14,19,8,-20,52,2
38.100049,6591,707,14962,-2,18,4,-8,51,-2
38.110050,6595,726,14957,18,16,-5,12,49,-11
38.120054,6580,756,14952,24,15,-10,18,48,-16
38.130050,6565,766,14950,27,12,-14,21,45,-20
38.140081,6544,795,14958,17,6,-16,11,39,-22
38.150054,6534,812,14952,9,2,-16,3,35,-22
38.160053,6519,807,14976,0,-7,-18,-6,26,-24
38.170054,6518,792,14985,2,-12,-19,-4,21,-25
38.180053,6527,768,14990,15,-24,-21,9,9,-27
38.190053,6552,700,14972,21,-27,-19,15,6,-25
38.200053,6549,683,14944,30,-28,-15,24,5,-21
38.210054,6555,703,14920,23,-28,0,17,5,-6
38.220054,6546,701,14932,15,-28,9,9,5,3
38.230054,6528,719,14947,0,-31,24,-6,2,18
38.240080,6496,770,15003,-6,-36,27,-12,-3,21
38.250053,6489,779,15015,-13,-42,28,-19,-9,22
38.260053,6487,766,15005,-22,-59,30,-28,-26,24
38.270054,6504,752,14989,-25,-67,29,-31,-34,23
38.280056,6552,700,14960,-28,-78,28,-34,-45,22
38.290052,6584,666,14940,-30,-81,26,-36,-48,20
38.300054,6620,637,14910,-39,-80,29,-45,-47,23
38.310051,6637,616,14902,-45,-76,31,-51,-43,25
38.320053,6630,623,14913,-48,-72,32,-54,-39,26
38.330054,6622,642,14930,-43,-69,35,-49,-36,29
38.340093,6631,663,14938,-37,-68,33,-43,-35,27
38.350053,6641,683,14928,-19,-66,21,-25,-33,15
38.360054,6631,682,14930,-10,-67,11,-16,-34,5
38.370054,6634,691,14934,1,-69,-7,-5,-36,-13
38.380052,6626,705,14948,8,-70,-14,2,-37,-20
38.390053,6617,724,14954,14,-71,-20,8,-38,-26
38.400054,6645,739,14904,19,-70,-27,13,-37,-33
38.410054,6641,744,14883,15,-68,-29,9,-35,-35
38.420053,6648,738,14861,-1,-63,-27,-7,-30,-33
38.430053,6658,736,14861,-11,-60,-23,-17,-27,-29
38.440079,6665,736,14868,-22,-53,-16,-28,-20,-22
38.450053,6693,708,14859,-26,-48,-11,-32,-15,-17
38.460053,6692,698,14859,-28,-41,-6,-34,-8,-12
38.470053,6664,690,14887,-27,-31,-1,-33,2,-7
38.480054,6661,690,14904,-24,-28,-2,-30,5,-8
38.490054,6648,686,14921,-9,-24,-3,-15,9,-9
38.500051,6627,697,14926,0,-24,-5,-6,9,-11
38.510050,6623,707,14916,6,-24,-5,0,9,-11
38.520054,6627,712,14895,8,-24,0,2,9,-6
38.530052,6638,712,14896,2,-24,5,-4,9,-1
38.540082,6642,712,14893,-11,-25,11,-17,8,5
38.550054,6643,716,14901,-16,-25,12,-22,8,6
38.560076,6641,717,14906,-16,-25,11,-22,8,5
38.570054,6625,719,14902,-15,-25,11,-21,8,5
38.580054,6627,713,14908,-14,-25,11,-20,8,5
38.590053,6617,706,14924,-11,-25,13,-17,8,7
38.600054,6608,697,14933,-11,-26,13,-17,7,7
38.610053,6584,710,14931,-7,-30,11,-13,3,5
38.620054,6584,701,14927,-4,-32,10,-10,1,4
38.630053,6584,680,14926,-2,-35,15,-8,-2,9
38.640112,6598,673,14917,-4,-36,18,-10,-3,12
38.650062,6594,683,14921,-8,-37,18,-14,-4,12
38.660054,6584,710,14935,-13,-40,15,-19,-7,9
38.670053,6587,720,14940,-11,-43,14,-17,-10,8
38.680053,6566,755,14944,-5,-53,13,-11,-20,7
38.690054,6565,741,14935,-4,-56,13,-10,-23,7
38.700052,6568,737,14925,-5,-61,21,-11,-28,15
38.710050,6595,691,14923,-1,-64,27,-7,-31,21
38.720054,6613,690,14901,-2,-66,28,-8,-33,22
38.730053,6602,652,14923,-14,-72,28,-20,-39,22
38.740094,6587,652,14949,-19,-74,30,-25,-41,24
38.750054,6595,701,14922,-22,-81,43,-28,-48,37
38.760054,6611,719,14904,-25,-82,50,-31,-49,44
38.770054,6624,708,14888,-30,-85,61,-36,-52,55
38.780054,6653,699,14863,-33,-85,65,-39,-52,59
38.790050,6689,698,14841,-39,-84,67,-45,-51,61
38.800053,6714,659,14815,-55,-77,68,-61,-44,62
38.810055,6726,642,14817,-63,-71,69,-69,-38,63
38.820084,6741,613,14822,-71,-57,72,-77,-24,66
38.830054,6765,535,14854,-70,-51,68,-76,-18,62
38.840232,6762,518,14878,-50,-44,38,-56,-11,32
38.850049,6731,549,14913,-32,-44,18,-38,-11,12
38.860046,6713,575,14914,-14,-45,0,-20,-12,-6
38.870048,6699,626,14871,13,-44,-17,7,-11,-23
38.880049,6706,633,14856,17,-42,-20,11,-9,-26
38.890188,6713,626,14840,6,-35,-17,0,-2,-23
38.900052,6733,586,14825,-3,-30,-14,-9,3,-20
38.910044,6753,573,14819,-8,-23,-10,-14,10,-16
38.920052,6736,571,14837,-16,-9,-7,-22,24,-13
38.930049,6719,580,14851,-19,-4,-6,-25,29,-12
38.940206,6683,604,14877,-20,1,-6,-26,34,-12
38.950041,6675,598,14900,-13,1,-9,-19,34,-15
38.960043,6674,603,14909,17,1,-23,11,34,-29
38.970043,6675,611,14898,32,0,-31,26,33,-37
38.980042,6672,619,14880,41,0,-34,35,33,-40
38.990042,6646,656,14881,39,2,-37,33,35,-43
39.000043,6623,677,14892,31,1,-34,25,34,-40
39.010042,6602,699,14915,20,-5,-29,14,28,-35
39.020042,6574,715,14930,20,-11,-29,14,22,-35
39.030042,6587,715,14925,20,-16,-28,14,17,-34
39.040137,6599,711,14901,17,-23,-18,11,10,-24
39.050051,6583,725,14875,10,-21,-5,4,12,-11
39.060053,6625,699,14888,-9,-15,31,-15,18,25
39.070054,6633,658,14914,-18,-15,41,-24,18,35
39.080053,6655,587,14946,-15,-27,24,-21,6,18
39.090054,6609,565,14954,-11,-33,16,-17,0,10
39.100052,6602,570,14961,-10,-38,8,-16,-5,2
39.110051,6606,608,14946,0,-46,0,-6,-13,-6
39.120053,6627,631,14918,6,-48,-1,0,-15,-7
39.130053,6659,689,14888,12,-48,-1,6,-15,-7
39.140084,6670,683,14881,13,-46,-1,7,-13,-7
39.150054,6673,687,14869,8,-40,0,2,-7,-6
39.160053,6677,683,14866,4,-37,1,-2,-4,-5
39.170053,6673,675,14870,3,-33,1,-3,0,-5
39.180053,6668,680,14874,7,-27,1,1,6,-5
39.190053,6674,687,14877,9,-25,0,3,8,-6
39.200052,6666,658,14891,13,-21,-4,7,12,-10
39.210053,6669,661,14899,16,-21,-8,10,12,-14
39.220052,6668,662,14890,18,-20,-16,12,13,-22
39.230052,6649,670,14904,22,-20,-20,16,13,-26
39.240078,6643,654,14911,27,-20,-24,21,13,-30
39.250053,6651,653,14891,36,-21,-23,30,12,-29
39.260053,6647,644,14876,35,-20,-19,29,13,-25
39.270062,6617,660,14882,23,-18,-5,17,15,-11
39.280088,6607,659,14906,14,-18,0,8,15,-6
39.290150,6596,659,14925,-8,-24,5,-14,9,-1
39.300085,6547,666,14962,-19,-30,4,-25,3,-2
39.310179,6538,677,14982,-28,-39,-1,-34,-6,-7
39.320054,6549,665,14985,-32,-60,-14,-38,-27,-20
39.330071,6578,670,14972,-27,-68,-18,-33,-35,-24
39.340098,6622,668,14921,-20,-79,-18,-26,-46,-24
39.350066,6637,687,14894,-16,-80,-15,-22,-47,-21
39.360066,6657,705,14882,-18,-80,-9,-24,-47,-15
39.370064,6671,695,14862,-24,-75,0,-30,-42,-6
39.380061,6664,707,14869,-29,-73,6,-35,-40,0
39.390069,6548,728,14852,-34,-67,17,-40,-34,11
39.400063,6504,764,14819,-25,-61,17,-31,-28,11
39.410060,6528,812,14819,4,-43,3,-2,-10,-3
39.420069,6656,822,14883,18,-38,1,12,-5,-5
39.430073,6524,782,14841,22,-38,-3,16,-5,-9
39.440073,6803,712,14936,11,-46,-4,5,-13,-10
39.450159,6725,645,14956,-3,-55,-1,-9,-22,-7
39.460067,6732,617,14938,-20,-68,3,-26,-35,-3
39.470064,6700,613,14944,-17,-72,3,-23,-39,-3
39.480061,6690,608,14940,0,-77,8,-6,-44,2
39.490023,6729,605,14893,9,-77,9,3,-44,3
39.500029,6740,614,14868,14,-75,10,8,-42,4
39.510023,6722,638,14868,15,-72,10,9,-39,4
39.520024,6720,651,14865,16,-70,6,10,-37,0
39.530022,6717,658,14866,15,-72,-7,9,-39,-13
39.540030,6718,689,14871,15,-74,-19,9,-41,-25
39.550059,6734,712,14866,17,-75,-31,11,-42,-37
39.560027,6710,733,14863,25,-74,-53,19,-41,-59
39.570023,6720,711,14863,28,-75,-60,22,-42,-66
39.580027,6716,700,14856,35,-74,-64,29,-41,-70
39.590023,6703,703,14850,34,-72,-61,28,-39,-67
39.600026,6715,689,14840,25,-68,-48,19,-35,-54
39.610045,6749,674,14809,19,-64,-39,13,-31,-45
39.620028,6756,702,14795,12,-57,-29,6,-24,-35
39.630024,6768,744,14795,-7,-45,-11,-13,-12,-17
39.640063,6761,737,14813,-13,-39,-7,-19,-6,-13
39.650026,6743,706,14825,-22,-31,-3,-28,2,-9
39.660027,6739,711,14840,-27,-28,-2,-33,5,-8
39.670022,6733,716,14843,-32,-24,0,-38,9,-6
39.680025,6725,744,14859,-33,-24,2,-39,9,-4
39.690023,6723,748,14866,-33,-23,4,-39,10,-2
39.700025,6739,728,14848,-21,-23,4,-27,10,-2
39.710022,6741,714,14836,-17,-21,4,-23,12,-2
39.720026,6747,700,14818,-19,-15,10,-25,18,4
39.730023,6748,692,14833,-22,-10,13,-28,23,7
39.740026,6736,694,14855,-28,-4,19,-34,29,13
39.750023,6700,714,14880,-27,-3,21,-33,30,15
39.760026,6689,722,14889,-22,-1,23,-28,32,17
39.770023,6702,729,14876,-17,-2,23,-23,31,17
39.780028,6697,720,14883,-13,-3,24,-19,30,18
39.790023,6698,718,14899,-10,-6,22,-16,27,16
39.800026,6694,672,14916,-5,-8,19,-11,25,13
39.810023,6677,654,14915,0,-11,14,-6,22,8
39.820036,6666,646,14908,2,-18,8,-4,15,2
39.830032,6660,672,14905,2,-22,5,-4,11,-1
39.840027,6674,702,14891,0,-28,2,-6,5,-4
39.850024,6679,699,14887,-1,-30,2,-7,3,-4
39.860025,6687,698,14875,-8,-30,3,-14,3,-3
39.870023,6715,687,14843,-14,-28,3,-20,5,-3
39.880025,6710,672,14851,-17,-28,2,-23,5,-4
39.890037,6703,634,14888,-12,-27,-1,-18,6,-7
39.900028,6700,641,14890,-7,-27,-4,-13,6,-10
39.910022,6700,669,14875,0,-25,0,-6,8,-6
39.920025,6692,679,14867,2,-25,3,-4,8,-3
39.930023,6702,711,14849,6,-23,11,0,10,5
39.940026,6692,751,14863,5,-23,14,-1,10,8
39.950022,6685,771,14853,3,-22,15,-3,11,9
39.960025,6678,736,14884,-7,-23,13,-13,10,7
39.970023,6679,720,14880,-11,-24,10,-17,9,4
39.980025,6670,686,14908,-11,-29,3,-17,4,-3
39.990022,6665,653,14921,-10,-32,4,-16,1,-2
40.000037,6667,632,14923,-5,-32,8,-11,1,2
40.010021,6693,633,14888,-4,-31,12,-10,2,6
40.020026,6707,620,14888,-2,-30,13,-8,3,7
40.030024,6716,623,14882,2,-29,12,-4,4,6
40.040026,6719,639,14877,4,-29,8,-2,4,2
40.050023,6723,638,14874,4,-27,0,-2,6,-6
40.060026,6729,661,14862,2,-26,-4,-4,7,-10
40.070052,6730,685,14852,1,-23,-6,-5,10,-12
40.080069,6710,719,14856,1,-18,-9,-5,15,-15
40.090025,6701,741,14868,6,-17,-11,0,16,-17
40.100030,6662,766,14909,15,-19,-17,9,14,-23
40.110021,6633,771,14918,18,-23,-21,12,10,-27
40.120026,6630,763,14917,15,-32,-28,9,1,-34
40.130023,6636,747,14902,12,-36,-29,6,-3,-35
40.140026,6646,751,14900,7,-39,-31,1,-6,-37
40.150023,6647,744,14894,-1,-45,-33,-7,-12,-39
40.160026,6652,733,14890,-3,-46,-32,-9,-13,-38
40.170023,6673,746,14885,-4,-49,-23,-10,-16,-29
40.180026,6676,733,14873,-1,-49,-18,-7,-16,-24
40.190023,6701,710,14877,-5,-45,-1,-11,-12,-7
40.200026,6699,660,14874,-11,-43,7,-17,-10,1
40.210022,6702,668,14888,-18,-41,14,-24,-8,8
40.220025,6665,723,14908,-21,-42,23,-27,-9,17
40.230023,6647,736,14920,-21,-45,24,-27,-12,18
40.240026,6624,750,14927,-22,-54,25,-28,-21,19
40.250022,6620,744,14923,-26,-60,28,-32,-27,22
40.260026,6623,740,14928,-31,-72,35,-37,-39,29
40.270022,6625,704,14924,-33,-78,36,-39,-45,30
40.280040,6619,694,14932,-31,-84,36,-37,-51,30
40.290022,6620,721,14960,-22,-102,33,-28,-69,27
40.300029,6601,693,14952,-17,-110,32,-23,-77,26
40.310022,6598,669,14928,-19,-127,41,-25,-94,35
40.320026,6597,655,14934,-29,-135,47,-35,-102,41
40.330023,6600,631,14938,-37,-143,54,-43,-110,48
40.340026,6603,642,14939,-42,-163,67,-48,-130,61
40.350022,6626,635,14926,-53,-175,73,-59,-142,67
40.360026,6602,704,14922,-71,-197,88,-77,-164,82
40.370022,6529,880,14863,-80,-208,124,-86,-175,118
40.380026,6483,986,14826,-139,-214,269,-145,-181,263
40.390022,6694,690,14933,-148,-227,282,-154,-194,276
40.400025,6727,617,14932,-137,-240,263,-143,-207,257
40.410022,6667,634,14900,-148,-265,240,-154,-232,234
40.420026,6699,495,14973,-162,-285,215,-168,-252,209
40.430022,6705,498,15009,-126,-331,176,-132,-298,170
40.440026,6685,506,15026,-118,-362,169,-124,-329,163
40.450023,6695,482,15057,-96,-438,166,-102,-405,160
40.460025,6730,557,15050,-86,-484,170,-92,-451,164
40.470023,6750,503,15056,-88,-538,173,-94,-505,167
40.480025,6811,500,15045,-94,-656,136,-100,-623,130
40.490022,6758,552,15044,-100,-718,116,-106,-685,110
40.500024,6736,563,15072,-109,-855,106,-115,-822,100
40.510021,6776,567,15061,-103,-930,97,-109,-897,91
40.520027,6795,639,14925,-94,-1083,94,-100,-1050,88
40.530021,7047,454,14816,-96,-1142,83,-102,-1109,77
40.540026,7176,371,14745,-85,-1186,67,-91,-1153,61
40.550063,7379,346,14516,-28,-1223,37,-34,-1190,31
40.560048,7485,368,14433,-2,-1223,33,-8,-1190,27
40.570024,7632,284,14230,58,-1177,87,52,-1144,81
40.580027,7826,190,14245,68,-1152,78,62,-1119,72
40.590023,7919,174,14115,95,-1084,57,89,-1051,51
40.600025,8076,108,14012,95,-1041,68,89,-1008,62
40.610023,8085,120,14022,88,-996,89,82,-963,83
40.620027,8121,193,14095,90,-932,151,84,-899,145
40.630023,8154,291,14094,110,-922,186,104,-889,180
40.640026,8215,344,14069,130,-929,251,124,-896,245
40.650023,8417,209,13929,135,-929,271,129,-896,265
40.660026,8519,96,13850,137,-919,287,131,-886,281
40.670021,8627,90,13717,123,-881,313,117,-848,307
40.680025,8622,138,13709,88,-863,334,82,-830,328
40.690022,8643,200,13720,14,-859,382,8,-826,376
40.700026,8670,231,13676,-30,-872,411,-36,-839,405
40.710021,8702,310,13621,-120,-915,456,-126,-882,450
40.720025,8834,204,13703,-150,-932,454,-156,-899,448
40.730021,8885,226,13652,-154,-944,442,-160,-911,436
40.740026,9005,263,13531,-136,-954,414,-142,-921,408
40.750022,9066,180,13542,-112,-948,394,-118,-915,388
40.760025,9087,207,13455,-39,-916,354,-45,-883,348
40.770023,9158,249,13377,-18,-891,353,-24,-858,347
40.780025,9225,253,13355,6,-836,334,0,-803,328
40.790024,9246,168,13350,26,-807,330,20,-774,324
40.800025,9300,153,13342,49,-780,328,43,-747,322
40.810022,9453,75,13317,103,-730,318,97,-697,312
40.820025,9539,38,13300,137,-710,307,131,-677,301
40.830022,9573,17,13305,208,-684,263,202,-651,257
40.840025,9559,64,13267,241,-675,243,235,-642,237
40.850022,9579,70,13222,270,-665,217,264,-632,211
40.860025,9607,101,13177,277,-664,208,271,-631,202
40.870021,9617,163,13147,276,-670,205,270,-637,199
40.880025,9560,313,13128,262,-724,220,256,-691,214
40.890022,9622,345,13092,255,-774,232,249,-741,226
40.900005,9631,409,13072,211,-887,255,205,-854,249
40.910022,9690,438,13003,174,-947,261,168,-914,255
40.920022,9698,433,12976,133,-1006,257,127,-973,251
40.930022,9805,376,12909,86,-1132,257,80,-1099,251
40.940026,9736,356,12913,59,-1195,259,53,-1162,253
40.950021,9844,294,12741,-20,-1341,271,-26,-1308,265
40.960026,10051,212,12657,-66,-1405,275,-72,-1372,269
40.970022,10084,110,12516,-146,-1473,277,-152,-1440,271
40.980025,10320,-157,12430,-160,-1479,279,-166,-1446,273
40.990021,10316,-198,12382,-136,-1486,268,-142,-1453,262
41.000025,10629,-241,12324,-73,-1462,233,-79,-1429,227
41.010022,10755,-257,12295,-30,-1434,217,-36,-1401,211
41.020026,10849,-230,12100,37,-1363,191,31,-1330,185
41.030021,10870,-275,12089,48,-1322,189,42,-1289,183
41.040025,11046,-389,12051,63,-1250,236,57,-1217,230
41.050022,11052,-455,11925,61,-1223,266,55,-1190,260
41.060026,11120,-416,11883,50,-1204,301,44,-1171,295
41.070022,11112,-367,11847,42,-1170,350,36,-1137,344
41.080025,11107,-338,11819,57,-1175,371,51,-1142,365
41.090022,11192,-342,11709,89,-1208,397,83,-1175,391
41.100025,11181,-373,11627,105,-1231,410,99,-1198,404
41.110021,11203,-407,11566,133,-1254,452,127,-1221,446
41.120025,11455,-418,11456,156,-1260,462,150,-1227,456
41.130021,11548,-403,11438,188,-1274,464,182,-1241,458
41.140025,11591,-411,11284,227,-1330,439,221,-1297,433
41.150022,11631,-293,11211,231,-1379,436,225,-1346,430
41.160026,11608,-253,11094,194,-1478,449,188,-1445,443
41.170022,11776,-247,10919,162,-1527,448,156,-1494,442
41.180026,11846,-191,10889,132,-1573,432,126,-1540,426
41.190021,11946,-12,10737,75,-1651,388,69,-1618,382
41.200024,12049,36,10653,50,-1684,373,44,-1651,367
41.210022,12199,-22,10486,23,-1735,337,17,-1702,331
41.220022,12251,-110,10420,26,-1753,321,20,-1720,315
41.230021,12371,-229,10323,69,-1774,272,63,-1741,266
41.240021,12603,-312,10192,93,-1767,247,87,-1734,241
41.250022,12721,-364,10152,119,-1749,230,113,-1716,224
41.260021,12811,-498,9950,169,-1702,206,163,-1669,200
41.270022,12923,-580,9904,175,-1664,207,169,-1631,201
41.280038,13099,-658,9815,192,-1569,223,186,-1536,217
41.290020,13139,-680,9809,223,-1533,229,217,-1500,223
41.300027,13151,-686,9774,309,-1488,219,303,-1455,213
41.310022,13178,-558,9555,349,-1482,210,343,-1449,204
41.320023,13187,-486,9453,389,-1479,201,383,-1446,195
41.330022,13188,-481,9311,449,-1493,193,443,-1460,187
41.340022,13142,-503,9167,475,-1511,196,469,-1478,190
41.350021,13281,-414,8759,465,-1571,238,459,-1538,232
41.360022,13476,-420,8641,405,-1592,264,399,-1559,258
41.370022,13566,-451,8461,278,-1596,319,272,-1563,313
41.380064,13704,-384,8296,210,-1595,350,204,-1562,344
41.390048,13666,-473,8183,142,-1589,377,136,-1556,371
41.400033,13899,-419,8080,32,-1578,420,26,-1545,414
41.410038,13931,-395,7982,-31,-1565,439,-37,-1532,433
41.420029,14030,-423,7913,-142,-1562,452,-148,-1529,446
41.430041,13951,-473,7813,-177,-1567,449,-183,-1534,443
41.440027,13951,-504,7756,-223,-1599,454,-229,-1566,448
41.450022,14059,-646,7534,-263,-1620,461,-269,-1587,455
41.460024,14095,-721,7409,-294,-1650,458,-300,-1617,452
41.470021,14236,-879,7289,-349,-1710,447,-355,-1677,441
41.480023,14265,-890,7175,-361,-1746,433,-367,-1713,427
41.490022,14220,-864,7091,-360,-1821,395,-366,-1788,389
41.500023,14346,-843,6918,-367,-1857,355,-373,-1824,349
41.510020,14422,-920,6886,-383,-1875,311,-389,-1842,305
41.520023,14503,-1160,6712,-395,-1905,255,-401,-1872,249
41.530022,14503,-1209,6601,-379,-1923,258,-385,-1890,252
41.540022,14523,-1296,6414,-302,-1945,213,-308,-1912,207
41.550022,14781,-1414,6269,-254,-1937,171,-260,-1904,165
41.560022,14850,-1430,6197,-220,-1917,125,-226,-1884,119
41.570021,15020,-1441,6141,-211,-1866,109,-217,-1833,103
41.580041,15027,-1313,6100,-156,-1805,106,-162,-1772,100
41.590024,15365,-1199,6075,78,-1708,-98,72,-1675,-104
41.600022,15363,-1123,6003,243,-1670,-275,237,-1637,-281
41.610021,15850,-952,5900,497,-1555,-547,491,-1522,-553
41.620022,16050,-891,5794,566,-1481,-615,560,-1448,-621
41.630021,16011,-825,5647,646,-1328,-631,640,-1295,-637
41.640021,15849,-609,5323,658,-1259,-595,652,-1226,-601
41.650056,15863,-551,5180,654,-1197,-549,648,-1164,-555
41.660041,15988,-537,5036,541,-1081,-413,535,-1048,-419
41.670022,15898,-523,4934,462,-1027,-330,456,-994,-336
41.680022,15722,-526,4724,295,-949,-167,289,-916,-173
41.690021,15567,-614,4668,227,-930,-107,221,-897,-113
41.700021,15410,-734,4622,140,-957,-25,134,-924,-31
41.710021,15220,-919,4488,101,-991,7,95,-958,1
41.720023,15153,-1031,4372,69,-1038,38,63,-1005,32
41.730021,15214,-978,4130,-26,-1148,93,-32,-1115,87
41.740021,15145,-910,4014,-88,-1201,112,-94,-1168,106
41.750021,15211,-856,4021,-191,-1309,107,-197,-1276,101
41.760021,15309,-931,3995,-211,-1361,82,-217,-1328,76
41.770022,15260,-885,4028,-210,-1417,34,-216,-1384,28
41.780021,15197,-820,3839,-181,-1512,-102,-187,-1479,-108
41.790021,15194,-786,3787,-150,-1557,-169,-156,-1524,-175
41.800027,15383,-787,3562,-74,-1597,-224,-80,-1564,-230
41.810028,15485,-782,3419,-60,-1600,-220,-66,-1567,-226
41.820022,15607,-731,3293,-68,-1597,-189,-74,-1564,-195
41.830022,15860,-620,3133,-77,-1583,-180,-83,-1550,-186
41.840022,15948,-586,3078,-87,-1550,-172,-93,-1517,-178
41.850021,16483,-484,3105,-128,-1473,-139,-134,-1440,-145
41.860021,16615,-372,3158,-165,-1418,-73,-171,-1385,-79
41.870020,16616,-288,3072,-203,-1280,85,-209,-1247,79
41.880021,16606,-383,3000,-184,-1226,109,-190,-1193,103
41.890022,16611,-449,2927,-135,-1114,126,-141,-1081,120
41.900021,16842,-573,2881,-107,-1040,130,-113,-1007,124
41.910024,16954,-577,2840,-73,-952,132,-79,-919,126
41.920022,16923,-766,2767,19,-756,118,13,-723,112
41.930021,16803,-801,2703,79,-671,99,73,-638,93
41.940022,16521,-785,2597,189,-547,55,183,-514,49
41.950021,16355,-783,2503,230,-513,32,224,-480,26
41.960021,16210,-806,2414,292,-488,-3,286,-455,-9
41.970021,16031,-761,2200,301,-493,-14,295,-460,-20
41.980021,15943,-702,2089,289,-503,-18,283,-470,-24
41.990134,15797,-780,2042,207,-550,-14,201,-517,-20
42.000023,15753,-812,1939,172,-586,-7,166,-553,-13
42.010021,15754,-800,1802,83,-660,7,77,-627,1
42.020041,15743,-796,1677,36,-700,5,30,-667,-1
42.030022,15710,-792,1657,0,-744,-1,-6,-711,-7
42.040022,15798,-665,1674,-42,-840,-27,-48,-807,-33
42.050021,15869,-601,1664,-49,-877,-37,-55,-844,-43
42.060020,16033,-513,1665,-35,-919,-55,-41,-886,-61
42.070021,16144,-443,1662,-23,-930,-70,-29,-897,-76
42.080021,16183,-378,1641,15,-934,-103,9,-901,-109
42.090022,16317,-344,1541,37,-925,-123,31,-892,-129
42.100023,16442,-362,1506,60,-908,-140,54,-875,-146
42.110025,16585,-494,1399,95,-849,-165,89,-816,-171
42.120023,16658,-489,1332,118,-813,-180,112,-780,-186
42.130021,16679,-408,1284,153,-730,-211,147,-697,-217
42.140021,16855,-368,1349,156,-669,-210,150,-636,-216
42.150022,16897,-396,1408,189,-515,-198,183,-482,-204
42.160023,16762,-530,1366,246,-444,-195,240,-411,-201
42.170021,16700,-615,1215,308,-384,-194,302,-351,-200
42.180022,16614,-631,958,350,-290,-184,344,-257,-190
42.190021,16502,-616,896,336,-251,-175,330,-218,-181
42.200022,16265,-633,877,292,-216,-154,286,-183,-160
42.210021,16155,-624,810,270,-216,-142,264,-183,-148
42.220021,15999,-618,722,220,-279,-141,214,-246,-147
42.230020,15870,-486,592,179,-318,-137,173,-285,-143
42.240021,15859,-421,567,137,-351,-128,131,-318,-134
42.250021,15812,-328,583,76,-426,-121,70,-393,-127
42.260021,15830,-206,644,55,-456,-113,49,-423,-119
42.270021,16023,-144,770,39,-504,-97,33,-471,-103
42.280031,16036,-156,785,48,-519,-100,42,-486,-106
42.290028,16076,-178,811,60,-535,-108,54,-502,-114
42.300022,16272,-223,795,73,-550,-114,67,-517,-120
42.310024,16425,-261,741,74,-559,-111,68,-526,-117
42.320022,16525,-333,730,51,-592,-107,45,-559,-113
42.330021,16545,-313,751,42,-624,-109,36,-591,-115
42.340021,16559,-313,717,37,-663,-117,31,-630,-123
42.350021,16495,-255,701,49,-659,-112,43,-626,-118
42.360021,16435,-245,719,53,-644,-98,47,-611,-104
42.370020,16279,-269,525,79,-581,-38,73,-548,-44
42.380021,16178,-351,410,87,-563,-9,81,-530,-15
42.390021,15924,-677,-41,93,-571,23,87,-538,17
42.400022,15795,-699,-178,99,-630,-18,93,-597,-24
42.410021,15865,-559,-211,28,-591,-30,22,-558,-36
42.420021,16642,-354,-216,8,-474,-44,2,-441,-50
42.430021,16458,-382,-165,26,-373,-55,20,-340,-61
42.440021,16527,-240,-110,65,-244,-119,59,-211,-125
42.450021,16499,-180,-114,81,-204,-165,75,-171,-171
42.460021,16380,0,-155,118,-149,-242,112,-116,-248
42.470021,16394,121,-192,113,-127,-237,107,-94,-243
42.480021,16498,211,-267,42,-90,-171,36,-57,-177
42.490021,16408,265,-339,2,-74,-144,-4,-41,-150
42.500049,16339,258,-296,-27,-61,-124,-33,-28,-130
42.510024,16225,235,-166,-52,-46,-106,-58,-13,-112
42.520022,16167,172,-108,-48,-42,-98,-54,-9,-104
42.530021,16094,-32,-70,-25,-41,-61,-31,-8,-67
42.540021,16074,-91,-33,-14,-38,-27,-20,-5,-33
42.550020,16243,-286,-5,0,-42,-18,-6,-9,-24
42.560020,16354,-319,45,9,-42,-14,3,-9,-20
42.570020,16332,-350,80,27,-40,-7,21,-7,-13
42.580020,16325,-388,51,67,-38,5,61,-5,-1
42.590021,16258,-436,55,78,-41,4,72,-8,-2
42.600020,16178,-459,37,102,-50,-22,96,-17,-28
42.610021,16119,-412,-51,110,-54,-46,104,-21,-52
42.620021,16153,-340,-82,114,-58,-72,108,-25,-78
42.630020,16370,-219,-112,86,-60,-99,80,-27,-105
42.640021,16384,-188,-60,71,-60,-99,65,-27,-105
42.650025,16412,-112,17,73,-60,-123,67,-27,-129
42.660021,16399,-117,28,88,-60,-149,82,-27,-155
42.670021,16370,-115,26,105,-67,-204,99,-34,-210
42.680021,16315,-115,-89,100,-67,-216,94,-34,-222
42.690021,16289,-75,-103,82,-66,-215,76,-33,-221
42.700021,16264,-35,-91,40,-61,-185,34,-28,-191
42.710023,16265,11,-101,22,-61,-173,16,-28,-179
42.720022,16282,53,-105,-8,-56,-158,-14,-23,-164
42.730021,16294,70,-124,-13,-53,-156,-19,-20,-162
42.740021,16297,81,-112,-8,-47,-164,-14,-14,-170
42.750021,16273,106,-109,-2,-49,-166,-8,-16,-172
42.760076,16267,144,-125,-1,-51,-160,-7,-18,-166
42.770175,16371,209,-128,-8,-47,-121,-14,-14,-127
42.780050,16416,252,-144,-13,-44,-98,-19,-11,-104
42.790052,16370,235,-147,-11,-36,-67,-17,-3,-73
42.800055,16366,273,-158,-13,-32,-53,-19,1,-59
42.810052,16336,276,-160,-27,-26,0,-33,7,-6
42.820054,16261,268,-172,-34,-22,36,-40,11,30
42.830050,16222,246,-180,-47,-18,83,-53,15,77
42.840051,16334,-64,-268,-76,-7,176,-82,26,170
42.850079,16167,-107,-273,-73,-2,124,-79,31,118
42.860053,16093,-162,-261,-90,9,168,-96,42,162
42.870039,16115,-241,-297,-112,30,189,-118,63,183
42.880043,16033,-303,-284,-122,30,232,-128,63,226
42.890022,16004,-349,-370,-178,39,393,-184,72,387
42.900020,15985,-351,-384,-214,43,458,-220,76,452
42.910020,16122,-328,-243,-274,33,512,-280,66,506
42.920019,16215,-271,-157,-286,23,492,-292,56,486
42.930022,16283,-194,-62,-275,5,387,-281,38,381
42.940021,16377,-44,224,-252,1,317,-258,34,311
42.950021,16395,15,301,-216,-2,238,-222,31,232
42.960020,16358,66,406,-141,-16,94,-147,17,88
42.970021,16330,25,339,-105,-27,36,-111,6,30
42.980020,16314,-2,171,-34,-38,-83,-40,-5,-89
42.990021,16301,-35,124,-10,-45,-158,-16,-12,-164
43.000021,16304,-48,90,17,-58,-263,11,-25,-269
43.010020,16305,-60,22,24,-60,-275,18,-27,-281
43.020020,16296,-53,-3,29,-60,-275,23,-27,-281
43.030021,16299,-49,-24,36,-63,-282,30,-30,-288
43.040020,16315,-9,-51,41,-66,-299,35,-33,-305
43.050021,16279,6,-41,40,-67,-329,34,-34,-335
43.060020,16319,50,-48,46,-69,-334,40,-36,-340
43.070020,16317,58,-65,39,-66,-297,33,-33,-303
43.080020,16229,61,-90,28,-61,-259,22,-28,-265
43.090020,16179,65,-65,16,-57,-219,10,-24,-225
43.100020,16146,94,-72,1,-53,-149,-5,-20,-155
43.110020,16133,110,-65,0,-48,-113,-6,-15,-119
43.120019,16172,101,-71,-3,-41,-63,-9,-8,-69
43.130020,16217,18,-96,-6,-39,-49,-12,-6,-55
43.140020,16244,-33,-83,-14,-37,-45,-20,-4,-51
43.150019,16262,-81,-41,-20,-38,-52,-26,-5,-58
43.160020,16266,-82,-50,-18,-38,-56,-24,-5,-62
43.170020,16245,-23,-69,-17,-35,-63,-23,-2,-69
43.180028,16231,7,-81,-26,-36,-61,-32,-3,-67
43.190022,16218,23,-87,-49,-34,-32,-55,-1,-38
43.200021,16217,108,-51,-58,-34,-12,-64,-1,-18
43.210021,16236,111,-52,-62,-33,-4,-68,0,-10
43.220020,16277,96,-69,-55,-33,-4,-61,0,-10
43.230021,16302,67,-77,-50,-32,-3,-56,1,-9
43.240021,16369,42,-89,-49,-29,-12,-55,4,-18
43.250036,16380,31,-69,-52,-29,-28,-58,4,-34
43.260037,16408,49,-78,-51,-31,-60,-57,2,-66
43.270022,16401,98,-75,-48,-30,-65,-54,3,-71
43.280038,16389,132,-83,-44,-29,-62,-50,4,-68
43.290020,16353,194,-79,-33,-27,-68,-39,6,-74
43.300020,16433,191,-122,-28,-29,-73,-34,4,-79
43.310020,16364,199,-141,-32,-29,-63,-38,4,-69
43.320019,16269,191,-140,-33,-28,-51,-39,5,-57
43.330021,16153,200,-159,-28,-30,-49,-34,3,-55
43.340020,16040,205,-144,-26,-30,-51,-32,3,-57
43.350021,16049,223,-171,-29,-31,-45,-35,2,-51
43.360021,16108,253,-112,-42,-30,-16,-48,3,-22
43.370020,16143,257,-82,-48,-29,0,-54,4,-6
43.380020,16191,232,11,-50,-28,24,-56,5,18
43.390020,16210,229,49,-45,-29,30,-51,4,24
43.400021,16220,186,75,-36,-30,32,-42,3,26
43.410020,16250,161,5,-15,-32,31,-21,1,25
43.420021,16263,155,-9,-14,-32,26,-20,1,20
43.430021,16290,144,-37,-14,-33,3,-20,0,-3
43.440020,16279,154,-35,-15,-34,-7,-21,-1,-13
43.450020,16270,161,-52,-17,-35,-19,-23,-2,-25
43.460019,16248,173,-57,-20,-35,-22,-26,-2,-28
43.470019,16262,157,-64,-25,-35,-26,-31,-2,-32
43.480020,16242,125,-77,-31,-34,-36,-37,-1,-42
43.490020,16248,89,-69,-32,-32,-34,-38,1,-40
43.500020,16281,30,-73,-36,-31,-23,-42,2,-29
43.510020,16247,42,-61,-39,-28,-18,-45,5,-24
43.520019,16234,-5,-66,-30,-28,-15,-36,5,-21
43.530020,16279,9,-67,-28,-28,-26,-34,5,-32
43.540020,16261,52,-61,-27,-29,-34,-33,4,-40
43.550020,16286,37,-55,-21,-30,-57,-27,3,-63
43.560030,16296,89,-63,-16,-32,-81,-22,1,-87
43.570031,16302,111,-95,-5,-34,-105,-11,-1,-111
43.580020,16330,176,-104,-4,-33,-116,-10,0,-122
43.590021,16314,197,-77,-5,-32,-139,-11,1,-145
43.600019,16264,258,-101,-4,-26,-127,-10,7,-133
43.610019,16241,268,-70,-9,-22,-112,-15,11,-118
43.620019,16220,297,-72,-12,-25,-86,-18,8,-92
43.630020,16227,291,-73,-10,-27,-74,-16,6,-80
43.640019,16239,238,-54,-4,-31,-61,-10,2,-67
43.650020,16240,210,-42,0,-35,-62,-6,-2,-68
43.660019,16229,188,-48,8,-37,-65,2,-4,-71
43.670020,16237,203,-70,6,-37,-64,0,-4,-70
43.680028,16231,211,-80,2,-39,-64,-4,-6,-70
43.690021,16207,275,-61,-2,-38,-52,-8,-5,-58
43.700024,16202,294,-62,-3,-37,-40,-9,-4,-46
43.710020,16192,283,-63,-1,-37,-25,-7,-4,-31
43.720023,16196,254,-88,2,-37,-20,-4,-4,-26
43.730020,16206,246,-113,1,-36,-14,-5,-3,-20
43.740024,16402,126,-89,-13,-40,-33,-19,-7,-39
43.750019,16368,80,-55,-15,-42,-72,-21,-9,-78
43.760023,16355,70,-74,-1,-46,-137,-7,-13,-143
43.770020,16320,127,-76,1,-47,-163,-5,-14,-169
43.780023,16286,207,-70,-3,-49,-195,-9,-16,-201
43.790020,16254,343,-81,-8,-49,-198,-14,-16,-204
43.800022,16247,396,-79,-11,-49,-197,-17,-16,-203
43.810020,16245,474,-72,-14,-50,-185,-20,-17,-191
43.820022,16242,489,-77,-14,-49,-175,-20,-16,-181
43.830019,16239,534,-110,-17,-49,-153,-23,-16,-159
43.840022,16233,530,-102,-19,-48,-142,-25,-15,-148
43.850019,16237,532,-99,-18,-44,-121,-24,-11,-127
43.860022,16232,518,-97,-18,-43,-113,-24,-10,-119
43.870020,16229,533,-97,-15,-42,-105,-21,-9,-111
43.880022,16226,531,-101,-16,-41,-88,-22,-8,-94
43.890018,16229,518,-96,-15,-40,-79,-21,-7,-85
43.900023,16250,490,-87,-2,-40,-67,-8,-7,-73
43.910019,16253,464,-72,0,-40,-64,-6,-7,-70
43.920022,16261,441,-76,1,-42,-66,-5,-9,-72
43.930021,16287,398,-78,1,-41,-71,-5,-8,-77
43.940022,16287,382,-67,3,-41,-76,-3,-8,-82
43.950020,16265,420,-65,3,-44,-92,-3,-11,-98
43.960023,16257,438,-89,1,-44,-95,-5,-11,-101
43.970020,16256,455,-112,-9,-38,-75,-15,-5,-81
43.980023,16225,507,-81,-17,-37,-64,-23,-4,-70
43.990019,16236,523,-83,-21,-37,-53,-27,-4,-59
44.000023,16249,583,-79,-23,-39,-47,-29,-6,-53
44.010019,16252,575,-81,-22,-39,-49,-28,-6,-55
44.020022,16266,567,-91,-26,-39,-52,-32,-6,-58
44.030020,16271,564,-86,-26,-40,-59,-32,-7,-65
44.040023,16270,562,-85,-20,-42,-81,-26,-9,-87
44.050020,16271,562,-107,-21,-42,-91,-27,-9,-97
44.060002,16285,537,-103,-23,-42,-103,-29,-9,-109
44.070020,16262,523,-89,-18,-42,-127,-24,-9,-133
44.080039,16262,531,-86,-13,-42,-137,-19,-9,-143
44.090020,16237,591,-64,0,-43,-140,-6,-10,-146
44.100019,16224,650,-70,4,-44,-136,-2,-11,-142
44.110019,16224,699,-78,8,-45,-118,2,-12,-124
44.120021,16222,765,-113,5,-46,-108,-1,-13,-114
44.130019,16220,767,-114,1,-45,-96,-5,-12,-102
44.140019,16222,764,-111,-5,-45,-71,-11,-12,-77
44.150020,16222,753,-119,-9,-44,-60,-15,-11,-66
44.160019,16233,723,-120,-16,-40,-44,-22,-7,-50
44.170019,16243,712,-118,-17,-39,-37,-23,-6,-43
44.180017,16234,701,-121,-19,-39,-32,-25,-6,-38
44.190019,16239,712,-104,-20,-39,-29,-26,-6,-35
44.200020,16240,711,-93,-22,-39,-28,-28,-6,-34
44.210019,16228,723,-99,-19,-38,-21,-25,-5,-27
44.220019,16235,724,-123,-13,-38,-15,-19,-5,-21
44.230019,16243,733,-129,-8,-36,0,-14,-3,-6
44.240019,16232,735,-119,-7,-34,6,-13,-1,0
44.250020,16238,723,-113,-7,-34,11,-13,-1,5
44.260019,16243,696,-115,-9,-32,17,-15,1,11
44.270019,16249,677,-117,-10,-32,18,-16,1,12
44.280033,16255,630,-105,-8,-31,16,-14,2,10
44.290019,16251,626,-86,-8,-31,11,-14,2,5
44.300018,16244,618,-94,-3,-32,3,-9,1,-3
44.310020,16236,648,-111,1,-31,1,-5,2,-5
44.320019,16248,664,-107,2,-31,1,-4,2,-5
44.330020,16253,692,-122,5,-31,6,-1,2,0
44.340019,16255,700,-115,6,-31,10,0,2,4
44.350019,16246,688,-88,4,-32,16,-2,1,10
44.360019,16256,685,-104,2,-33,18,-4,0,12
44.370019,16252,685,-115,-4,-32,22,-10,1,16
44.380019,16254,653,-136,-9,-30,23,-15,3,17
44.390020,16244,635,-108,-12,-30,23,-18,3,17
44.400021,16237,628,-98,-10,-30,23,-16,3,17
44.410019,16244,626,-98,-8,-30,22,-14,3,16
44.420019,16244,634,-92,-4,-30,20,-10,3,14
44.430020,16238,651,-90,-3,-30,21,-9,3,15
44.440102,16223,657,-86,-4,-31,23,-10,2,17
44.450048,16238,646,-91,-4,-31,23,-10,2,17
44.460049,16249,633,-106,-4,-31,22,-10,2,16
44.470049,16246,628,-123,-1,-31,18,-7,2,12
44.480048,16250,615,-116,-1,-31,12,-7,2,6
44.490048,16246,624,-94,3,-33,1,-3,0,-5
44.500048,16241,616,-95,5,-33,-3,-1,0,-9
44.510046,16233,607,-105,7,-33,-2,1,0,-8
44.520045,16237,613,-119,8,-33,1,2,0,-5
44.530049,16232,630,-122,11,-32,6,5,1,0
44.540078,16218,666,-96,11,-33,14,5,0,8
44.550046,16212,684,-105,10,-33,21,4,0,15
44.560048,16225,723,-108,5,-31,42,-1,2,36
44.570048,16213,728,-75,0,-33,53,-6,0,47
44.580045,16203,725,-34,-2,-47,67,-8,-14,61
44.590048,16194,689,-5,3,-59,74,-3,-26,68
44.600049,16203,679,-10,8,-69,79,2,-36,73
44.610062,16226,585,-38,14,-89,80,8,-56,74
44.620054,16240,551,-49,16,-98,75,10,-65,69
44.630047,16262,476,-78,18,-111,57,12,-78,51
44.640104,16273,449,-93,20,-114,46,14,-81,40
44.650048,16287,438,-126,21,-116,36,15,-83,30
44.660049,16271,452,-177,19,-113,22,13,-80,16
44.670046,16266,481,-189,14,-109,18,8,-76,12
44.680048,16261,504,-198,8,-103,10,2,-70,4
44.690048,16263,499,-202,7,-101,7,1,-68,1
44.700048,16286,514,-218,7,-92,-3,1,-59,-9
44.710047,16312,549,-279,7,-84,-8,1,-51,-14
44.720045,16319,590,-291,4,-75,-16,-2,-42,-22
44.730047,16321,646,-276,-1,-61,-38,-7,-28,-44
44.740085,16308,662,-252,0,-54,-49,-6,-21,-55
44.750048,16253,673,-218,1,-45,-53,-5,-12,-59
44.760048,16251,656,-219,4,-44,-49,-2,-11,-55
44.770048,16240,647,-211,6,-41,-36,0,-8,-42
44.780047,16248,571,-211,6,-41,-31,0,-8,-37
44.790045,16284,551,-208,7,-41,-32,1,-8,-38
44.800048,16302,527,-199,6,-38,-33,0,-5,-39
44.810048,16306,544,-194,5,-36,-33,-1,-3,-39
44.820045,16301,564,-199,0,-34,-33,-6,-1,-39
44.830048,16275,562,-202,-1,-33,-34,-7,0,-40
44.840078,16254,565,-208,0,-31,-46,-6,2,-52
44.850045,16199,577,-198,1,-30,-50,-5,3,-56
44.860048,16192,600,-187,1,-30,-51,-5,3,-57
44.870047,16168,634,-167,0,-32,-48,-6,1,-54
44.880049,16167,651,-177,0,-34,-43,-6,-1,-49
44.890066,16203,666,-182,0,-36,-28,-6,-3,-34
44.900047,16220,663,-191,0,-37,-22,-6,-4,-28
44.910046,16216,653,-188,-1,-37,-13,-7,-4,-19
44.920045,16211,622,-179,0,-37,-9,-6,-4,-15
44.930048,16213,634,-174,0,-38,-7,-6,-5,-13
44.940088,16214,658,-154,5,-43,1,-1,-10,-5
44.950045,16213,655,-153,9,-48,6,3,-15,0
44.960071,16216,650,-166,15,-55,17,9,-22,11
44.970048,16244,629,-217,15,-56,21,9,-23,15
44.980049,16246,635,-243,13,-56,22,7,-23,16
44.990049,16242,655,-231,5,-54,21,-1,-21,15
45.000053,16242,662,-218,4,-53,19,-2,-20,13
45.010048,16233,677,-224,2,-54,15,-4,-21,9
45.020049,16233,670,-228,0,-55,14,-6,-22,8
45.030047,16236,664,-233,-2,-51,15,-8,-18,9
45.040104,16254,659,-262,-5,-50,18,-11,-17,12
45.050050,16267,636,-252,-10,-46,19,-16,-13,13
45.060049,16295,577,-268,-11,-37,17,-17,-4,11
45.070048,16299,542,-286,-11,-30,13,-17,3,7
45.080048,16310,527,-332,-12,-13,2,-18,20,-4
45.090049,16300,534,-314,-17,-3,-3,-23,30,-9
45.100047,16283,559,-272,-24,9,-13,-30,42,-19
45.110048,16279,607,-224,-23,14,-15,-29,47,-21
45.120046,16273,628,-225,-21,18,-14,-27,51,-20
45.130053,16268,617,-203,-22,23,-14,-28,56,-20
45.140226,16257,643,-192,-19,24,-16,-25,57,-22
45.150042,16238,656,-164,-18,19,-20,-24,52,-26
45.160042,16243,661,-158,-15,18,-20,-21,51,-26
45.170042,16241,674,-163,-13,14,-19,-19,47,-25
45.180039,16215,690,-144,-9,7,-6,-15,40,-12
45.190042,16211,693,-142,-7,4,1,-13,37,-5
45.200042,16195,674,-127,-7,0,25,-13,33,19
45.210042,16206,656,-131,-9,-1,39,-15,32,33
45.220041,16231,629,-135,-13,-6,57,-19,27,51
45.230041,16271,588,-124,-13,-8,54,-19,25,48
45.240163,16257,602,-120,-10,-11,46,-16,22,40
45.250049,16244,616,-122,-8,-17,31,-14,16,25
45.260049,16240,610,-126,-9,-21,27,-15,12,21
45.270045,16254,581,-145,-11,-23,25,-17,10,19
45.280062,16274,560,-160,-12,-23,24,-18,10,18
45.290045,16277,538,-150,-14,-20,21,-20,13,15
45.300044,16286,524,-146,-15,-18,19,-21,15,13
45.310048,16275,531,-150,-16,-17,12,-22,16,6
45.320045,16248,573,-157,-14,-16,2,-20,17,-4
45.330045,16247,611,-150,-11,-16,0,-17,17,-6
45.340084,16233,666,-134,-8,-19,0,-14,14,-6
45.350045,16233,663,-137,-9,-20,2,-15,13,-4
45.360048,16233,638,-132,-8,-23,4,-14,10,-2
45.370047,16246,584,-145,-6,-24,1,-12,9,-5
45.380045,16247,559,-150,-6,-24,-1,-12,9,-7
45.390048,16262,551,-146,-6,-25,-10,-12,8,-16
45.400049,16259,566,-154,-7,-24,-12,-13,9,-18
45.410047,16256,580,-167,-10,-20,-10,-16,13,-16
45.420048,16252,590,-155,-11,-18,-8,-17,15,-14
45.430048,16255,593,-144,-9,-16,-5,-15,17,-11
45.440076,16257,612,-151,-11,-16,-5,-17,17,-11
45.450047,16254,601,-146,-12,-15,-6,-18,18,-12
45.460047,16262,587,-133,-12,-14,-11,-18,19,-17
45.470047,16259,594,-139,-11,-15,-16,-17,18,-22
45.480047,16252,601,-159,-14,-13,-21,-20,20,-27
45.490047,16249,595,-168,-16,-11,-20,-22,22,-26
45.500047,16241,585,-149,-17,-9,-19,-23,24,-25
45.510045,16247,575,-136,-19,-6,-17,-25,27,-23
45.520044,16247,567,-134,-19,-5,-16,-25,28,-22
45.530047,16261,565,-132,-18,-4,-20,-24,29,-26
45.540076,16259,584,-118,-18,-5,-22,-24,28,-28
45.550048,16245,615,-86,-13,-10,-25,-19,23,-31
45.560047,16226,632,-51,-4,-16,-25,-10,17,-31
45.570047,16223,660,-86,1,-18,-23,-5,15,-29
45.580047,16216,659,-100,0,-23,-13,-6,10,-19
45.590048,16233,643,-102,-1,-25,-9,-7,8,-15
45.600047,16247,607,-86,-1,-28,-7,-7,5,-13
45.610047,16247,601,-92,-2,-30,-9,-8,3,-15
45.620047,16248,596,-115,-3,-31,-13,-9,2,-19
45.630047,16253,618,-119,-5,-32,-15,-11,1,-21
45.640076,16248,629,-118,-7,-32,-17,-13,1,-23
45.650045,16242,645,-118,-6,-33,-17,-12,0,-23
45.660049,16236,655,-124,-6,-33,-17,-12,0,-23
45.670046,16232,639,-121,-9,-34,-12,-15,-1,-18
45.680045,16230,645,-118,-9,-35,-8,-15,-2,-14
45.690044,16234,649,-116,-11,-34,0,-17,-1,-6
45.700047,16236,630,-108,-11,-33,3,-17,0,-3
45.710046,16247,617,-119,-10,-31,3,-16,2,-3
45.720045,16251,607,-125,-10,-31,-3,-16,2,-9
45.730044,16247,615,-123,-8,-30,-6,-14,3,-12
45.740081,16248,619,-115,-6,-30,-10,-12,3,-16
45.750044,16251,619,-113,-6,-30,-11,-12,3,-17
45.760048,16244,618,-111,-7,-30,-15,-13,3,-21
45.770044,16243,599,-105,-5,-32,-21,-11,1,-27
45.780047,16248,607,-114,-2,-32,-24,-8,1,-30
45.790045,16252,615,-98,-3,-31,-30,-9,2,-36
45.800047,16237,634,-93,-1,-31,-32,-7,2,-38
45.810044,16248,653,-117,1,-28,-28,-5,5,-34
45.820046,16210,738,-102,1,-30,-18,-5,3,-24
45.830043,16225,732,-125,1,-31,-10,-5,2,-16
45.840073,16221,701,-102,-3,-31,5,-9,2,-1
45.850044,16229,677,-94,-2,-31,10,-8,2,4
45.860047,16238,648,-86,-2,-32,14,-8,1,8
45.870044,16239,641,-85,-1,-35,12,-7,-2,6
45.880046,16236,618,-85,1,-37,6,-5,-4,0
45.890044,16245,606,-117,2,-37,3,-4,-4,-3
45.900048,16246,602,-110,2,-36,1,-4,-3,-5
45.910045,16257,585,-101,5,-36,-8,-1,-3,-14
45.920045,16252,588,-102,9,-35,-13,3,-2,-19
45.930044,16263,589,-118,12,-38,-28,6,-5,-34
45.940073,16268,596,-122,13,-38,-39,7,-5,-45
45.950044,16264,604,-118,7,-39,-53,1,-6,-59
45.960047,16255,617,-124,2,-38,-55,-4,-5,-61
45.970044,16249,631,-121,0,-38,-56,-6,-5,-62
45.980048,16251,651,-139,0,-38,-53,-6,-5,-59
45.990044,16253,670,-135,0,-37,-50,-6,-4,-56
46.000048,16257,675,-124,-3,-38,-51,-9,-5,-57
46.010044,16243,709,-134,-3,-38,-52,-9,-5,-58
46.020047,16244,711,-131,-6,-38,-49,-12,-5,-55
46.030044,16228,722,-145,-13,-38,-40,-19,-5,-46
46.040073,16233,699,-128,-22,-37,-36,-28,-4,-42
46.050043,16244,655,-107,-35,-38,-33,-41,-5,-39
46.060047,16241,646,-105,-38,-39,-32,-44,-6,-38
46.070044,16236,649,-115,-39,-35,-14,-45,-2,-20
46.080047,16238,735,-107,-41,-33,-2,-47,0,-8
46.090045,16241,772,-111,-44,-32,4,-50,1,-2
46.100047,16247,764,-112,-43,-32,12,-49,1,6
46.110044,16232,776,-100,-40,-32,13,-46,1,7
46.120044,16248,722,-100,-26,-32,10,-32,1,4
46.130082,16237,746,-87,-18,-32,11,-24,1,5
46.140324,16247,707,-107,-5,-34,10,-11,-1,4
46.150175,16257,692,-113,-3,-33,9,-9,0,3
46.160910,16249,685,-114,0,-32,4,-6,1,-2
46.170316,16235,701,-131,0,-32,2,-6,1,-4
46.180057,16233,713,-138,-2,-32,3,-8,1,-3
46.190060,16257,711,-131,-8,-31,8,-14,2,2
46.200054,16261,693,-119,-9,-32,10,-15,1,4
46.210058,16260,677,-105,-7,-30,5,-13,3,-1
46.220051,16264,649,-96,-3,-31,1,-9,2,-5
46.230060,16256,658,-109,0,-31,-3,-6,2,-9
46.240152,16255,678,-112,0,-33,-9,-6,0,-15
46.250039,16249,687,-106,0,-32,-11,-6,1,-17
46.260034,16256,695,-105,2,-33,-14,-4,0,-20
46.270035,16253,698,-123,1,-33,-15,-5,0,-21
46.280036,16254,692,-123,0,-33,-15,-6,0,-21
46.290138,16260,680,-117,-2,-33,-16,-8,0,-22
46.300076,16252,689,-111,-3,-34,-17,-9,-1,-23
46.310058,16240,701,-112,-2,-33,-15,-8,0,-21
46.320052,16231,707,-114,-1,-33,-14,-7,0,-20
46.330018,16230,731,-130,-4,-33,-10,-10,0,-16
46.340018,16241,732,-125,-5,-33,-9,-11,0,-15
46.350019,16249,723,-105,-5,-33,-6,-11,0,-12
46.360019,16244,715,-107,-3,-36,-3,-9,-3,-9
46.370018,16238,702,-120,-3,-35,-3,-9,-2,-9
46.380018,16231,693,-125,-6,-33,-1,-12,0,-7
46.390018,16233,691,-124,-7,-33,0,-13,0,-6
46.400019,16223,698,-107,-6,-34,0,-12,-1,-6
46.410018,16237,705,-103,-3,-35,0,-9,-2,-6
46.420018,16237,711,-105,-2,-34,1,-8,-1,-5
46.430017,16249,712,-121,-4,-32,0,-10,1,-6
46.440018,16252,702,-116,-5,-32,0,-11,1,-6
46.450019,16253,688,-109,-8,-32,-2,-14,1,-8
46.460018,16247,676,-118,-10,-32,-4,-16,1,-10
46.470018,16252,681,-117,-12,-32,-6,-18,1,-12
46.480018,16248,672,-97,-11,-33,-11,-17,0,-17
46.490018,16239,679,-94,-10,-33,-10,-16,0,-16
46.500018,16235,698,-87,-6,-35,-8,-12,-2,-14
46.510025,16244,705,-106,-5,-34,-7,-11,-1,-13
46.520017,16241,714,-111,-3,-33,-6,-9,0,-12
46.530018,16247,725,-125,-5,-33,-5,-11,0,-11
46.540018,16247,733,-116,-6,-32,-3,-12,1,-9
46.550018,16254,731,-111,-8,-31,0,-14,2,-6
46.560018,16248,720,-109,-7,-30,0,-13,3,-6
46.570023,16245,715,-122,-7,-31,-1,-13,2,-7
46.580039,16233,709,-114,-8,-31,-1,-14,2,-7
46.590019,16238,715,-108,-5,-33,0,-11,0,-6
46.600018,16236,722,-106,-4,-34,1,-10,-1,-5
46.610017,16245,721,-113,-3,-33,3,-9,0,-3
46.620019,16236,720,-114,-4,-32,7,-10,1,1
46.630018,16239,704,-111,-4,-32,7,-10,1,1
46.640018,16252,713,-114,-6,-32,8,-12,1,2
46.650017,16243,711,-93,-8,-32,10,-14,1,4
46.660017,16244,706,-94,-4,-34,9,-10,-1,3
46.670017,16235,726,-125,-3,-33,12,-9,0,6
46.680018,16231,716,-112,-4,-32,14,-10,1,8
46.690017,16250,714,-117,-1,-33,16,-7,0,10
46.700022,16246,704,-110,-1,-31,18,-7,2,12
46.710029,16255,703,-130,0,-30,20,-6,3,14
46.720018,16260,671,-114,0,-30,17,-6,3,11
46.730016,16249,669,-109,0,-32,13,-6,1,7
46.740018,16262,697,-110,1,-33,14,-5,0,8
46.750017,16263,711,-113,1,-33,17,-5,0,11
46.760032,16259,702,-120,-2,-33,10,-8,0,4
46.770019,16272,688,-130,-4,-32,6,-10,1,0
46.780017,16287,660,-115,-1,-31,-12,-7,2,-18
46.790018,16273,634,-110,2,-31,-27,-4,2,-33
46.800024,16256,650,-117,4,-32,-39,-2,1,-45
46.810018,16255,670,-128,3,-32,-44,-3,1,-50
46.820017,16256,687,-132,3,-33,-50,-3,0,-56
46.830018,16224,735,-135,-1,-33,-44,-7,0,-50
46.840017,16229,726,-123,-4,-32,-37,-10,1,-43
46.850017,16235,713,-115,-4,-33,-29,-10,0,-35
46.860017,16249,718,-118,-4,-34,-26,-10,-1,-32
46.870034,16242,730,-126,-5,-34,-25,-11,-1,-31
46.880035,16235,749,-127,-7,-33,-17,-13,0,-23
46.890018,16239,758,-143,-7,-33,-13,-13,0,-19
46.900017,16229,752,-114,-9,-33,-6,-15,0,-12
46.910026,16225,755,-119,-9,-34,-3,-15,-1,-9
46.920017,16220,750,-126,-15,-33,5,-21,0,-1
46.930017,16230,733,-112,-16,-32,8,-22,1,2
46.940017,16240,732,-109,-14,-31,12,-20,2,6
46.950017,16243,744,-104,-11,-33,14,-17,0,8
46.960017,16236,731,-101,-10,-32,14,-16,1,8
46.970018,16233,710,-108,-9,-34,14,-15,-1,8
46.980017,16240,693,-110,-8,-35,14,-14,-2,8
46.990017,16241,696,-106,-7,-34,13,-13,-1,7
47.000017,16244,697,-108,-2,-34,10,-8,-1,4
47.010017,16237,698,-108,-3,-34,9,-9,-1,3
47.020031,16258,699,-110,-2,-33,8,-8,0,2
47.030021,16254,704,-111,-1,-32,9,-7,1,3
47.040017,16259,710,-111,-2,-31,10,-8,2,4
47.050017,16261,710,-99,-5,-30,11,-11,3,5
47.060016,16258,696,-102,-6,-30,11,-12,3,5
47.070018,16272,667,-108,-7,-32,3,-13,1,-3
47.080016,16271,660,-112,-7,-32,-1,-13,1,-7
47.090017,16276,667,-106,-3,-32,-12,-9,1,-18
47.100016,16271,683,-112,-2,-33,-15,-8,0,-21
47.110025,16258,704,-98,-6,-34,-15,-12,-1,-21
47.120018,16246,713,-107,-7,-34,-14,-13,-1,-20
47.130017,16242,719,-110,-8,-34,-12,-14,-1,-18
47.140016,16249,715,-94,-8,-34,-4,-14,-1,-10
47.150017,16241,732,-95,-8,-33,0,-14,0,-6
47.160015,16250,755,-113,-10,-34,7,-16,-1,1
47.170016,16242,725,-107,-9,-33,9,-15,0,3
47.180016,16237,720,-113,-12,-34,11,-18,-1,5
47.190016,16230,717,-106,-15,-34,12,-21,-1,6
47.200016,16231,714,-99,-17,-35,13,-23,-2,7
47.210017,16245,703,-100,-15,-36,18,-21,-3,12
47.220016,16254,699,-119,-13,-37,17,-19,-4,11
47.230017,16249,697,-129,-16,-35,16,-22,-2,10
47.240016,16245,676,-118,-17,-33,15,-23,0,9
47.250017,16248,673,-107,-14,-33,14,-20,0,8
47.260015,16227,677,-118,-15,-33,14,-21,0,8
47.270017,16230,667,-111,-19,-32,14,-25,1,8
47.280020,16234,645,-104,-21,-34,11,-27,-1,5
47.290024,16233,638,-106,-21,-34,7,-27,-1,1
47.300016,16228,635,-99,-18,-38,-8,-24,-5,-14
47.310023,16274,615,-97,-15,-39,-25,-21,-6,-31
47.320017,16268,626,-98,-10,-41,-46,-16,-8,-52
47.330017,16258,663,-127,-2,-41,-79,-8,-8,-85
47.340016,16238,689,-134,1,-40,-87,-5,-7,-93
47.350017,16219,744,-136,0,-37,-84,-6,-4,-90
47.360017,16230,764,-127,-1,-35,-77,-7,-2,-83
47.370017,16224,796,-130,3,-33,-61,-3,0,-67
47.380016,16218,832,-125,6,-35,-54,0,-2,-60
47.390017,16235,828,-124,9,-35,-50,3,-2,-56
47.400018,16256,800,-105,12,-38,-57,6,-5,-63
47.410017,16240,788,-97,16,-41,-67,10,-8,-73
47.420017,16217,766,-122,20,-42,-57,14,-9,-63
47.430017,16223,762,-118,17,-40,-47,11,-7,-53
47.440017,16223,744,-111,12,-39,-24,6,-6,-30
47.450018,16238,750,-103,11,-38,-13,5,-5,-19
47.460017,16239,753,-100,12,-37,-4,6,-4,-10
47.470017,16241,763,-117,13,-37,1,7,-4,-5
47.480018,16230,757,-122,10,-37,1,4,-4,-5
47.490017,16220,759,-122,10,-37,0,4,-4,-6
47.500016,16185,748,-110,10,-37,-1,4,-4,-7
47.510022,16158,741,-120,10,-36,-5,4,-3,-11
47.520016,16175,705,-111,5,-35,-13,-1,-2,-19
47.530017,16258,693,-109,2,-36,-19,-4,-3,-25
47.540017,16280,703,-102,0,-35,-26,-6,-2,-32
47.550017,16292,713,-104,0,-35,-27,-6,-2,-33
47.560018,16277,737,-109,1,-36,-33,-5,-3,-39
47.570017,16279,743,-119,2,-36,-36,-4,-3,-42
47.580016,16268,755,-136,1,-36,-38,-5,-3,-44
47.590017,16310,768,-131,0,-35,-39,-6,-2,-45
47.600017,16301,778,-121,1,-34,-38,-5,-1,-44
47.610017,16273,801,-129,1,-33,-35,-5,0,-41
47.620016,16262,823,-142,0,-32,-33,-6,1,-39
47.630017,16249,828,-143,-4,-31,-25,-10,2,-31
47.640016,16249,836,-143,-5,-31,-20,-11,2,-26
47.650026,16248,837,-135,-8,-31,-16,-14,2,-22
47.660017,16239,816,-129,-6,-31,-8,-12,2,-14
47.670017,16232,823,-122,-4,-30,-6,-10,3,-12
47.680017,16220,819,-113,-8,-31,-3,-14,2,-9
47.690016,16241,781,-99,-9,-34,-7,-15,-1,-13
47.700016,16231,811,-99,-12,-35,-4,-18,-2,-10
47.710024,16227,785,-128,-23,-36,-2,-29,-3,-8
47.720017,16242,785,-107,-26,-37,-4,-32,-4,-10
47.730017,16270,776,-132,-21,-37,-13,-27,-4,-19
47.740016,16266,795,-142,-23,-37,-19,-29,-4,-25
47.750016,16301,878,-127,-33,-38,-29,-39,-5,-35
47.760017,16301,891,-130,-36,-39,-30,-42,-6,-36
47.770017,16249,867,-116,-32,-38,-31,-38,-5,-37
47.780016,16279,844,-132,-18,-37,-41,-24,-4,-47
47.790016,16264,796,-113,-18,-38,-42,-24,-5,-48
47.800017,16247,733,-92,-8,-39,-42,-14,-6,-48
47.810016,16244,759,-112,-6,-37,-35,-12,-4,-41
47.820016,16244,766,-111,-6,-34,-18,-12,-1,-24
47.830017,16225,747,-118,-5,-33,-17,-11,0,-23
47.840017,16220,769,-121,-7,-32,-18,-13,1,-24
47.850016,16218,820,-95,-8,-34,-20,-14,-1,-26
47.860016,16230,858,-104,-7,-35,-22,-13,-2,-28
47.870017,16253,875,-117,-6,-37,-25,-12,-4,-31
47.880016,16254,890,-121,-7,-38,-26,-13,-5,-32
47.890016,16244,885,-123,-2,-38,-25,-8,-5,-31
47.900017,16237,912,-129,0,-37,-22,-6,-4,-28
47.910022,16237,921,-135,0,-36,-18,-6,-3,-24
47.920016,16230,916,-137,-4,-36,-9,-10,-3,-15
47.930017,16234,908,-133,-3,-35,-6,-9,-2,-12
47.940017,16250,879,-132,0,-34,-3,-6,-1,-9
47.950016,16246,877,-121,2,-32,-1,-4,1,-7
47.960017,16237,865,-129,4,-32,-4,-2,1,-10
47.970016,16242,839,-115,6,-32,-10,0,1,-16
47.980017,16267,824,-115,7,-33,-18,1,0,-24
47.990016,16283,815,-86,10,-36,-34,4,-3,-40
48.000017,16272,834,-94,11,-38,-37,5,-5,-43
48.010016,16305,852,-131,8,-39,-27,2,-6,-33
48.020018,16280,860,-128,3,-38,-20,-3,-5,-26
48.030016,16276,851,-138,2,-34,-12,-4,-1,-18
48.040016,16317,832,-155,0,-33,-12,-6,0,-18
48.050017,16292,822,-132,-1,-32,-14,-7,1,-20
48.060016,16291,830,-122,3,-32,-27,-3,1,-33
48.070016,16248,842,-118,3,-34,-35,-3,-1,-41
48.080016,16216,865,-125,7,-37,-47,1,-4,-53
48.090016,16127,910,-134,9,-38,-46,3,-5,-52
48.100016,16124,938,-134,11,-37,-38,5,-4,-44
48.110020,16171,911,-135,3,-36,-19,-3,-3,-25
48.120015,16197,894,-130,-2,-36,-12,-8,-3,-18
48.130016,16211,819,-133,-12,-34,-8,-18,-1,-14
48.140016,16224,816,-128,-14,-34,-12,-20,-1,-18
48.150016,16239,829,-117,-22,-33,-11,-28,0,-17
48.160017,16239,778,-127,-24,-30,-3,-30,3,-9
48.170016,16246,772,-133,-24,-27,1,-30,6,-5
48.180016,16241,858,-137,-37,-26,0,-43,7,-6
48.190016,16235,904,-99,-41,-27,3,-47,6,-3
48.200016,16209,982,-108,-28,-27,12,-34,6,6
48.210015,16206,1013,-116,-23,-27,15,-29,6,9
48.220016,16215,1051,-123,-18,-29,23,-24,4,17
48.230016,16230,1012,-134,-15,-30,27,-21,3,21
48.240016,16232,985,-135,-13,-29,29,-19,4,23
48.250016,16237,939,-105,-12,-29,31,-18,4,25
48.260016,16249,909,-97,-12,-30,31,-18,3,25
48.270015,16237,853,-101,-7,-30,27,-13,3,21
48.280019,16237,852,-110,-6,-31,25,-12,2,19
48.290018,16248,867,-126,-7,-31,22,-13,2,16
48.300016,16234,864,-99,-7,-30,22,-13,3,16
48.310026,16229,851,-89,-3,-31,19,-9,2,13
48.320016,16241,873,-108,-2,-32,16,-8,1,10
48.330017,16245,880,-121,-6,-33,18,-12,0,12
48.340015,16245,861,-121,-7,-33,24,-13,0,18
48.350016,16228,824,-118,-5,-33,25,-11,0,19
48.360016,16236,818,-119,-5,-33,24,-11,0,18
48.370015,16262,836,-122,-10,-32,23,-16,1,17
48.380016,16245,827,-107,-9,-32,23,-15,1,17
48.390015,16235,841,-123,-7,-31,23,-13,2,17
48.400017,16239,840,-114,-9,-32,25,-15,1,19
48.410016,16244,837,-113,-7,-29,30,-13,4,24
48.420016,16247,835,-126,-7,-28,29,-13,5,23
48.430015,16260,824,-137,-8,-27,26,-14,6,20
48.440016,16274,816,-118,-11,-26,18,-17,7,12
48.450016,16257,821,-113,-9,-26,14,-15,7,8
48.460016,16244,862,-102,-7,-25,9,-13,8,3
48.470015,16248,852,-106,-10,-27,8,-16,6,2
48.480017,16255,823,-119,-16,-28,6,-22,5,0
48.490016,16255,788,-133,-18,-27,4,-24,6,-2
48.500016,16248,778,-128,-17,-28,0,-23,5,-6
48.510058,16261,774,-117,-17,-26,-9,-23,7,-15
48.520016,16259,791,-122,-19,-27,-17,-25,6,-23
48.530015,16303,789,-251,-43,-23,-30,-49,10,-36
48.540016,16340,823,-346,-78,-14,-33,-84,19,-39
48.550016,16157,766,-413,-111,-19,-17,-117,14,-23
48.560016,16197,822,-97,-126,-28,-9,-132,5,-15
48.570016,16148,976,5,-124,-33,-3,-130,0,-9
48.580015,16092,981,182,-74,-60,10,-80,-27,4
48.590024,16233,912,110,-40,-75,15,-46,-42,9
48.600016,16318,836,-86,-22,-57,30,-28,-24,24
48.610019,16300,785,-76,-31,-50,29,-37,-17,23
48.620017,16314,751,-78,-26,-48,20,-32,-15,14
48.630015,16314,709,-128,-24,-45,-14,-30,-12,-20
48.640018,16279,740,-96,-23,-43,-30,-29,-10,-36
48.650017,16266,778,-106,-18,-44,-54,-24,-11,-60
48.660034,16252,799,-112,-21,-45,-59,-27,-12,-65
48.670033,16246,813,-123,-33,-45,-54,-39,-12,-60
48.680018,16263,866,-166,-46,-44,-53,-52,-11,-59
48.690016,16267,905,-144,-61,-44,-60,-67,-11,-66
48.700015,16273,898,-113,-82,-51,-94,-88,-18,-100
48.710015,16238,857,-132,-85,-58,-117,-91,-25,-123
48.720016,16173,960,-172,-105,-64,-114,-111,-31,-120
48.730015,16160,969,-163,-126,-65,-79,-132,-32,-85
48.740016,16156,946,-162,-174,-61,-11,-180,-28,-17
48.750019,16177,953,-200,-211,-59,13,-217,-26,7
48.760017,16198,896,-218,-267,-56,41,-273,-23,35
48.770016,16243,712,-86,-360,-57,53,-366,-24,47
48.780017,16196,705,-68,-368,-61,46,-374,-28,40
48.790015,16148,736,-44,-414,-77,63,-420,-44,57
48.800015,16134,681,-5,-407,-79,95,-413,-46,89
48.810015,16127,590,20,-308,-71,204,-314,-38,198
48.820016,16207,601,-76,-264,-65,262,-270,-32,256
48.830016,16236,618,-173,-247,-58,298,-253,-25,292
48.840016,16104,523,-214,-244,-41,314,-250,-8,308
48.850015,16032,482,-240,-233,-28,313,-239,5,307
48.860015,15959,594,-292,-217,9,333,-223,42,327
48.870016,15904,779,-357,-219,32,353,-225,65,347
48.880014,15957,781,-357,-222,57,378,-228,90,372
48.890015,16081,613,-171,-190,127,431,-196,160,425
48.900015,16317,578,7,-134,193,457,-140,226,451
48.910016,16808,602,211,10,365,423,4,398,417
48.920015,17000,464,332,93,462,403,87,495,397
48.930016,17172,330,426,297,656,421,291,689,415
48.940015,17171,343,490,386,750,445,380,783,439
48.950015,17085,436,502,463,847,462,457,880,456
48.960016,16656,561,461,536,1035,477,530,1068,471
48.970016,16467,621,464,555,1106,460,549,1139,454
48.980015,16137,837,674,545,1216,423,539,1249,417
48.990015,16039,722,852,540,1234,401,534,1267,395
49.000015,15957,591,1035,609,1174,382,603,1207,376
49.010015,15925,485,1267,661,1121,361,655,1154,355
49.020015,16000,475,1307,711,1067,318,705,1100,312
49.030015,16233,505,1418,795,976,190,789,1009,184
49.040016,16158,325,1509,814,926,150,808,959,144
49.050016,16166,85,1372,791,718,237,785,751,231
49.060015,16233,106,1282,733,589,303,727,622,297
49.070016,16287,121,1225,538,346,409,532,379,403
49.080015,16451,53,1116,427,246,446,421,279,440
49.090016,16489,84,1107,315,161,475,309,194,469
49.100015,17141,189,1536,89,49,514,83,82,508
49.110015,16972,-51,1057,67,369,526,61,402,520
49.120016,16818,-214,1338,27,742,546,21,775,540
49.130015,16785,-68,1730,-23,823,557,-29,856,551
49.140015,16668,-38,1994,-72,812,573,-78,845,567
49.150016,16468,-86,2360,-136,588,591,-142,621,585
49.160015,16484,-111,2308,-163,419,586,-169,452,580
49.170016,16554,-164,2323,-223,30,563,-229,63,557
49.180015,16537,-217,2274,-275,-169,559,-281,-136,553
49.190015,16428,-301,2306,-350,-508,579,-356,-475,573
49.200016,16247,-474,2012,-346,-592,576,-352,-559,570
49.210015,16178,-547,1796,-313,-611,533,-319,-578,527
49.220015,16111,-651,1544,-224,-503,363,-230,-470,357
49.230015,16138,-743,1524,-195,-406,284,-201,-373,278
49.240015,16243,-1110,1424,-171,-161,144,-177,-128,138
49.250014,16400,-1472,1353,-174,-32,52,-180,1,46
49.260015,16533,-1759,1329,-198,202,-200,-204,235,-206
49.270015,16872,-1994,1558,-217,308,-346,-223,341,-352
49.280024,16970,-1970,1707,-240,409,-484,-246,442,-490
49.290016,16787,-1857,2059,-273,569,-724,-279,602,-730
49.300016,16613,-1724,2282,-247,620,-828,-253,653,-834
49.310015,16418,-1276,2421,-148,659,-1003,-154,692,-1009
49.320015,16395,-956,2390,-114,671,-1058,-120,704,-1064
49.330015,16368,-692,2432,-74,714,-1122,-80,747,-1128
49.340015,16406,-140,2587,-61,729,-1123,-67,762,-1129
49.350015,16363,135,2761,-61,716,-1090,-67,749,-1096
49.360016,16253,573,2963,-62,582,-948,-68,615,-954
49.370014,16301,703,2987,-66,476,-858,-72,509,-864
49.380015,16414,774,2947,-104,275,-654,-110,308,-660
49.390016,16626,795,2793,-149,187,-536,-155,220,-542
49.400016,16696,855,2762,-207,103,-419,-213,136,-425
49.410015,16581,881,2642,-316,-33,-225,-322,0,-231
49.420015,16620,789,2642,-337,-77,-138,-343,-44,-144
49.430015,16770,722,2582,-293,-130,-44,-299,-97,-50
49.440015,16771,697,2523,-260,-172,-32,-266,-139,-38
49.450015,16738,663,2431,-203,-271,-27,-209,-238,-33
49.460016,16733,625,2217,-176,-285,-36,-182,-252,-42
49.470015,16720,545,2094,-143,-267,-53,-149,-234,-59
49.480015,16528,511,1816,-82,-203,-100,-88,-170,-106
49.490016,16491,472,1684,-68,-178,-117,-74,-145,-123
49.500015,16429,397,1496,-77,-137,-103,-83,-104,-109
49.510015,16420,403,1452,-94,-116,-83,-100,-83,-89
49.520015,16367,440,1417,-137,-58,-34,-143,-25,-40
49.530015,16379,425,1310,-152,-5,-11,-158,28,-17
49.540015,16335,392,1279,-159,51,1,-165,84,-5
49.550034,16230,366,1195,-141,172,-1,-147,205,-7
49.560017,16166,344,1169,-120,234,-7,-126,267,-13
49.570015,16112,222,1116,-81,355,3,-87,388,-3
49.580014,16145,123,1106,-63,423,9,-69,456,3
49.590050,16178,93,1116,-51,573,32,-57,606,26
49.600509,16043,65,1110,-60,640,50,-66,673,44
49.610036,15899,13,1072,-73,688,72,-79,721,66
49.620073,15580,-121,987,-81,735,113,-87,768,107
49.630036,15505,-106,973,-80,762,141,-86,795,135
49.640038,15351,-69,921,-120,849,199,-126,882,193
49.650032,15268,-86,933,-151,905,225,-157,938,219
49.660030,15242,-112,928,-195,1048,281,-201,1081,275
49.670040,15114,-26,1034,-215,1142,296,-221,1175,290
49.680039,14942,-34,1118,-256,1247,284,-262,1280,278
49.690143,14699,-134,1190,-324,1415,253,-330,1448,247
49.700054,14639,-166,1268,-373,1463,242,-379,1496,236
49.710034,14554,-189,1372,-516,1502,224,-522,1535,218
49.720052,14298,-213,1627,-589,1499,228,-595,1532,222
49.730015,14232,-210,1801,-652,1492,245,-658,1525,239
49.740016,14100,-125,2240,-765,1485,290,-771,1518,284
49.750014,14046,-108,2458,-809,1480,312,-815,1513,306
49.760015,13958,-49,2848,-832,1415,386,-838,1448,380
49.770015,14060,-53,3013,-829,1373,430,-835,1406,424
49.780014,14186,-92,3203,-793,1327,491,-799,1360,485
49.790013,14243,-137,3628,-766,1306,507,-772,1339,501
49.800014,14277,-116,3853,-731,1270,526,-737,1303,520
49.810014,14536,-112,4222,-687,1138,572,-693,1171,566
49.820023,14681,-182,4412,-674,1061,597,-680,1094,591
49.830029,14725,-243,4691,-654,913,657,-660,946,651
49.840015,14717,-234,4761,-651,839,700,-657,872,694
49.850014,14747,-264,4842,-676,751,754,-682,784,748
49.860015,14963,-369,4919,-683,741,750,-689,774,744
49.870014,14986,-371,4952,-686,744,722,-692,777,716
49.880015,14908,-644,5103,-680,788,640,-686,821,634
49.890014,14873,-875,5210,-659,821,618,-665,854,612
49.900015,15014,-1201,5360,-624,848,602,-630,881,596
49.910014,15057,-1263,5447,-631,826,606,-637,859,600
49.920021,15049,-1279,5510,-676,728,637,-682,761,631
49.930015,15084,-1258,5611,-702,686,661,-708,719,655
49.940015,15175,-1248,5634,-731,673,695,-737,706,689
49.950015,15237,-1388,5696,-795,720,799,-801,753,793
49.960015,15240,-1474,5745,-815,756,856,-821,789,850
49.970015,15187,-1639,5818,-806,792,961,-812,825,955
49.980015,15075,-1813,5939,-785,780,1019,-791,813,1013
49.990015,15112,-1847,6019,-771,755,1075,-777,788,1069
50.000022,15181,-1871,6232,-767,702,1150,-773,735,1144
50.010016,15194,-1909,6317,-783,683,1165,-789,716,1159
50.020015,15231,-2079,6476,-802,672,1142,-808,705,1136
50.030015,15214,-2130,6521,-771,673,1102,-777,706,1096
50.040015,15138,-2139,6559,-617,654,947,-623,687,941
50.050015,14897,-2131,6556,-515,625,849,-521,658,843
50.060015,14811,-2155,6516,-406,585,754,-412,618,748
50.070034,14832,-2133,6374,-220,531,628,-226,564,622
50.080033,14864,-2236,6321,-157,546,584,-163,579,578
50.090016,14711,-2405,6280,-1,579,468,-7,612,462
50.100022,14630,-2408,6292,82,583,412,76,616,406
50.110014,14589,-2427,6313,202,578,376,196,611,370
50.120022,14451,-2424,6379,216,568,386,210,601,380
50.130015,14381,-2461,6413,208,547,412,202,580,406
50.140014,14392,-2673,6406,156,473,501,150,506,495
50.150014,14418,-2781,6357,110,431,563,104,464,557
50.160015,14412,-2846,6204,-15,363,707,-21,396,701
50.170014,14379,-2793,6131,-90,341,791,-96,374,785
50.180014,14345,-2723,6108,-240,355,999,-246,388,993
50.190014,14206,-3019,6187,-275,390,1087,-281,423,1081
50.200014,14243,-3204,6205,-268,417,1132,-274,450,1126
50.210015,14450,-3438,6251,-240,420,1110,-246,453,1104
50.220014,14452,-3484,6339,-243,409,1081,-249,442,1075
50.230012,14426,-3504,6443,-223,426,1048,-229,459,1042
50.240014,14618,-3738,6589,-179,450,1034,-185,483,1028
50.250014,14830,-3908,6669,-120,481,1013,-126,514,1007
50.260013,15200,-4245,6776,-7,536,947,-13,569,941
50.270014,15319,-4364,6780,42,545,898,36,578,892
50.280025,15348,-4420,6815,143,526,752,137,559,746
50.290014,15330,-4386,6825,208,520,676,202,553,670
50.300015,15358,-4385,6855,341,560,570,335,593,564
50.310014,15382,-4416,6999,397,610,533,391,643,527
50.320021,15438,-4472,7100,463,669,497,457,702,491
50.330014,15381,-4349,7450,570,749,424,564,782,418
50.340014,15204,-4213,7624,599,724,402,593,757,396
50.350014,15048,-3943,7835,604,551,408,598,584,402
50.360015,15031,-3896,7859,585,440,409,579,473,403
50.370014,14996,-3913,7814,529,201,380,523,234,374
50.380014,14756,-3904,7654,486,77,360,480,110,354
50.390013,14523,-3831,7547,428,-35,351,422,-2,345
50.400014,14139,-3874,7233,267,-200,403,261,-167,397
50.410014,14077,-3992,7090,190,-227,446,184,-194,440
50.420014,13955,-4136,6933,42,-196,523,36,-163,517
50.430015,13902,-4196,6949,-11,-178,547,-17,-145,541
50.440015,13871,-4238,7008,-60,-160,565,-66,-127,559
50.450014,13823,-4324,7174,-61,-153,567,-67,-120,561
50.460014,13803,-4409,7238,-48,-153,566,-54,-120,560
50.470014,13830,-4592,7290,13,-180,527,7,-147,521
50.480014,13824,-4656,7272,49,-202,494,43,-169,488
50.490015,13766,-4679,7228,105,-238,445,99,-205,439
50.500014,13628,-4653,6992,132,-232,426,126,-199,420
50.510015,13521,-4583,6869,164,-203,412,158,-170,406
50.520019,13187,-4345,6684,264,-75,411,258,-42,405
50.530014,13020,-4225,6627,339,20,429,333,53,423
50.540014,12781,-4167,6511,526,261,481,520,294,475
50.550014,12762,-4259,6544,627,392,505,621,425,499
50.560014,12822,-4382,6687,741,638,583,735,671,577
50.570014,13013,-4714,7200,726,718,647,720,751,641
50.580014,13052,-4873,7541,663,733,730,657,766,724
50.590014,13246,-5047,8132,448,561,925,442,594,919
50.600013,13402,-5121,8361,315,424,1033,309,457,1027
50.610013,13566,-5379,8515,34,135,1212,28,168,1206
50.620017,13628,-5531,8453,-84,-2,1252,-90,31,1246
50.630014,13664,-5670,8356,-260,-193,1298,-266,-160,1292
50.640013,13648,-5843,7999,-316,-249,1322,-322,-216,1316
50.650014,13548,-5862,7819,-349,-291,1320,-355,-258,1314
50.660013,13538,-5976,7377,-379,-317,1184,-385,-284,1178
50.670014,13516,-6093,7196,-381,-314,1093,-387,-281,1087
50.680015,13423,-6274,6880,-370,-314,891,-376,-281,885
50.690016,13323,-6207,6782,-348,-322,784,-354,-289,778
50.700014,13211,-6112,6730,-266,-331,590,-272,-298,584
50.710015,13068,-6187,6614,-216,-323,510,-222,-290,504
50.720019,13064,-6372,6557,-175,-307,448,-181,-274,442
50.730013,13175,-6765,6444,-164,-256,335,-170,-223,329
50.740014,13186,-6825,6412,-185,-229,275,-191,-196,269
50.750014,13190,-6812,6401,-247,-170,149,-253,-137,143
50.760014,13278,-6754,6435,-275,-128,96,-281,-95,90
50.770013,13324,-6700,6457,-301,-70,49,-307,-37,43
50.780013,13222,-6295,6582,-332,76,-32,-338,109,-38
50.790015,13093,-5985,6677,-325,168,-49,-331,201,-55
50.800013,13162,-5659,6932,-266,413,-19,-272,446,-25
50.810014,13222,-5666,7077,-230,526,-3,-236,559,-9
50.820013,13287,-5725,7200,-182,679,-8,-188,712,-14
50.830014,13261,-5818,7417,-167,741,-29,-173,774,-35
50.840013,13249,-5828,7445,-159,809,-65,-165,842,-71
50.850013,13220,-5885,7493,-90,952,-145,-96,985,-151
50.860012,13220,-5941,7528,-21,1033,-177,-27,1066,-183
50.870013,13168,-5937,7657,162,1220,-240,156,1253,-246
50.880013,13105,-5839,7722,266,1310,-274,260,1343,-280
50.890014,13047,-5686,7803,491,1442,-363,485,1475,-369
50.900013,12900,-5220,8069,609,1493,-411,603,1526,-417
50.910013,12821,-5002,8197,733,1547,-449,727,1580,-455
50.920018,12659,-4624,8342,1002,1654,-493,996,1687,-499
50.930013,12612,-4517,8366,1128,1704,-514,1122,1737,-520
50.940014,12573,-4534,8347,1357,1809,-579,1351,1842,-585
50.950014,12575,-4522,8344,1458,1870,-613,1452,1903,-619
50.960013,12640,-4559,8367,1652,2061,-679,1646,2094,-685
50.970014,12919,-4895,8462,1744,2201,-698,1738,2234,-704
50.980013,12979,-5038,8577,1827,2355,-705,1821,2388,-711
50.990014,12851,-5000,8940,1946,2651,-699,1940,2684,-705
51.000017,12736,-4959,9104,1977,2787,-688,1971,2820,-694
51.010015,12623,-4947,9282,1959,3023,-614,1953,3056,-620
51.020013,12534,-4788,9681,1895,3122,-552,1889,3155,-558
51.030014,12402,-4608,9909,1779,3195,-472,1773,3228,-478
51.040014,12035,-4289,10308,1404,3229,-288,1398,3262,-294
51.050014,11901,-4183,10480,1189,3189,-204,1183,3222,-210
51.060013,11473,-3976,10789,794,3038,-54,788,3071,-60
51.070013,11144,-3817,10881,622,2944,28,616,2977,22
51.080013,10830,-3630,10968,323,2770,214,317,2803,208
51.090014,10405,-3254,11193,227,2694,280,221,2727,274
51.100013,10199,-3075,11372,177,2622,317,171,2655,311
51.110014,9767,-2678,11749,147,2481,305,141,2514,299
51.120017,9510,-2556,11976,165,2396,289,159,2429,283
51.130013,9153,-2422,12446,306,2204,242,300,2237,236
51.140012,9061,-2353,12672,435,2129,190,429,2162,184
51.150014,8993,-2286,12930,757,2025,68,751,2058,62
51.160012,8670,-2112,13366,900,1979,31,894,2012,25
51.170013,8414,-2009,13519,1008,1925,24,1002,1958,18
51.180013,8063,-1860,13783,1098,1810,93,1092,1843,87
51.190013,7999,-1714,13894,1091,1763,169,1085,1796,163
51.200013,7721,-1417,14153,996,1668,409,990,1701,403
51.210013,7608,-1573,14221,926,1605,562,920,1638,556
51.220012,7612,-1924,14255,794,1471,837,788,1504,831
51.230013,7709,-2596,14242,726,1412,951,720,1445,945
51.240061,7686,-2793,14180,659,1352,1055,653,1385,1049
51.250043,7737,-3235,14360,542,1247,1254,536,1280,1248
51.260042,7977,-3633,14725,529,1219,1350,523,1252,1344
51.270044,8504,-4233,15306,637,1249,1463,631,1282,1457
51.280061,8585,-4400,15444,736,1277,1467,730,1310,1461
51.290039,8504,-4469,15475,936,1273,1441,930,1306,1435
51.300043,8130,-4307,15265,1006,1213,1438,1000,1246,1432
51.310043,7975,-4163,14955,1039,1118,1427,1033,1151,1421
51.320040,7776,-3954,14077,978,851,1308,972,884,1302
51.330039,7774,-4005,13644,918,696,1193,912,729,1187
51.340145,7634,-3975,12926,800,393,907,794,426,901
51.350037,7465,-3929,12684,735,259,775,729,292,769
51.360036,7357,-3980,12493,627,84,565,621,117,559
51.370036,7409,-4336,12190,593,60,481,587,93,475
51.380036,7426,-4508,12094,556,76,410,550,109,404
51.390037,7342,-4715,12079,476,225,295,470,258,289
51.400037,7276,-4740,12200,426,321,263,420,354,257
51.410037,7294,-4730,12379,298,505,270,292,538,264
51.420036,7444,-4639,12755,211,589,280,205,622,274
51.430036,8975,-5759,15332,108,656,280,102,689,274
51.440143,8267,-4892,13891,287,1892,249,281,1925,243
51.450043,7635,-4545,13974,300,2336,353,294,2369,347
51.460041,7011,-4232,15002,265,2840,608,259,2873,602
51.470042,7094,-4078,15136,255,2884,657,249,2917,651
51.480041,7069,-3920,15565,233,2721,476,227,2754,470
51.490042,6571,-3508,15775,251,2576,323,245,2609,317
51.500041,6149,-3372,15906,284,2406,189,278,2439,183
51.510045,5357,-3048,16175,379,2032,41,373,2065,35
51.520074,5160,-2848,16217,429,1843,16,423,1876,10
51.530040,4932,-2529,16310,476,1482,-4,470,1515,-10
51.540213,4875,-2408,16327,481,1309,-11,475,1342,-17
51.550036,4781,-2355,16319,489,982,-32,483,1015,-38
51.560036,4638,-2260,16258,474,839,-39,468,872,-45
51.570036,4550,-2242,16218,446,713,-30,440,746,-36
51.580035,4467,-2282,16080,387,501,-18,381,534,-24
51.590036,4450,-2335,15988,362,413,-17,356,446,-23
51.600057,4459,-2583,15747,340,278,-25,334,311,-31
51.610057,4410,-2759,15622,348,234,-28,342,267,-34
51.620038,4402,-2884,15458,361,218,-49,355,251,-55
51.630036,4398,-3008,15209,354,242,-67,348,275,-73
51.640075,4448,-3056,15095,356,281,-83,350,314,-89
51.650036,4490,-3151,14952,362,396,-118,356,429,-124
51.660036,4515,-3186,14891,365,469,-134,359,502,-140
51.670037,4464,-3152,14862,395,634,-182,389,667,-188
51.680036,4346,-3156,14835,424,724,-207,418,757,-213
51.690036,4433,-3169,14888,461,811,-240,455,844,-246
51.700035,4249,-2915,15180,537,935,-287,531,968,-293
51.710037,4196,-2795,15344,574,969,-288,568,1002,-294
51.720034,4089,-2657,15686,627,960,-291,621,993,-297
51.730034,4093,-2611,15842,642,920,-292,636,953,-298
51.740191,4102,-2605,15938,669,780,-331,663,813,-337
51.750043,4219,-2922,16246,670,670,-365,664,703,-371
51.760043,4259,-3083,16460,657,526,-420,651,559,-426
51.770043,4407,-3110,16754,567,159,-563,561,192,-569
51.780041,4524,-2952,16722,480,-65,-663,474,-32,-669
51.790051,4557,-2716,16811,278,-504,-904,272,-471,-910
51.800043,4712,-2618,16601,203,-742,-1035,197,-709,-1041
51.810043,4578,-2267,16503,78,-1073,-1235,72,-1040,-1241
51.820042,4410,-1752,15809,23,-1129,-1298,17,-1096,-1304
51.830039,4527,-1778,15524,-20,-1164,-1325,-26,-1131,-1331
51.840074,4383,-1357,15076,0,-1071,-1301,-6,-1038,-1307
51.850042,4363,-1215,14896,40,-979,-1278,34,-946,-1284
51.860039,4347,-1066,14586,153,-693,-1207,147,-660,-1213
51.870042,4349,-1065,14475,220,-520,-1165,214,-487,-1171
51.880042,4366,-1048,14372,379,-94,-1062,373,-61,-1068
51.890041,4213,-946,14134,446,154,-990,440,187,-996
51.900042,4191,-911,14029,497,429,-912,491,462,-918
51.910043,4261,-913,14198,560,1000,-757,554,1033,-763
51.920038,4153,-862,14482,590,1247,-690,584,1280,-696
51.930040,3986,-754,14784,638,1601,-542,632,1634,-548
51.940071,3764,-640,15402,663,1706,-457,657,1739,-463
51.950042,3693,-666,15668,686,1758,-386,680,1791,-392
51.960042,3604,-838,16268,737,1715,-316,731,1748,-322
51.970042,3518,-820,16497,760,1629,-322,754,1662,-328
51.980042,3464,-643,16881,737,1372,-364,731,1405,-370
51.990041,3449,-582,16953,688,1218,-380,682,1251,-386
52.000042,3256,-848,17940,626,755,-414,620,788,-420
52.010041,3285,-492,17339,558,532,-422,552,565,-428
52.020071,3155,-540,17100,476,345,-387,470,378,-393
52.030047,3264,-575,16667,353,74,-298,347,107,-304
52.040214,3325,-499,16398,304,-15,-275,298,18,-281
52.050037,3260,-492,15912,206,-60,-222,200,-27,-228
52.060033,3293,-590,15725,198,-34,-186,192,-1,-192
52.070036,3378,-659,15577,301,40,-164,295,73,-170
52.080036,3512,-676,15682,373,67,-190,367,100,-196
52.090035,3507,-701,15727,428,87,-220,422,120,-226
52.100036,3471,-703,15874,520,102,-274,514,135,-280
52.110035,3558,-435,16080,525,130,-279,519,163,-285
52.120032,3380,-296,16246,403,128,-244,397,161,-250
52.130033,3097,-95,16352,391,111,-197,385,144,-203
52.140166,3161,32,16342,392,46,-90,386,79,-96
52.150042,3355,7,16251,407,13,-46,401,46,-52
52.160042,3286,20,16178,423,-13,2,417,20,-4
52.170042,3243,-10,15990,396,-34,45,390,-1,39
52.180042,3250,-3,15928,379,-27,63,373,6,57
52.190041,3277,-25,15864,374,17,103,368,50,97
52.200044,3293,-48,15807,385,49,127,379,82,121
52.210042,3268,-57,15815,401,85,150,395,118,144
52.220041,3345,-207,15934,474,142,177,468,175,171
52.230035,3365,-169,15989,530,155,187,524,188,181
52.240069,3266,-81,16100,624,152,203,618,185,197
52.250042,3186,-12,16144,658,137,200,652,170,194
52.260042,3130,110,16173,682,94,152,676,127,146
52.270042,3116,280,16153,675,71,125,669,104,119
52.280044,3096,336,16065,657,57,93,651,90,87
52.290039,3085,387,15910,601,63,51,595,96,45
52.300041,3090,434,15900,575,82,44,569,115,38
52.310039,3091,567,16014,521,109,40,515,142,34
52.320038,3084,609,16056,480,107,36,474,140,30
52.330039,3120,716,16086,379,82,30,373,115,24
52.340080,3130,824,16133,327,63,32,321,96,26
52.350041,3122,800,16159,275,41,35,269,74,29
52.360042,3164,781,16167,199,-5,39,193,28,33
52.370041,3159,764,16161,180,-28,42,174,5,36
52.380041,3126,643,16005,142,-55,36,136,-22,30
52.390040,3131,586,15914,137,-47,33,131,-14,27
52.400043,3129,557,15854,162,0,31,156,33,25
52.410038,3126,552,15892,186,28,28,180,61,22
52.420042,3127,595,15959,213,48,22,207,81,16
52.430038,3045,695,16058,260,60,12,254,93,6
52.440067,3041,728,16083,269,53,4,263,86,-2
52.450038,3047,767,16136,266,26,-22,260,59,-28
52.460041,3070,825,16123,263,11,-36,257,44,-42
52.470037,3068,827,16092,261,-3,-44,255,30,-50
52.480041,3077,878,15961,248,-13,-53,242,20,-59
52.490037,3064,862,15925,246,-2,-53,240,31,-59
52.500041,3059,829,15966,258,28,-44,252,61,-50
52.510038,3107,881,16013,263,36,-39,257,69,-45
52.520038,3157,976,16036,274,30,-42,268,63,-48
52.530038,3165,1020,16048,287,25,-57,281,58,-63
52.540072,3140,998,16029,310,21,-68,304,54,-74
52.550038,3165,1067,15965,358,25,-90,352,58,-96
52.560041,3200,1023,15936,381,34,-101,375,67,-107
52.570038,3187,1082,15911,432,63,-109,426,96,-115
52.580041,3143,1159,15931,451,81,-115,445,114,-121
52.590037,3105,1145,15944,396,111,-101,390,144,-107
52.602247,2991,1129,15980,362,118,-101,356,151,-107
52.610075,2913,1101,15986,332,126,-102,326,159,-108
52.620043,2818,1072,16056,315,136,-116,309,169,-122
52.630038,2770,1079,16108,317,138,-119,311,171,-125
52.640148,2692,1199,16163,315,123,-106,309,156,-112
52.650036,2716,1228,16169,313,110,-96,307,143,-102
52.660036,2746,1260,16163,272,70,-87,266,103,-93
52.670033,2702,1304,16042,236,65,-82,230,98,-88
52.680036,2740,1273,16001,227,66,-89,221,99,-95
52.690032,2804,1346,16003,247,86,-98,241,119,-104
52.700036,2834,1385,16008,259,95,-99,253,128,-105
52.710032,2870,1411,15993,301,120,-89,295,153,-95
52.720034,2913,1433,15961,335,137,-87,329,170,-93
52.730032,2924,1445,15945,373,157,-86,367,190,-92
52.740180,2871,1600,15966,442,193,-81,436,226,-87
52.750040,2825,1687,15996,458,201,-77,452,234,-83
52.760042,2781,1795,16039,453,200,-52,447,233,-58
52.770039,2786,1833,16054,436,193,-30,430,226,-36
52.780041,2765,1873,16064,383,167,43,377,200,37
52.790038,2750,1975,16102,345,148,82,339,181,76
52.800040,2695,2126,16136,284,118,117,278,151,111
52.810038,2721,2132,16129,133,39,221,127,72,215
52.820039,2640,2229,16106,68,7,246,62,40,240
52.830038,2572,2171,16111,-62,-63,222,-68,-30,216
52.840070,2555,2064,16104,-124,-95,198,-130,-62,192
52.850038,2552,1982,16074,-221,-146,145,-227,-113,139
52.860040,2659,1872,16066,-251,-162,130,-257,-129,124
52.870038,2711,1863,16047,-273,-174,119,-279,-141,113
52.880041,2743,1732,15992,-283,-181,103,-289,-148,97
52.890037,2776,1622,15962,-264,-171,97,-270,-138,91
52.900041,2790,1510,15923,-185,-132,78,-191,-99,72
52.910037,2797,1518,15922,-137,-108,64,-143,-75,58
52.920038,2781,1527,15939,-40,-58,28,-46,-25,22
52.930038,2788,1519,15952,-1,-39,11,-7,-6,5
52.940072,2766,1538,15957,31,-23,-5,25,10,-11
52.950039,2779,1620,15996,71,-3,-27,65,30,-33
52.960041,2781,1690,16011,78,1,-41,72,34,-47
52.970065,2695,1732,16020,78,2,-71,72,35,-77
52.980091,2719,1747,16037,65,-4,-79,59,29,-85
52.990146,2708,1751,16059,16,-28,-79,10,5,-85
53.002232,2726,1698,16058,-10,-43,-68,-16,-10,-74
53.010063,2730,1675,16051,-35,-54,-54,-41,-21,-60
53.020039,2748,1614,16012,-54,-62,-34,-60,-29,-40
53.030074,2763,1584,16002,-50,-59,-26,-56,-26,-32
53.040236,2776,1600,15974,-28,-47,-17,-34,-14,-23
53.050033,2776,1606,15971,-18,-42,-14,-24,-9,-20
53.060040,2787,1596,15961,-5,-35,-14,-11,-2,-20
53.070037,2715,1623,15769,24,-21,-16,18,12,-22
53.080034,2857,1597,16159,44,-11,-16,38,22,-22
53.090031,2800,1524,15984,125,33,-15,119,66,-21
53.100040,2733,1569,15814,154,45,-29,148,78,-35
53.110038,2783,1679,15957,159,49,-46,153,82,-52
53.120081,2836,1713,16124,157,48,-38,151,81,-44
53.130139,2822,1739,16003,169,54,-37,163,87,-43
53.140079,2708,1794,15877,191,65,-37,185,98,-43
53.150050,2730,1769,16046,190,64,-35,184,97,-41
53.160059,2804,1767,16199,189,62,-16,183,95,-22
53.170013,2765,1964,15901,122,29,18,116,62,12
53.180012,2761,1851,15947,98,15,36,92,48,30
53.190010,2911,2107,16125,63,0,59,57,33,53
53.200016,2847,1969,15984,37,-9,71,31,24,65
53.210033,2795,2010,15963,37,-11,51,31,22,45
53.220012,2872,2101,15987,22,-18,54,16,15,48
53.230013,2856,2142,15989,1,-30,55,-5,3,49
53.240017,2630,1866,15923,0,-34,47,-6,-1,41
53.250012,2598,1769,15941,4,-33,39,-2,0,33
53.260012,2681,1888,16099,23,-25,37,17,8,31
53.270012,2663,1930,16058,17,-28,35,11,5,29
53.280017,2608,1811,16008,3,-36,24,-3,-3,18
53.290011,2607,1816,16062,4,-33,24,-2,0,18
53.300012,2589,1844,16091,0,-36,25,-6,-3,19
53.310012,2551,1774,16019,-8,-40,23,-14,-7,17
53.320022,2587,1764,16014,-9,-40,23,-15,-7,17
53.330011,2635,1809,16058,-8,-39,28,-14,-6,22
53.340012,2648,1780,16026,-13,-41,30,-19,-8,24
53.350012,2678,1770,15997,-10,-38,22,-16,-5,16
53.360012,2692,1804,16048,0,-33,18,-6,0,12
53.370012,2679,1848,16060,0,-33,17,-6,0,11
53.380011,2655,1889,15984,-2,-33,19,-8,0,13
53.390012,2661,1878,15997,-5,-34,22,-11,-1,16
53.400012,2690,1839,16035,-8,-37,34,-14,-4,28
53.410011,2700,1813,16010,-9,-38,35,-15,-5,29
53.420010,2707,1803,16006,-6,-37,32,-12,-4,26
53.430012,2703,1821,16033,-3,-35,31,-9,-2,25
53.440012,2696,1832,16014,0,-34,26,-6,-1,20
53.450011,2680,1846,16004,6,-29,15,0,4,9
53.460010,2673,1855,16039,11,-26,12,5,7,6
53.470012,2677,1863,16023,9,-25,6,3,8,0
53.480011,2676,1845,15999,5,-25,5,-1,8,-1
53.490011,2697,1838,15996,2,-26,2,-4,7,-4
53.500011,2700,1830,15998,0,-28,1,-6,5,-5
53.510011,2731,1830,16001,0,-31,0,-6,2,-6
53.520016,2799,1811,15991,-4,-32,-7,-10,1,-13
53.530010,2855,1779,15995,-3,-34,-18,-9,-1,-24
53.540012,2673,1926,16024,11,-27,-9,5,6,-15
53.550012,2674,1886,16013,8,-29,-3,2,4,-9
53.560012,2686,1842,16011,7,-28,0,1,5,-6
53.570011,2688,1859,16015,3,-30,2,-3,3,-4
53.580011,2682,1836,16007,0,-32,3,-6,1,-3
53.590012,2664,1881,16016,-2,-32,2,-8,1,-4
53.600011,2666,1885,16019,-3,-33,2,-9,0,-4
53.610012,2672,1882,16044,-1,-33,0,-7,0,-6
53.620011,2678,1882,16031,-2,-34,0,-8,-1,-6
53.630012,2680,1874,16018,-5,-33,0,-11,0,-6
53.640011,2698,1868,16009,-5,-34,0,-11,-1,-6
53.650012,2701,1873,16014,-7,-35,0,-13,-2,-6
53.660012,2705,1851,16021,-7,-35,0,-13,-2,-6
53.670012,2699,1846,16020,-8,-36,0,-14,-3,-6
53.680026,2702,1841,16016,-9,-36,0,-15,-3,-6
53.690013,2708,1843,16020,-8,-36,0,-14,-3,-6
53.700012,2714,1846,16022,-9,-36,0,-15,-3,-6
53.710012,2703,1855,16019,-8,-35,1,-14,-2,-5
53.720020,2694,1877,16020,-7,-35,0,-13,-2,-6
53.730010,2705,1876,16004,-5,-33,0,-11,0,-6
53.740011,2713,1887,16009,-5,-33,0,-11,0,-6
53.750011,2716,1906,16015,-4,-32,0,-10,1,-6
53.760012,2732,1924,16009,-3,-30,0,-9,3,-6
53.770011,2740,1942,16010,-1,-29,-2,-7,4,-8
53.780012,2723,1914,16027,-4,-30,-9,-10,3,-15
53.790012,2695,1866,16019,-5,-31,-11,-11,2,-17
53.800012,2667,1834,16039,-3,-30,-7,-9,3,-13
53.810011,2679,1854,16044,-4,-31,-5,-10,2,-11
53.820012,2690,1859,16032,-3,-31,-5,-9,2,-11
53.830011,2673,1855,16005,-3,-31,-4,-9,2,-10
53.840012,2677,1845,16004,-6,-34,-4,-12,-1,-10
53.850012,2691,1827,16006,-11,-36,-5,-17,-3,-11
53.860011,2694,1815,16008,-10,-36,-6,-16,-3,-12
53.870011,2686,1814,16019,-3,-32,-9,-9,1,-15
53.880011,2678,1846,16027,-2,-31,-10,-8,2,-16
53.890010,2675,1856,16024,-3,-32,-9,-9,1,-15
53.900012,2678,1870,16028,-2,-33,-8,-8,0,-14
53.910012,2660,1868,16044,-3,-33,-6,-9,0,-12
53.920016,2660,1854,16033,-8,-33,-5,-14,0,-11
53.930010,2663,1861,16022,-6,-34,-5,-12,-1,-11
53.940011,2668,1858,16027,-5,-34,-4,-11,-1,-10
53.950011,2681,1852,16037,-4,-34,-3,-10,-1,-9
53.960011,2673,1851,16034,-5,-34,-2,-11,-1,-8
53.970011,2687,1854,16037,-6,-34,-3,-12,-1,-9
53.980012,2689,1849,16033,-6,-33,-1,-12,0,-7
53.990010,2686,1843,16027,-7,-33,-1,-13,0,-7
54.000012,2688,1836,16027,-6,-33,-1,-12,0,-7
54.010011,2693,1831,16032,-7,-34,0,-13,-1,-6
54.020010,2696,1836,16030,-8,-35,-1,-14,-2,-7
54.030011,2699,1841,16025,-7,-35,-2,-13,-2,-8
54.040010,2680,1853,16031,-7,-35,-3,-13,-2,-9
54.050011,2678,1877,16034,-6,-36,-3,-12,-3,-9
54.060011,2662,1871,16041,-7,-34,-3,-13,-1,-9
54.070013,2672,1876,16045,-6,-34,-4,-12,-1,-10
54.080012,2680,1879,16046,-9,-35,-3,-15,-2,-9
54.090010,2705,1870,16033,-10,-35,-4,-16,-2,-10
54.100011,2716,1869,16018,-12,-36,-4,-18,-3,-10
